<?xml version="1.0" encoding="utf-8" standalone="no"?>
<vehicle type="hookLiftContainerTrailer" xmlns:xsi="http://www.w3.org/2001/XMLSchema-instance" xsi:noNamespaceSchemaLocation="https://validation.gdn.giants-software.com/xml/fs22/vehicle.xsd">
    <annotation>Copyright (C) GIANTS Software GmbH, All Rights Reserved.</annotation>

    <storeData>
        <name>
			<en>Skip Container</en>
            <de>Mulde</de>            
		</name>
        <functions>
            <function>$l10n_function_hookLiftContainer</function>
        </functions>
		<specs>
            <combination>ITR 26.33 HD</combination>
        </specs>
        <image>store/store_containerDumper.png</image>
        <price>8500</price>
        <lifetime>600</lifetime>
        <rotation>0</rotation>
        <brand>ITRUNNER</brand>
        <category>ITRunnerPack</category>
    </storeData>

    <base>
        <typeDesc>$l10n_typeDesc_container</typeDesc>
        <filename>i3d/containerDumper.i3d</filename>
        <size width="3.5" length="8.5" lengthOffset="0.5"/>
        <components maxMass="18000">
            <component centerOfMass="0 0.2 0" solverIterationCount="10" mass="2000"/>
        </components>
        <schemaOverlay attacherJointPosition="0 0" name="IMPLEMENT" />
    </base>

    <wheels>
        <wheelConfigurations>
            <wheelConfiguration>
                <wheels autoRotateBackSpeed="2.0">
                    <wheel>
                        <physics tipOcclusionAreaGroupId="1" restLoad="1.0" repr="wheelLeft" radius="0.085" width="0.5" mass="0.02" initialCompression="50" suspTravel="0.05" spring="300" damper="100" frictionScale="0.8"/>
                    </wheel>
                    <wheel>
                        <physics tipOcclusionAreaGroupId="1" restLoad="1.0" repr="wheelRight" radius="0.085" width="0.5" mass="0.02" initialCompression="50" suspTravel="0.05" spring="300" damper="100" frictionScale="0.8"/>
                    </wheel>
                </wheels>
            </wheelConfiguration>
        </wheelConfigurations>
    </wheels>

    <attachable>
        <inputAttacherJoints>
            <inputAttacherJoint node="attacherJoint" jointType="hookLift" allowsJointRotLimitMovement="false" forceSelectionOnAttach="false" upperRotationOffset="0"/>
        </inputAttacherJoints>
    </attachable>

    <animations>
        <animation name="tipAnimationBack">
            <part node="door" startTime="0" endTime="4" startRot="0 0 0" endRot="90 0 0" tangentType="spline"/>
			<part node="grainNorm" startTime="0" endTime="4" startRot="0 0 0" endRot="35 0 0" tangentType="spline"/>
			
			<sound template="clackVar2"     startTime="0.35" direction="0"   volumeScale="1.0" pitchScale="1.7"/>
            <sound template="metalOpen"     startTime="5.59" direction="1"   volumeScale="2.5" pitchScale="0.4"/>
            <sound template="metalOpen"     startTime="5.59" direction="1"   volumeScale="2.0" pitchScale="0.8"/>
            <sound template="clackVar6"     startTime="5.8"  direction="1"   volumeScale="2"   pitchScale="0.6"/>
            <sound template="metalClose"    startTime="0.35" direction="1"   volumeScale="3.0" pitchScale="0.3"/>
            <sound template="metalOpen"     startTime="0.55" direction="-1"  volumeScale="2.5" pitchScale="0.5"/>
            <sound template="metalClose"    startTime="0.51" direction="-1"  volumeScale="2.0" pitchScale="1.1"/>
            <sound template="latchSmall"    startTime="0.50" direction="-1"  volumeScale="0.1" pitchScale="0.6"/>
            <sound template="clackVar6"     startTime="0.50" direction="-1"  volumeScale="1.4" pitchScale="0.6"/>
            <sound template="cylinderPunch" startTime="0.50" direction="-1"  volumeScale="0.8" pitchScale="1"/>
        </animation>
    </animations>

    <cylindered>
        <movingTools>
            <movingTool node="door" playSound="true">
                <dependentPart node="doorHydr"/>
            </movingTool>
        </movingTools>
        <movingParts>
            <movingPart node="doorHydr" referencePoint="doorHydrRef" referenceFrame="containerDumper_main_component1">
                <translatingPart node="doorHydrPunch"/>
                <dependentPart node="pipe1"/>
                <dependentPart node="pipe2"/>
            </movingPart>
            <movingPart node="pipe1" referencePoint="pipe1Ref" referenceFrame="pipeRefFrame" scaleZ="true"/>
            <movingPart node="pipe2" referencePoint="pipe2Ref" referenceFrame="pipeRefFrame" scaleZ="true"/>
        </movingParts>
        <sounds>
            <actionSound template="defaultHydraulicSound" pitchScale="1.1" volumeScale="0.5" linkNode="doorHydr" 	actionNames="TRANSLATING_POS TRANSLATING_NEG" 	nodes="doorHydr"/>
        </sounds>
    </cylindered>

    <fillUnit>
        <fillUnitConfigurations>
            <fillUnitConfiguration>
                <fillUnits>
                    <fillUnit shopDisplayUnit="CUBICMETER" fillTypeCategories="bulk" capacity="18000" >
                        <exactFillRootNode node="exactFillRootNode"/>
                        <autoAimTargetNode node="fillAutoAimTargetNode" startZ="2.2" endZ="-4.0" invert="false" startPercentage="25"/>
                    </fillUnit>
                </fillUnits>
            </fillUnitConfiguration>
        </fillUnitConfigurations>
    </fillUnit>

    <fillVolume>
        <fillVolumeConfigurations>
            <fillVolumeConfiguration>
                <volumes>
                    <volume node="fillVolume" fillUnitIndex="1" maxDelta="0.23" maxAllowedHeapAngle="18"/>
                </volumes>
            </fillVolumeConfiguration>
        </fillVolumeConfigurations>
        <unloadInfos>
            <unloadInfo>
                <node node="fillVolumeHeightNode1" width="1.0" length="2.6" minHeight="0.7" priority="2"/>
                <node node="fillVolumeHeightNode2" width="1.0" length="2.6" minHeight="0.7" priority="2"/>
                <node node="fillVolumeHeightNode3" width="1.0" length="8.6"/>
                <node node="fillVolumeHeightNode4" width="1.0" length="8.6"/>
            </unloadInfo>
        </unloadInfos>
        <heightNodes>
            <heightNode>
                <refNode node="fillVolumeHeightNode1"/>
                <refNode node="fillVolumeHeightNode2"/>
                <refNode node="fillVolumeHeightNode3"/>
                <refNode node="fillVolumeHeightNode4"/>
                <node node="grainNorm" baseScale="1 1 1" scaleAxis="0 0 0" transAxis="0 0.9 0"/>
            </heightNode>
        </heightNodes>
    </fillVolume>
	
	<dischargeable>
        <dischargeNode node="dischargeNodeBack" emptySpeed="2107" fillUnitIndex="1" unloadInfoIndex="1" allowAIDischarge="true">
            <info width="2.3" length="0.5" zOffset="-1" />
            <effects>
                <effectNode effectClass="TipEffect">
                    <effectNode effectNode="grainNorm" materialType="unloading"  fadeTime="0.5" extraDistanceNode="dischargeNodeBack" extraDistance="0.2"/>
                </effectNode>
				<effectNode effectNode="smokeNorm" materialType="unloadingSmoke" fadeTime="0.5"/>
            </effects>
        </dischargeNode>
    </dischargeable>

    <trailer>
        <trailerConfigurations>
            <trailerConfiguration name="$l10n_configuration_valueDefault" price="0">
                <trailer>
                    <tipSide name="$l10n_info_tipSideBack" dischargeNodeIndex="1">
                        <animation name="tipAnimationBack" speedScale="1.0" startTipTime="0.8"/>
                    </tipSide>
                </trailer>
            </trailerConfiguration>
        </trailerConfigurations>
    </trailer>

    <foliageBending>
        <bendingNode minX="-1.35" maxX="1.35" minZ="-3.2" maxZ="4.1" yOffset="-0.05"/>
    </foliageBending>

    <baseMaterial>
        <material name="containerDumper_mat" baseNode="container_vis">
            <shaderParameter name="colorMat0" value="ITRUNNER_RED1"/>
        </material>
    </baseMaterial>
	
	<baseMaterialConfigurations price="50" useDefaultColors="true" defaultColorIndex="0">
        <baseMaterialConfiguration name="$l10n_ui_color_MATTE_ITRUNNER_RED1" 		color="ITRUNNER_RED1"/>
		<baseMaterialConfiguration name="$l10n_ui_color_MATTE_ITRUNNER_RED2" 		color="ITRUNNER_RED2" 		material="1" price="250"/>
		<baseMaterialConfiguration name="$l10n_ui_color_MATTE_ITRUNNER_BROWN_1" 	color="ITRUNNER_BROWN_1"	material="1" price="250"/>
		<baseMaterialConfiguration name="$l10n_ui_color_MATTE_ITRUNNER_BLUE1" 		color="ITRUNNER_BLUE1" 		material="1" price="250"/>
		<baseMaterialConfiguration name="$l10n_ui_color_MATTE_ITRUNNER_BLUE_1" 		color="ITRUNNER_BLUE_1" 	material="1" price="250"/>
		<baseMaterialConfiguration name="$l10n_ui_color_MATTE_ITRUNNER_GREEN1" 		color="ITRUNNER_GREEN1" 	material="1" price="250"/>
		<baseMaterialConfiguration name="$l10n_ui_color_MATTE_ITRUNNER_GREEN2" 		color="ITRUNNER_GREEN2" 	material="1" price="250"/>
		<baseMaterialConfiguration name="$l10n_ui_color_MATTE_ITRUNNER_GREEN3" 		color="ITRUNNER_GREEN3" 	material="1" price="250"/>
		<baseMaterialConfiguration name="$l10n_ui_color_MATTE_ITRUNNER_GREEN4" 		color="ITRUNNER_GREEN4" 	material="1" price="250"/>
		<baseMaterialConfiguration name="$l10n_ui_color_MATTE_ITRUNNER_GREEN5" 		color="ITRUNNER_GREEN5" 	material="1" price="250"/>
		<baseMaterialConfiguration name="$l10n_ui_color_MATTE_ITRUNNER_WHITE1" 		color="ITRUNNER_WHITE1" 	material="1" price="250"/>
		<baseMaterialConfiguration name="$l10n_ui_color_MATTE_ITRUNNER_YELLOW1" 	color="ITRUNNER_YELLOW1"	material="1" price="250"/>		
        <material name="containerDumper_mat" shaderParameter="colorMat0" />
    </baseMaterialConfigurations>

    <wearable wearDuration="480" workMultiplier="5" fieldMultiplier="2"/>
    <washable dirtDuration="90" washDuration="1" workMultiplier="3" fieldMultiplier="2"/>
	
    <i3dMappings>
        <i3dMapping id="containerDumper_main_component1" node="0>"/>
        <i3dMapping id="wheelLeft" node="0>0"/>
        <i3dMapping id="wheelRight" node="0>1"/>
        <i3dMapping id="attacherJoint" node="0>2"/>
        <i3dMapping id="container_vis" node="0>3"/>
        <i3dMapping id="door" node="0>3|0"/>
        <i3dMapping id="doorHydrRef" node="0>3|0|0"/>
        <i3dMapping id="doorHydr" node="0>3|1"/>
        <i3dMapping id="doorHydrPunch" node="0>3|1|0"/>
        <i3dMapping id="pipe1Ref" node="0>3|1|1"/>
        <i3dMapping id="pipe2Ref" node="0>3|1|2"/>
        <i3dMapping id="pipe1" node="0>3|2|0"/>
        <i3dMapping id="pipe2" node="0>3|2|1"/>
        <i3dMapping id="pipeRefFrame" node="0>3|2|2"/>
        <i3dMapping id="fillVolume" node="0>3|3|0"/>
        <i3dMapping id="grainNorm" node="0>3|4|0"/>
        <i3dMapping id="smokeNorm" node="0>3|4|1"/>
        <i3dMapping id="dischargeNodeBack" node="0>3|5"/>
        <i3dMapping id="fillVolumeHeightNode1" node="0>3|6|0"/>
        <i3dMapping id="fillVolumeHeightNode2" node="0>3|6|1"/>
        <i3dMapping id="fillVolumeHeightNode3" node="0>3|6|2"/>
        <i3dMapping id="fillVolumeHeightNode4" node="0>3|6|3"/>
        <i3dMapping id="exactFillRootNode" node="0>4"/>
        <i3dMapping id="fillAutoAimTargetNode" node="0>5"/>
    </i3dMappings>

</vehicle>
