<?xml version="1.0" encoding="utf-8" standalone="no"?>
<vehicle type="hookLiftContainerTrailerSpreader" xmlns:xsi="http://www.w3.org/2001/XMLSchema-instance" xsi:noNamespaceSchemaLocation="https://validation.gdn.giants-software.com/xml/fs22/vehicle.xsd">
    <annotation>Copyright (C) GIANTS Software GmbH, All Rights Reserved.</annotation>

    <storeData>
        <name>Fortis 2000</name>
        <specs>
            <neededPower>170</neededPower>
            <workingWidth>15</workingWidth>
        </specs>
        <functions>
            <function>$l10n_function_hookLiftContainer</function>
            <function>$l10n_function_manureSpreader</function>
        </functions>
		<specs>
            <combination>ITR 26.33 HD</combination>
        </specs>
        <image>store/store_containerManureSpreader.png</image>
        <price>38000</price>
        <lifetime>600</lifetime>
        <rotation>0</rotation>
        <brand>FARMTECH</brand>
        <category>ITRunnerPack</category>
    </storeData>

    <base>
        <typeDesc>$l10n_typeDesc_manureSpreader</typeDesc>
        <filename>i3d/containerManureSpreader.i3d</filename>
        <size width="3.5" length="9.5"/>
        <components>
            <component centerOfMass="0 0.7 0" solverIterationCount="10" mass="2200"/>
        </components>
        <schemaOverlay attacherJointPosition="0 0" name="IMPLEMENT" />
        <speedLimit value="20"/>
    </base>

    <wheels>
        <wheelConfigurations>
            <wheelConfiguration>
                <wheels autoRotateBackSpeed="2.0">
                    <wheel>
                        <physics tipOcclusionAreaGroupId="1" restLoad="1.0" repr="wheelLeft" radius="0.085" width="0.5" mass="0.02" initialCompression="50" suspTravel="0.05" spring="300" damper="100" frictionScale="0.8"/>
                    </wheel>
                    <wheel>
                        <physics tipOcclusionAreaGroupId="1" restLoad="1.0" repr="wheelRight" radius="0.085" width="0.5" mass="0.02" initialCompression="50" suspTravel="0.05" spring="300" damper="100" frictionScale="0.8"/>
                    </wheel>
                </wheels>
            </wheelConfiguration>
        </wheelConfigurations>
    </wheels>

    <attachable>
        <inputAttacherJoints>
            <inputAttacherJoint node="attacherJoint" jointType="hookLift" allowsJointRotLimitMovement="false" forceSelectionOnAttach="false" upperRotationOffset="0"/>
        </inputAttacherJoints>
    </attachable>

    <powerConsumer ptoRpm="450" neededMaxPtoPower="30"/>
	
    <lights>
        <realLights>
            <high>
                <light node="backLightsHigh1" lightTypes="0"/>
				<light node="licensePlateLightHigh" lightTypes="0"/>
                <turnLightLeft node="turnLightLeftBack"/>
                <turnLightRight node="turnLightRightBack"/>
                <brakeLight node="backLightsHigh1"/>
            </high>
        </realLights>
        <sharedLight linkNode="rear4ChamberLight01Left" filename="$data/shared/assets/lights/lizard/rearLight13_left.xml"/>
        <sharedLight linkNode="rear4ChamberLight01Right" filename="$data/shared/assets/lights/lizard/rearLight13_right.xml"/>
        <sharedLight linkNode="sideMarker_01Left" filename="$data/shared/assets/lights/lizard/sideMarker01_left.xml"/>
        <sharedLight linkNode="sideMarker_01Right" filename="$data/shared/assets/lights/lizard/sideMarker01_right.xml"/>
    </lights>

    <workAreas>
        <workArea type="sprayer" functionName="processSprayerArea" disableBackwards="false" requiresGroundContact="false" >
            <area startNode="workAreaStart" widthNode="workAreaWidth" heightNode="workAreaHeight" />
            <onlyActiveWhenLowered value="false"/>
        </workArea>
    </workAreas>
	
	<sprayer fillUnitIndex="1" unloadInfoIndex="1" fillVolumeIndex="1" fillVolumeDischargeScrollSpeed="0 0 0.03">
        <usageScales workingWidth="15.0" scale="1"/>
        <effects>
            <effectNode effectClass="TypedMotionPathEffect" effectType="MANURE_SPREADER" linkNode="manureEffectNode">
                <motionPathEffect textureFilename="$data/vehicles/brantner/ta12050/manureEffectWideArray.dds" numRows="28" rowLength="24" />
            </effectNode>

            <effectNode effectClass="ParticleEffect" effectNode="smokeEmitter" particleType="smoke" materialType="smokeParticle" worldSpace="false" emitCountScale="0.3" spriteScale="0.5"/>
        </effects>
        <animationNodes>
            <animationNode node="backRotorRight" rotAxis="3" rotSpeed="1200"  turnOnFadeTime="1" turnOffFadeTime="2"/>
            <animationNode node="backRotorLeft" rotSpeed="-1200" rotAxis="3" turnOnFadeTime="1" turnOffFadeTime="2"/>
            <animationNode node="rotorTop" rotSpeed="800" rotAxis="1" turnOnFadeTime="1" turnOffFadeTime="2"/>
            <animationNode node="rotorMiddle" rotSpeed="-800" rotAxis="1" turnOnFadeTime="1" turnOffFadeTime="2"/>
            <animationNode node="rotorBottom" rotSpeed="800" rotAxis="1" turnOnFadeTime="1" turnOffFadeTime="2"/>
			<animationNode class="ScrollingAnimation" node="chains" scrollSpeed="0.05" />
        </animationNodes>
        <turnedAnimation name="unloadingAnim" turnOnSpeedScale="1" turnOffSpeedScale="-15" externalFill="false"/>
    </sprayer>
	
	<foldable>
        <foldingConfigurations>
            <foldingConfiguration>
                <foldingParts startAnimTime="1" turnOnFoldDirection="-1" turnOnFoldMinLimit="0" turnOnFoldMaxLimit="0.5">
				<foldingPart animationName="openBackDoor" speedScale="1" />
			</foldingParts>
            </foldingConfiguration>
        </foldingConfigurations>
    </foldable>

    <animations>
        <animation name="openBackDoor">
            <part node="backDoorRot1" startTime="0" endTime="1.5" startTrans="0 1.8 0" endTrans="0 0 0"/>
			
			<sound template="clackVar6"     startTime="1.99" direction="1" volumeScale="1" pitchScale="1" />
            <sound template="cylinderPunch" startTime="1.99" direction="1" volumeScale="1" pitchScale="1" />
            <sound template="clackVar6"     startTime="1.99" direction="-1" volumeScale="1" pitchScale="0.7" />
            <sound template="cylinderPunch" startTime="0.01" direction="-1" volumeScale="0.9" pitchScale="0.7" />
            <sound template="clackVar6"     startTime="0.01" direction="-1" volumeScale="1.2" pitchScale="0.8" />
            <sound template="cylinderPunch" startTime="0.01" direction="1" volumeScale="0.5" pitchScale="2" />
        </animation>
        <animation name="unloadingAnim">
            <part node="mover" startTime="0" endTime="329" startTrans="0 0 0" endTrans="0 0 -4.3"/>
            <part node="chains" startTime="0" endTime="329"/>
            <part node="chainRollBack" startTime="0" endTime="329" startRot="0 0 0" endRot="-2100 0 0"/>
            <part node="chainRollFront" startTime="0" endTime="329" startRot="0 0 0" endRot="-2100 0 0"/>
            <part node="deformerLeft" startTime="0" endTime="329" startTrans="1.11 2.8 -2.83" endTrans="1.11 2.8 -2.82"/>
            <part node="deformerRight" startTime="0" endTime="329" startTrans="-1.11 2.8 -2.83" endTrans="-1.11 2.8 -2.82"/>
			
			<sound template="dischargeStart" startTime="0.1" direction="1"  volumeScale="0.5" pitchScale="1.2"/>
        </animation>
    </animations>
	
	<cylindered>
        <movingTools>
            <movingTool node="backDoorRot1" playSound="true"/>
			<dependentPart node="backDoorRot"/>
        </movingTools>

        <sounds>
            <actionSound template="defaultHydraulicSound" pitchScale="0.5" volumeScale="0.4" 	linkNode="backDoorRot"	actionNames="TRANSLATING_NEG" 					nodes="backDoorRot1"/>
            <actionSound template="hydraulicLayerTone"    pitchScale="0.7" volumeScale="1" 		linkNode="backDoorRot"	actionNames="TRANSLATING_POS TRANSLATING_NEG" 	nodes="backDoorRot1">
                <pitch dropOffFactor="1.1" dropOffTime="0.2" />
            </actionSound>
			
			<actionSound template="cylinderPunch" pitchScale="0.7" linkNode="backDoorRot" actionNames="TRANSLATING_END_NEG" nodes="backDoorRot1"/>
        </sounds>
    </cylindered>
	
	
	
    <fillUnit>
        <fillUnitConfigurations>
            <fillUnitConfiguration name="$l10n_configuration_valueDefault" price="0">
                <fillUnits>
                    <fillUnit shopDisplayUnit="CUBICMETER" fillTypeCategories="manureSpreader" capacity="32000" >
                        <exactFillRootNode node="exactFillRootNode"/>
                    </fillUnit>
                </fillUnits>
            </fillUnitConfiguration>
        </fillUnitConfigurations>
    </fillUnit>

    <fillVolume>
        <fillVolumeConfigurations>
            <fillVolumeConfiguration>
                <volumes>
                    <volume node="fillVolume" fillUnitIndex="1">
                        <deformNode node="deformerLeft"/>
                        <deformNode node="deformerRight"/>
                    </volume>
                </volumes>
            </fillVolumeConfiguration>
        </fillVolumeConfigurations>
    </fillVolume>

    <turnOnVehicle turnOffIfNotAllowed="true">
        <turnedAnimation name="unloadingAnim" turnOnSpeedScale="1" turnOffSpeedScale="-15"/>
        <sounds>
            <work template="dischargeLoop" fadeIn="0.4" fadeOut="1.7" volumeScale="0.7" pitchScale="1.2"/>
            <work template="manureFill" pitchScale="1.0" volumeScale="2" fadeIn="0.01" fadeOut="1.1"/>
        </sounds>
    </turnOnVehicle>

    <foliageBending>
        <bendingNode minX="-1.35" maxX="1.35" minZ="-4.1" maxZ="4.1" yOffset="0.65"/>
    </foliageBending>

    <baseMaterial>
        <material name="containerManureSpreader_mat" baseNode="spreader_vis">
            <shaderParameter name="colorMat0" value="FARMTECH_GREEN1"/>
            <shaderParameter name="colorMat1" value="FARMTECH_RED1"/>
            <shaderParameter name="colorMat3" value="FARMTECH_YELLOW1"/>
        </material>
    </baseMaterial>

    <wearable wearDuration="480" workMultiplier="5" fieldMultiplier="2"/>
    <washable dirtDuration="90" washDuration="1" workMultiplier="3" fieldMultiplier="2"/>
	
    <ai>
        <allowTurnBackward value="false"/>
        <areaMarkers leftNode="aiLeftMarker" rightNode="aiRightMarker" backNode="aiBackMarker"/>
    </ai>
	
	<licensePlates>
        <licensePlate node="licensePlateBack" position="BACK" preferedType="SQUARISH" placementArea="0.11 0.19 0.11 0.15"/>
    </licensePlates>

    <i3dMappings>
        <i3dMapping id="farmtechSpreader_main_component1" node="0>"/>
        <i3dMapping id="spreader_vis" node="0>0"/>
        <i3dMapping id="attacherJoint" node="0>0|0"/>
        <i3dMapping id="wheelRight" node="0>0|1|0"/>
        <i3dMapping id="wheelLeft" node="0>0|1|1"/>
        <i3dMapping id="backDoorRot" node="0>0|2"/>
        <i3dMapping id="backDoorRot1" node="0>0|2|0"/>
        <i3dMapping id="mover" node="0>0|3|0"/>
        <i3dMapping id="fillVolume" node="0>0|3|0|0"/>
        <i3dMapping id="backRotorRight" node="0>0|4|0|0"/>
        <i3dMapping id="backRotorLeft" node="0>0|4|0|1"/>
        <i3dMapping id="rotorTop" node="0>0|4|1"/>
        <i3dMapping id="rotorMiddle" node="0>0|4|2"/>
        <i3dMapping id="rotorBottom" node="0>0|4|3"/>
        <i3dMapping id="chainRollBack" node="0>0|5|0"/>
        <i3dMapping id="chainRollFront" node="0>0|5|1"/>
        <i3dMapping id="chains" node="0>0|5|2"/>
        <i3dMapping id="rear4ChamberLight01Left" node="0>0|6|0|0"/>
        <i3dMapping id="rear4ChamberLight01Right" node="0>0|6|0|1"/>
        <i3dMapping id="sideMarker_01Left" node="0>0|6|0|2"/>
        <i3dMapping id="sideMarker_01Right" node="0>0|6|0|3"/>
        <i3dMapping id="turnLightLeftBack" node="0>0|6|1"/>
        <i3dMapping id="turnLightRightBack" node="0>0|6|2"/>
        <i3dMapping id="backLightsHigh1" node="0>0|6|3"/>
        <i3dMapping id="licensePlateLightHigh" node="0>0|6|4|0"/>
        <i3dMapping id="deformerLeft" node="0>0|7|0"/>
        <i3dMapping id="deformerRight" node="0>0|7|1"/>
        <i3dMapping id="dischargeNode" node="0>0|7|2"/>
        <i3dMapping id="exactFillRootNode" node="0>0|7|3"/>
        <i3dMapping id="workAreaStart" node="0>0|8|0"/>
        <i3dMapping id="workAreaHeight" node="0>0|8|1"/>
        <i3dMapping id="workAreaWidth" node="0>0|8|2"/>
        <i3dMapping id="aiLeftMarker" node="0>0|9|0"/>
        <i3dMapping id="aiRightMarker" node="0>0|9|1"/>
        <i3dMapping id="aiBackMarker" node="0>0|9|2"/>
        <i3dMapping id="licensePlateBack" node="0>0|10|4"/>
        <i3dMapping id="particle" node="0>1"/>
        <i3dMapping id="manureEffectNode" node="0>0|11|0"/>
        <i3dMapping id="smokeEmitter" node="0>0|11|1"/>
    </i3dMappings>
</vehicle>
