<?xml version="1.0" encoding="utf-8" standalone="no"?>
<vehicle type="hookLiftContainerTrailer" xmlns:xsi="http://www.w3.org/2001/XMLSchema-instance" xsi:noNamespaceSchemaLocation="https://validation.gdn.giants-software.com/xml/fs22/vehicle.xsd">
    <annotation>Copyright (C) GIANTS Software GmbH, All Rights Reserved.</annotation>

    <storeData>
        <name>
			<en>Bale Container</en>
			<de>Ballencontainer</de>
        </name>
        
		<functions>
            <function>$l10n_function_hookLiftContainer</function>
            <function>$l10n_function_baleTrailer</function>
        </functions>
        <specs>
            <combination>ITR 26.33 HD</combination>
        </specs>
		<image>store/store_containerBales.png</image>
        <price>7000</price>
        <lifetime>600</lifetime>
        <rotation>0</rotation>
        <brand>ITRUNNER</brand>
        <category>ITRunnerPack</category>
    </storeData>

    <base>
        <typeDesc>$l10n_typeDesc_container</typeDesc>
        <filename>i3d/containerBales.i3d</filename>
        <size width="3.5" length="8.5" lengthOffset="0.3"/>
        <components>
            <component centerOfMass="0 0.2 0" solverIterationCount="10" mass="2000"/>
        </components>
        <schemaOverlay attacherJointPosition="0 0" name="IMPLEMENT" />
    </base>

    <wheels>
        <wheelConfigurations>
            <wheelConfiguration>
                <wheels autoRotateBackSpeed="2.0">
                    <wheel>
                        <physics restLoad="1.0" repr="wheelLeft" radius="0.085" width="0.5" mass="0.02" initialCompression="50" suspTravel="0.05" spring="300" damper="100" frictionScale="0.8"/>
                    </wheel>
                    <wheel>
                        <physics restLoad="1.0" repr="wheelRight" radius="0.085" width="0.5" mass="0.02" initialCompression="50" suspTravel="0.05" spring="300" damper="100" frictionScale="0.8"/>
                    </wheel>
                </wheels>
            </wheelConfiguration>
        </wheelConfigurations>
    </wheels>

    <attachable>
        <inputAttacherJoints>
            <inputAttacherJoint node="attacherJoint" jointType="hookLift" allowsJointRotLimitMovement="false" forceSelectionOnAttach="false" upperRotationOffset="0"/>
        </inputAttacherJoints>
    </attachable>

    <tensionBelts>
        <tensionBeltsConfigurations>
            <tensionBeltsConfiguration>
                <tensionBelts linkNode="tensionBelts" jointNode="containerBales_main_component1" maxEdgeLength="0.1" geometryBias="0.01" ratchetPosition="0.2" defaultOffset="0.1" defaultOffsetSide="0.1" defaultHeight="4" activationTrigger="beltActivationTrigger">
                    <tensionBelt startNode="startPoint01" endNode="startPoint01End" offsetLeft="0.2"/>
                    <tensionBelt startNode="startPoint02" endNode="startPoint02End"/>
                    <tensionBelt startNode="startPoint03" endNode="startPoint03End"/>
                    <tensionBelt startNode="startPoint04" endNode="startPoint04End"/>
                    <tensionBelt startNode="startPoint05" endNode="startPoint05End" offsetRight="0.2"/>
					
					<sounds>
                        <addBelt template="beltOpen" />
                        <removeBelt template="beltClose" />
                    </sounds>
                </tensionBelts>
            </tensionBeltsConfiguration>
        </tensionBeltsConfigurations>
    </tensionBelts>
	
	<fillUnit>
        <fillUnitConfigurations>
            <fillUnitConfiguration>
                <fillUnits>
                    <fillUnit unitTextOverride="$l10n_unit_bale" fillTypes="ROUNDBALE SQUAREBALE" capacity="1" showCapacityInShop="false" showOnHud="false"/>
                </fillUnits>
            </fillUnitConfiguration>
        </fillUnitConfigurations>
    </fillUnit>

    <foliageBending>
        <bendingNode minX="-1.35" maxX="1.35" minZ="-3.5" maxZ="4.1" yOffset="0.2"/>
    </foliageBending>

    <baseMaterial>
        <material name="containerWood_mat" baseNode="container_vis">
            <shaderParameter name="colorMat0" value="ITRUNNER_GREEN3"/>
        </material>
    </baseMaterial>
	
	<baseMaterialConfigurations price="50" useDefaultColors="true" defaultColorIndex="0">
        <baseMaterialConfiguration name="$l10n_ui_color_MATTE_ITRUNNER_GREEN3" 	color="ITRUNNER_GREEN3"/>
		<baseMaterialConfiguration name="$l10n_ui_color_MATTE_ITRUNNER_RED1" 		color="ITRUNNER_RED1"		material="1" price="250"/>
		<baseMaterialConfiguration name="$l10n_ui_color_MATTE_ITRUNNER_RED2" 		color="ITRUNNER_RED2" 		material="1" price="250"/>
		<baseMaterialConfiguration name="$l10n_ui_color_MATTE_ITRUNNER_BROWN_1" 	color="ITRUNNER_BROWN_1"	material="1" price="250"/>
		<baseMaterialConfiguration name="$l10n_ui_color_MATTE_ITRUNNER_BLUE1" 		color="ITRUNNER_BLUE1" 		material="1" price="250"/>
		<baseMaterialConfiguration name="$l10n_ui_color_MATTE_ITRUNNER_BLUE_1" 		color="ITRUNNER_BLUE_1" 	material="1" price="250"/>
		<baseMaterialConfiguration name="$l10n_ui_color_MATTE_ITRUNNER_GREEN1" 		color="ITRUNNER_GREEN1" 	material="1" price="250"/>
		<baseMaterialConfiguration name="$l10n_ui_color_MATTE_ITRUNNER_GREEN2" 		color="ITRUNNER_GREEN2" 	material="1" price="250"/>
		<baseMaterialConfiguration name="$l10n_ui_color_MATTE_ITRUNNER_GREEN4" 		color="ITRUNNER_GREEN4" 	material="1" price="250"/>
		<baseMaterialConfiguration name="$l10n_ui_color_MATTE_ITRUNNER_GREEN5" 		color="ITRUNNER_GREEN5" 	material="1" price="250"/>
		<baseMaterialConfiguration name="$l10n_ui_color_MATTE_ITRUNNER_WHITE1" 		color="ITRUNNER_WHITE1" 	material="1" price="250"/>
		<baseMaterialConfiguration name="$l10n_ui_color_MATTE_ITRUNNER_YELLOW1" 	color="ITRUNNER_YELLOW1"	material="1" price="250"/>		
        <material name="containerWood_mat" shaderParameter="colorMat0" />
    </baseMaterialConfigurations>

    <wearable wearDuration="480" workMultiplier="5" fieldMultiplier="2"/>
    <washable dirtDuration="90" washDuration="1" workMultiplier="3" fieldMultiplier="2"/>
    <i3dMappings>
        <i3dMapping id="containerBales_main_component1" node="0>"/>
        <i3dMapping id="container_vis" node="0>0"/>
        <i3dMapping id="wheelLeft" node="0>0|0"/>
        <i3dMapping id="wheelRight" node="0>0|1"/>
        <i3dMapping id="attacherJoint" node="0>0|2"/>
        <i3dMapping id="tensionBelts" node="0>0|3"/>
        <i3dMapping id="startPoint01" node="0>0|3|1"/>
        <i3dMapping id="startPoint01End" node="0>0|3|1|0"/>
        <i3dMapping id="startPoint02" node="0>0|3|2"/>
        <i3dMapping id="startPoint02End" node="0>0|3|2|0"/>
        <i3dMapping id="startPoint03" node="0>0|3|3"/>
        <i3dMapping id="startPoint03End" node="0>0|3|3|0"/>
        <i3dMapping id="startPoint04" node="0>0|3|4"/>
        <i3dMapping id="startPoint04End" node="0>0|3|4|0"/>
        <i3dMapping id="startPoint05" node="0>0|3|5"/>
        <i3dMapping id="startPoint05End" node="0>0|3|5|0"/>
        <i3dMapping id="beltActivationTrigger" node="0>0|3|6"/>
    </i3dMappings>
</vehicle>
