<?xml version="1.0" encoding="utf-8" standalone="no"?>
<vehicle type="hookLiftContainerTrailer" xmlns:xsi="http://www.w3.org/2001/XMLSchema-instance" xsi:noNamespaceSchemaLocation="https://validation.gdn.giants-software.com/xml/fs22/vehicle.xsd">
    <annotation>Copyright (C) GIANTS Software GmbH, All Rights Reserved.</annotation>

    <storeData>
        <name>
			<en>Grain container</en>
            <de>Getreidecontainer</de>
		</name>
        <functions>
            <function>$l10n_function_hookLiftContainer</function>
        </functions>
		<specs>
            <combination>ITR 26.33 HD</combination>
        </specs>
        <image>store/store_containerSilage.png</image>
        <price>10000</price>
        <lifetime>600</lifetime>
        <rotation>0</rotation>
        <brand>ITRUNNER</brand>
        <category>ITRunnerPack</category>
    </storeData>

    <base>
        <typeDesc>$l10n_typeDesc_container</typeDesc>
        <filename>i3d/containerSilage.i3d</filename>
        <size width="3.5" length="8.5" lengthOffset="0.2"/>
        <components>
            <component centerOfMass="0 0.2 0" solverIterationCount="15" mass="4500"/>
        </components>
        <schemaOverlay attacherJointPosition="0 0" name="IMPLEMENT" />
    </base>

    <wheels>
        <wheelConfigurations>
            <wheelConfiguration>
                <wheels autoRotateBackSpeed="2.0">
                    <wheel>
                        <physics tipOcclusionAreaGroupId="1" restLoad="1.0" repr="wheelLeft" radius="0.085" width="0.5" mass="0.02" initialCompression="50" suspTravel="0.05" spring="300" damper="100" frictionScale="0.8"/>
                    </wheel>
                    <wheel>
                        <physics tipOcclusionAreaGroupId="1" restLoad="1.0" repr="wheelRight" radius="0.085" width="0.5" mass="0.02" initialCompression="50" suspTravel="0.05" spring="300" damper="100" frictionScale="0.8"/>
                    </wheel>
                </wheels>
            </wheelConfiguration>
        </wheelConfigurations>
    </wheels>

    <attachable>
        <inputAttacherJoints>
            <inputAttacherJoint node="attacherJoint" jointType="hookLift" allowsJointRotLimitMovement="false" forceSelectionOnAttach="false" upperRotationOffset="0"/>
        </inputAttacherJoints>
    </attachable>

    <animations>
        <animation name="tipAnimationBack">
            <part node="door" startTime="0" endTime="4" startRot="0 0 0" endRot="100 0 0" tangentType="spline"/>
			<part node="grainNorm" startTime="0" endTime="4" startRot="0 0 0" endRot="35 0 0" tangentType="spline"/>
			
            <part node="deformer" startTime="0" endTime="2" startTrans="-1.163 2.077 -4.456" endTrans="-1.163 2.077 -3.881"/>
            <part node="deformer1" startTime="0" endTime="2" startTrans="1.163 2.077 -4.456" endTrans="1.163 2.077 -3.881"/>
            <part node="deformer2" startTime="0" endTime="2" startTrans="-1.163 2.077 -1.792" endTrans="-1.163 2.077 -1.492"/>
            <part node="deformer3" startTime="0" endTime="2" startTrans="1.163 2.077 -1.792" endTrans="1.163 2.077 -1.492"/>
			
			<sound template="clackVar2"     startTime="0.35" direction="0"   volumeScale="1.0" pitchScale="1.7"/>
            <sound template="metalOpen"     startTime="5.59" direction="1"   volumeScale="2.5" pitchScale="0.4"/>
            <sound template="metalOpen"     startTime="5.59" direction="1"   volumeScale="2.0" pitchScale="0.8"/>
            <sound template="clackVar6"     startTime="5.8"  direction="1"   volumeScale="2"   pitchScale="0.6"/>
            <sound template="metalClose"    startTime="0.35" direction="1"   volumeScale="3.0" pitchScale="0.3"/>
            <sound template="metalOpen"     startTime="0.55" direction="-1"  volumeScale="2.5" pitchScale="0.5"/>
            <sound template="metalClose"    startTime="0.51" direction="-1"  volumeScale="2.0" pitchScale="1.1"/>
            <sound template="latchSmall"    startTime="0.50" direction="-1"  volumeScale="0.1" pitchScale="0.6"/>
            <sound template="clackVar6"     startTime="0.50" direction="-1"  volumeScale="1.4" pitchScale="0.6"/>
            <sound template="cylinderPunch" startTime="0.50" direction="-1"  volumeScale="0.8" pitchScale="1"/>
        </animation>
        <animation name="tipAnimationGrainDoor">
            <part node="grainDoor" startTime="0" endTime="0.6" startTrans="-0.1937 -0.11067 -0.01116" endTrans="-0.1937 0.1 -0.01116" tangentType="spline"/>
			<part node="grainSmall" startTime="0" endTime="4" startRot="0 0 0" endRot="35 0 0" tangentType="spline"/>
			
			<sound template="clackVar2"     startTime="0.35" direction="0"   volumeScale="1.0" pitchScale="1.7"/>
            <sound template="metalOpen"     startTime="5.59" direction="1"   volumeScale="2.5" pitchScale="0.4"/>
            <sound template="metalOpen"     startTime="5.59" direction="1"   volumeScale="2.0" pitchScale="0.8"/>
            <sound template="clackVar6"     startTime="5.8"  direction="1"   volumeScale="2"   pitchScale="0.6"/>
            <sound template="metalClose"    startTime="0.35" direction="1"   volumeScale="3.0" pitchScale="0.3"/>
            <sound template="metalOpen"     startTime="0.55" direction="-1"  volumeScale="2.5" pitchScale="0.5"/>
            <sound template="metalClose"    startTime="0.51" direction="-1"  volumeScale="2.0" pitchScale="1.1"/>
            <sound template="latchSmall"    startTime="0.50" direction="-1"  volumeScale="0.1" pitchScale="0.6"/>
            <sound template="clackVar6"     startTime="0.50" direction="-1"  volumeScale="1.4" pitchScale="0.6"/>
            <sound template="cylinderPunch" startTime="0.50" direction="-1"  volumeScale="0.8" pitchScale="1"/>
        </animation>
    </animations>

    <cylindered>
        <movingTools>
            <movingTool node="door" playSound="true">
                <dependentPart node="hydraulic"/>
            </movingTool>
            <movingTool node="grainDoor">
                <dependentPart node="opener"/>
            </movingTool>
        </movingTools>
        <movingParts>
            <movingPart node="hydraulic" referencePoint="refPoint" referenceFrame="hydraulicFrame">
                <translatingPart node="punch"/>
            </movingPart>
            <movingPart node="opener" referencePoint="openerPartRef" localReferencePoint="openerPart" referenceFrame="openerFrame">
                <dependentPart node="openerPart"/>
            </movingPart>
            <movingPart node="openerPart" referencePoint="openerPartRef" referenceFrame="openerPartRef" scaleZ="true"/>
        </movingParts>
        <sounds>
            <actionSound template="defaultHydraulicSound" pitchScale="1.1" volumeScale="0.5" linkNode="hydraulic" 	actionNames="TRANSLATING_POS TRANSLATING_NEG" 	nodes="punch"/>
            <actionSound template="defaultHydraulicSound" pitchScale="0.5" volumeScale="0.4" linkNode="hydraulic"	actionNames="TRANSLATING_NEG" 					nodes="punch"/>
            <actionSound template="hydraulicLayerTone"    pitchScale="0.7" volumeScale="0.8" linkNode="hydraulic"	actionNames="TRANSLATING_POS" 					nodes="punch">
                <pitch dropOffFactor="1.1" dropOffTime="0.2" />
            </actionSound>
        </sounds>
    </cylindered>

    <fillUnit>
        <fillUnitConfigurations>
            <fillUnitConfiguration>
                <fillUnits>
                    <fillUnit shopDisplayUnit="CUBICMETER" fillTypeCategories="bulk" capacity="45000" >
                        <exactFillRootNode node="exactFillRootNode"/>
                        <autoAimTargetNode node="fillAutoAimTargetNode" startZ="2.2" endZ="-4.0" invert="false" startPercentage="25"/>
                    </fillUnit>
                </fillUnits>
            </fillUnitConfiguration>
        </fillUnitConfigurations>
    </fillUnit>

    <fillVolume>
        <fillVolumeConfigurations>
            <fillVolumeConfiguration>
                <volumes>
                    <volume node="fillVolume" fillUnitIndex="1" maxDelta="0.23" maxAllowedHeapAngle="18">
                        <deformNode node="deformer"/>
                        <deformNode node="deformer1"/>
                        <deformNode node="deformer2"/>
                        <deformNode node="deformer3"/>
                    </volume>
                </volumes>
            </fillVolumeConfiguration>
        </fillVolumeConfigurations>
        <unloadInfos>
            <unloadInfo>
                <node node="fillVolumeHeightNode" width="1.0" length="2.6" minHeight="0.7" priority="2"/>
                <node node="fillVolumeHeightNode1" width="1.0" length="2.6" minHeight="0.7" priority="2"/>
                <node node="fillVolumeHeightNode2" width="1.0" length="8.6"/>
                <node node="fillVolumeHeightNode3" width="1.0" length="8.6"/>
            </unloadInfo>
            <unloadInfo>
                <node node="grainDoorUnloadInfo" width="0.6" length="0.6" minHeight="0.7" priority="2"/>
                <node node="fillVolumeHeightNode2" width="1.0" length="9.6"/>
                <node node="fillVolumeHeightNode3" width="1.0" length="9.6"/>
            </unloadInfo>
        </unloadInfos>
        <heightNodes>
            <heightNode fillVolumeIndex="1">
                <refNode node="fillVolumeHeightNode"/>
                <refNode node="fillVolumeHeightNode1"/>
                <node node="grainNorm" baseScale="1 1 1" scaleAxis="0 0 0" transAxis="0 0.9 0"/>
            </heightNode>
            <heightNode fillVolumeIndex="1">
                <refNode node="particleSmall"/>
                <node node="grainSmall" baseScale="1 0.1 1" scaleAxis="0 0.5 0"/>
            </heightNode>
        </heightNodes>
    </fillVolume>

    <dischargeable>
        <dischargeNode node="dischargeNodeBack" emptySpeed="3215" fillUnitIndex="1" unloadInfoIndex="1">
            <info width="1.5" length="0.5" />
            <effects>
                <effectNode effectClass="TipEffect">
                    <effectNode effectNode="grainNorm" materialType="unloading" materialTypeId="1" fadeTime="0.5" extraDistanceNode="dischargeNodeBack" extraDistance="1.5" alignXAxisToWorldY="true"/>
                </effectNode>
                <effectNode effectNode="smokeNorm" materialType="smoke" materialTypeId="1" fadeTime="0.5" />
            </effects>
        </dischargeNode>
        <dischargeNode node="dischargeNodeGrainDoor" emptySpeed="1000"  fillUnitIndex="1" unloadInfoIndex="1" >
            <info width="0.5" length="0.5" zOffset="0.5"/>
            <effects>
                <effectNode effectClass="TipEffect">
                    <effectNode effectNode="grainSmall" materialType="unloading" materialTypeId="1" fadeTime="0.5" extraDistanceNode="dischargeNodeGrainDoor" extraDistance="1" alignXAxisToWorldY="true"/>
                </effectNode>
                <effectNode effectNode="smokeSmall" materialType="smoke"     materialTypeId="1" fadeTime="0.5"/>
            </effects>
        </dischargeNode>
    </dischargeable>

    <trailer>
        <trailerConfigurations>
            <trailerConfiguration>
                <trailer>
                    <tipSide name="$l10n_info_tipSideBack" dischargeNodeIndex="1">
                        <animation name="tipAnimationBack" speedScale="1.0" startTipTime="0.03"/>
                    </tipSide>
                    <tipSide name="$l10n_info_tipSideBackGrainDoor" dischargeNodeIndex="2">
                        <animation name="tipAnimationGrainDoor" speedScale="1.0" startTipTime="0.3"/>
                    </tipSide>
                </trailer>
            </trailerConfiguration>
        </trailerConfigurations>
    </trailer>

    <foliageBending>
        <bendingNode minX="-1.35" maxX="1.35" minZ="-3.9" maxZ="4.1" yOffset="0.1"/>
    </foliageBending>

    <baseMaterial>
        <material name="containerSilage_mat" baseNode="body">
            <shaderParameter name="colorMat0" value="ITRUNNER_GREEN3"/>
        </material>
    </baseMaterial>
	
	<baseMaterialConfigurations price="50" useDefaultColors="true" defaultColorIndex="0">
        <baseMaterialConfiguration name="$l10n_ui_color_MATTE_ITRUNNER_GREEN3" 	color="ITRUNNER_GREEN3"/>
		<baseMaterialConfiguration name="$l10n_ui_color_MATTE_ITRUNNER_RED1" 		color="ITRUNNER_RED1"		material="1" price="250"/>
		<baseMaterialConfiguration name="$l10n_ui_color_MATTE_ITRUNNER_RED2" 		color="ITRUNNER_RED2" 		material="1" price="250"/>
		<baseMaterialConfiguration name="$l10n_ui_color_MATTE_ITRUNNER_BROWN_1" 	color="ITRUNNER_BROWN_1"	material="1" price="250"/>
		<baseMaterialConfiguration name="$l10n_ui_color_MATTE_ITRUNNER_BLUE1" 		color="ITRUNNER_BLUE1" 		material="1" price="250"/>
		<baseMaterialConfiguration name="$l10n_ui_color_MATTE_ITRUNNER_BLUE_1" 		color="ITRUNNER_BLUE_1" 	material="1" price="250"/>
		<baseMaterialConfiguration name="$l10n_ui_color_MATTE_ITRUNNER_GREEN1" 		color="ITRUNNER_GREEN1" 	material="1" price="250"/>
		<baseMaterialConfiguration name="$l10n_ui_color_MATTE_ITRUNNER_GREEN2" 		color="ITRUNNER_GREEN2" 	material="1" price="250"/>
		<baseMaterialConfiguration name="$l10n_ui_color_MATTE_ITRUNNER_GREEN4" 		color="ITRUNNER_GREEN4" 	material="1" price="250"/>
		<baseMaterialConfiguration name="$l10n_ui_color_MATTE_ITRUNNER_GREEN5" 		color="ITRUNNER_GREEN5" 	material="1" price="250"/>
		<baseMaterialConfiguration name="$l10n_ui_color_MATTE_ITRUNNER_WHITE1" 		color="ITRUNNER_WHITE1" 	material="1" price="250"/>
		<baseMaterialConfiguration name="$l10n_ui_color_MATTE_ITRUNNER_YELLOW1" 	color="ITRUNNER_YELLOW1"	material="1" price="250"/>				
        <material name="containerSilage_mat" shaderParameter="colorMat0" />
    </baseMaterialConfigurations>

    <wearable wearDuration="480" workMultiplier="5" fieldMultiplier="2"/>
    <washable dirtDuration="90" washDuration="1" workMultiplier="3" fieldMultiplier="2"/>
    <i3dMappings>
        <i3dMapping id="wheelLeft" node="0>0"/>
        <i3dMapping id="wheelRight" node="0>1"/>
        <i3dMapping id="attacherJoint" node="0>2"/>
        <i3dMapping id="body" node="0>3"/>
        <i3dMapping id="door" node="0>3|0"/>
        <i3dMapping id="grainDoor" node="0>3|0|0|0"/>
        <i3dMapping id="openerPartRef" node="0>3|0|0|0|0"/>
        <i3dMapping id="opener" node="0>3|0|0|1"/>
        <i3dMapping id="openerPart" node="0>3|0|0|1|0"/>
        <i3dMapping id="openerFrame" node="0>3|0|0|2"/>
        <i3dMapping id="refPoint" node="0>3|0|1"/>
        <i3dMapping id="particleSmall" node="0>3|0|2"/>
        <i3dMapping id="hydraulic" node="0>3|1"/>
        <i3dMapping id="punch" node="0>3|1|0"/>
        <i3dMapping id="grainSmall" node="0>3|2|0"/>
        <i3dMapping id="smokeSmall" node="0>3|2|1"/>
        <i3dMapping id="effectNodesBack" node="0>3|2|2"/>
        <i3dMapping id="grainNorm" node="0>3|2|2|0"/>
        <i3dMapping id="smokeNorm" node="0>3|2|2|1"/>
        <i3dMapping id="hydraulicFrame" node="0>3|3"/>
        <i3dMapping id="dischargeNodeBack" node="0>3|4"/>
        <i3dMapping id="fillVolume" node="0>3|5|0"/>
        <i3dMapping id="fillVolumeHeightNode" node="0>3|6|0"/>
        <i3dMapping id="fillVolumeHeightNode1" node="0>3|6|1"/>
        <i3dMapping id="fillVolumeHeightNode2" node="0>3|6|2"/>
        <i3dMapping id="fillVolumeHeightNode3" node="0>3|6|3"/>
        <i3dMapping id="grainDoorUnloadInfo" node="0>3|6|4"/>
        <i3dMapping id="deformer" node="0>3|7|0"/>
        <i3dMapping id="deformer1" node="0>3|7|1"/>
        <i3dMapping id="deformer2" node="0>3|7|2"/>
        <i3dMapping id="deformer3" node="0>3|7|3"/>
        <i3dMapping id="dischargeNodeGrainDoor" node="0>3|9"/>
        <i3dMapping id="exactFillRootNode" node="0>4"/>
        <i3dMapping id="fillAutoAimTargetNode" node="0>5"/>
    </i3dMappings>
    
</vehicle>
