﻿<?xml version="1.0" encoding="utf-8" standalone="no"?>
<vehicle type="hookLiftTrailerDH">
    <annotation>Copyright (C) GIANTS Software GmbH, All Rights Reserved.</annotation>
    
	<storeData>
        <name>
			<en>ITR 26.33 HD</en>
        </name>
        <functions>
            <function>$l10n_function_hookLift</function>
        </functions>
        <image>store/store_itRunner2633HD.png</image>
        <price>55000</price>
        <lifetime>600</lifetime>
        <rotation>0</rotation>
        <brand>ITRUNNER</brand>
        <category>ITRunnerPack</category>
    </storeData>
	
    <base>
        <typeDesc>$l10n_typeDesc_hookLiftTrailer</typeDesc>
        <filename>i3d/itRunner2633HD.i3d</filename>
        <size width="3.5" length="9.5" lengthOffset="-0.3"/>
        <components>
            <component centerOfMass="0 0.58 -1.5" solverIterationCount="30" mass="6874"/>
        </components>
        <schemaOverlay attacherJointPosition="0 0" name="IMPLEMENT" />
		<mapHotspot type="TRAILER" />
		<sounds volumeFactor="2.2" />
    </base>
	
	<wheels>
        <wheelConfigurations>
            <wheelConfiguration name="$l10n_configuration_valueDefault" price="0" brand="TRELLEBORG" saveId="TRELLEBORG_DEFAULT">
                <wheels autoRotateBackSpeed="2.0">
                    <wheel filename="$data/shared/wheels/tires/trelleborg/TwinRadial/560_60R22_5.xml" isLeft="true" hasParticles="true">
                        <physics restLoad="1.04" repr="wheelBackLeft1" driveNode="wheelBackLeft1Node" forcePointRatio="0.5" initialCompression="12" suspTravel="0.25" spring="33" damper="200"/>
                        <steeringAxle scale="0.3" rotMax="15" rotMin="-15"/>
                    </wheel>
                    <wheel filename="$data/shared/wheels/tires/trelleborg/TwinRadial/560_60R22_5.xml" isLeft="false" hasParticles="true">
                        <physics restLoad="1.04" repr="wheelBackRight1" forcePointRatio="0.5" initialCompression="12" suspTravel="0.25" spring="33" damper="200"/>
                        <steeringAxle scale="0.3" rotMax="15" rotMin="-15"/>
                    </wheel>
					
                    <wheel filename="$data/shared/wheels/tires/trelleborg/TwinRadial/560_60R22_5.xml" isLeft="true" hasTireTracks="true" hasParticles="true">
                        <physics restLoad="1.1" repr="wheelBackLeft2" forcePointRatio="0.5" initialCompression="10" suspTravel="0.25" spring="33" damper="200"/>
                        <wheelChock parkingNode="wheelChock3"/>
                        <wheelChock parkingNode="wheelChock4" isInverted="true"/>
                    </wheel>
                    <wheel filename="$data/shared/wheels/tires/trelleborg/TwinRadial/560_60R22_5.xml" isLeft="false" hasTireTracks="true" hasParticles="true">
                        <physics restLoad="1.1" repr="wheelBackRight2" forcePointRatio="0.5" initialCompression="10" suspTravel="0.25" spring="33" damper="200"/>
                    </wheel>
					
                    <wheel filename="$data/shared/wheels/tires/trelleborg/TwinRadial/560_60R22_5.xml" isLeft="true" hasParticles="true">
                        <physics restLoad="1.96" repr="wheelBackLeft3" forcePointRatio="0.5" initialCompression="09" suspTravel="0.25" spring="45" damper="200"/>
						<steeringAxle scale="-0.7" rotMax="25" rotMin="-25"/>
                    </wheel>
                    <wheel filename="$data/shared/wheels/tires/trelleborg/TwinRadial/560_60R22_5.xml" isLeft="false" hasParticles="true">
                        <physics restLoad="1.96" repr="wheelBackRight3" forcePointRatio="0.5" initialCompression="09" suspTravel="0.25" spring="45" damper="200"/>
						<steeringAxle scale="-0.7" rotMax="25" rotMin="-25"/>
                    </wheel>
                </wheels>
            </wheelConfiguration>
			
			<wheelConfiguration name="$l10n_configuration_valueDefault" price="1000" brand="TRELLEBORG" saveId="TRELLEBORG_BROAD">
                <wheels autoRotateBackSpeed="2.0">
                    <wheel filename="$data/shared/wheels/tires/trelleborg/TwinForestry428SB/710_40R22_5.xml" isLeft="true" hasParticles="true">
                        <physics restLoad="0.76" repr="wheelBackLeft1" driveNode="wheelBackLeft1Node" forcePointRatio="0.5" initialCompression="12" suspTravel="0.25" spring="33" damper="200"/>
                        <steeringAxle scale="0.3" rotMax="15" rotMin="-15"/>
                    </wheel>
                    <wheel filename="$data/shared/wheels/tires/trelleborg/TwinForestry428SB/710_40R22_5.xml" isLeft="false" hasParticles="true">
                        <physics restLoad="0.76" repr="wheelBackRight1" forcePointRatio="0.5" initialCompression="12" suspTravel="0.25" spring="33" damper="200"/>
                        <steeringAxle scale="0.3" rotMax="15" rotMin="-15"/>
                    </wheel>
					
                    <wheel filename="$data/shared/wheels/tires/trelleborg/TwinForestry428SB/710_40R22_5.xml" isLeft="true" hasTireTracks="true" hasParticles="true">
                        <physics restLoad="1.1" repr="wheelBackLeft2" forcePointRatio="0.5" initialCompression="10" suspTravel="0.25" spring="33" damper="200"/>
                        <wheelChock parkingNode="wheelChock3"/>
                        <wheelChock parkingNode="wheelChock4" isInverted="true"/>
                    </wheel>
                    <wheel filename="$data/shared/wheels/tires/trelleborg/TwinForestry428SB/710_40R22_5.xml" isLeft="false" hasTireTracks="true" hasParticles="true">
                        <physics restLoad="1.11" repr="wheelBackRight2" forcePointRatio="0.5" initialCompression="10" suspTravel="0.25" spring="33" damper="200"/>
                    </wheel>
					
                    <wheel filename="$data/shared/wheels/tires/trelleborg/TwinForestry428SB/710_40R22_5.xml" isLeft="true" hasParticles="true">
                        <physics restLoad="2.22" repr="wheelBackLeft3" forcePointRatio="0.5" initialCompression="09" suspTravel="0.25" spring="45" damper="200"/>
						<steeringAxle scale="-0.7" rotMax="25" rotMin="-25"/>
                    </wheel>
                    <wheel filename="$data/shared/wheels/tires/trelleborg/TwinForestry428SB/710_40R22_5.xml" isLeft="false" hasParticles="true">
                        <physics restLoad="2.22" repr="wheelBackRight3" forcePointRatio="0.5" initialCompression="09" suspTravel="0.25" spring="45" damper="200"/>
						<steeringAxle scale="-0.7" rotMax="25" rotMin="-25"/>
                    </wheel>
                </wheels>
            </wheelConfiguration>
			
			<wheelConfiguration name="$l10n_configuration_valueDefault" price="0" brand="MICHELIN" saveId="MICHELIN_DEFAULT">
                <wheels autoRotateBackSpeed="2.0">
                    <wheel filename="$data/shared/wheels/tires/michelin/cargoXBib/560_60R22_5.xml" isLeft="true" hasParticles="true">
                        <physics restLoad="1.09" repr="wheelBackLeft1" driveNode="wheelBackLeft1Node" forcePointRatio="0.5" initialCompression="12" suspTravel="0.25" spring="33" damper="200"/>
                        <steeringAxle scale="0.3" rotMax="15" rotMin="-15"/>
                    </wheel>
                    <wheel filename="$data/shared/wheels/tires/michelin/cargoXBib/560_60R22_5.xml" isLeft="false" hasParticles="true">
                        <physics restLoad="1.09" repr="wheelBackRight1" forcePointRatio="0.5" initialCompression="12" suspTravel="0.25" spring="33" damper="200"/>
                        <steeringAxle scale="0.3" rotMax="15" rotMin="-15"/>
                    </wheel>
					
                    <wheel filename="$data/shared/wheels/tires/michelin/cargoXBib/560_60R22_5.xml" isLeft="true" hasTireTracks="true" hasParticles="true">
                        <physics restLoad="1.1" repr="wheelBackLeft2" forcePointRatio="0.5" initialCompression="10" suspTravel="0.25" spring="33" damper="200"/>
                        <wheelChock parkingNode="wheelChock3"/>
                        <wheelChock parkingNode="wheelChock4" isInverted="true"/>
                    </wheel>
                    <wheel filename="$data/shared/wheels/tires/michelin/cargoXBib/560_60R22_5.xml" isLeft="false" hasTireTracks="true" hasParticles="true">
                        <physics restLoad="1.1" repr="wheelBackRight2" forcePointRatio="0.5" initialCompression="10" suspTravel="0.25" spring="33" damper="200"/>
                    </wheel>
					
                    <wheel filename="$data/shared/wheels/tires/michelin/cargoXBib/560_60R22_5.xml" isLeft="true" hasParticles="true">
                        <physics restLoad="2.12" repr="wheelBackLeft3" forcePointRatio="0.5" initialCompression="09" suspTravel="0.25" spring="45" damper="200"/>
						<steeringAxle scale="-0.7" rotMax="25" rotMin="-25"/>
                    </wheel>
                    <wheel filename="$data/shared/wheels/tires/michelin/cargoXBib/560_60R22_5.xml" isLeft="false" hasParticles="true">
                        <physics restLoad="2.12" repr="wheelBackRight3" forcePointRatio="0.5" initialCompression="09" suspTravel="0.25" spring="45" damper="200"/>
						<steeringAxle scale="-0.7" rotMax="25" rotMin="-25"/>
                    </wheel>
                </wheels>
            </wheelConfiguration>
			
			<wheelConfiguration name="$l10n_configuration_valueDefault" price="1000" brand="MICHELIN" saveId="MICHELIN_BROAD">
                <wheels autoRotateBackSpeed="2.0">
                    <wheel filename="$data/shared/wheels/tires/michelin/cargoXBib/710_45R22_5.xml" isLeft="true" hasParticles="true">
                        <physics restLoad="0.82" repr="wheelBackLeft1" driveNode="wheelBackLeft1Node" forcePointRatio="0.5" initialCompression="12" suspTravel="0.25" spring="33" damper="200"/>
                        <steeringAxle scale="0.3" rotMax="15" rotMin="-15"/>
                    </wheel>
                    <wheel filename="$data/shared/wheels/tires/michelin/cargoXBib/710_45R22_5.xml" isLeft="false" hasParticles="true">
                        <physics restLoad="0.82" repr="wheelBackRight1" forcePointRatio="0.5" initialCompression="12" suspTravel="0.25" spring="33" damper="200"/>
                        <steeringAxle scale="0.3" rotMax="15" rotMin="-15"/>
                    </wheel>
					
                    <wheel filename="$data/shared/wheels/tires/michelin/cargoXBib/710_45R22_5.xml" isLeft="true" hasTireTracks="true" hasParticles="true">
                        <physics restLoad="1.1" repr="wheelBackLeft2" forcePointRatio="0.5" initialCompression="10" suspTravel="0.25" spring="33" damper="200"/>
                        <wheelChock parkingNode="wheelChock3"/>
                        <wheelChock parkingNode="wheelChock4" isInverted="true"/>
                    </wheel>
                    <wheel filename="$data/shared/wheels/tires/michelin/cargoXBib/710_45R22_5.xml" isLeft="false" hasTireTracks="true" hasParticles="true">
                        <physics restLoad="1.1" repr="wheelBackRight2" forcePointRatio="0.5" initialCompression="10" suspTravel="0.25" spring="33" damper="200"/>
                    </wheel>
					
                    <wheel filename="$data/shared/wheels/tires/michelin/cargoXBib/710_45R22_5.xml" isLeft="true" hasParticles="true">
                        <physics restLoad="1.67" repr="wheelBackLeft3" forcePointRatio="0.5" initialCompression="09" suspTravel="0.25" spring="45" damper="200"/>
						<steeringAxle scale="-0.7" rotMax="25" rotMin="-25"/>
                    </wheel>
                    <wheel filename="$data/shared/wheels/tires/michelin/cargoXBib/710_45R22_5.xml" isLeft="false" hasParticles="true">
                        <physics restLoad="1.67" repr="wheelBackRight3" forcePointRatio="0.5" initialCompression="09" suspTravel="0.25" spring="45" damper="200"/>
						<steeringAxle scale="-0.7" rotMax="25" rotMin="-25"/>
                    </wheel>
                </wheels>
            </wheelConfiguration>
			
			<wheelConfiguration name="$l10n_configuration_valueDefault" price="0" brand="BKT" saveId="BKT_DEFAULT">
                <wheels autoRotateBackSpeed="2.0">
                    <wheel filename="$data/shared/wheels/tires/BKT/ridemaxFL693M/560_60R22_5.xml" isLeft="true" hasParticles="true">
                        <physics restLoad="0.82" repr="wheelBackLeft1" driveNode="wheelBackLeft1Node" forcePointRatio="0.5" initialCompression="12" suspTravel="0.25" spring="33" damper="200"/>
                        <steeringAxle scale="0.3" rotMax="15" rotMin="-15"/>
                    </wheel>
                    <wheel filename="$data/shared/wheels/tires/BKT/ridemaxFL693M/560_60R22_5.xml" isLeft="false" hasParticles="true">
                        <physics restLoad="0.82" repr="wheelBackRight1" forcePointRatio="0.5" initialCompression="12" suspTravel="0.25" spring="33" damper="200"/>
                        <steeringAxle scale="0.3" rotMax="15" rotMin="-15"/>
                    </wheel>
					
                    <wheel filename="$data/shared/wheels/tires/BKT/ridemaxFL693M/560_60R22_5.xml" isLeft="true" hasTireTracks="true" hasParticles="true">
                        <physics restLoad="1.1" repr="wheelBackLeft2" forcePointRatio="0.5" initialCompression="10" suspTravel="0.25" spring="33" damper="200"/>
                        <wheelChock parkingNode="wheelChock3"/>
                        <wheelChock parkingNode="wheelChock4" isInverted="true"/>
                    </wheel>
                    <wheel filename="$data/shared/wheels/tires/BKT/ridemaxFL693M/560_60R22_5.xml" isLeft="false" hasTireTracks="true" hasParticles="true">
                        <physics restLoad="1.1" repr="wheelBackRight2" forcePointRatio="0.5" initialCompression="10" suspTravel="0.25" spring="33" damper="200"/>
                    </wheel>
					
                    <wheel filename="$data/shared/wheels/tires/BKT/ridemaxFL693M/560_60R22_5.xml" isLeft="true" hasParticles="true">
                        <physics restLoad="1.54" repr="wheelBackLeft3" forcePointRatio="0.5" initialCompression="09" suspTravel="0.25" spring="45" damper="200"/>
						<steeringAxle scale="-0.7" rotMax="25" rotMin="-25"/>
                    </wheel>
                    <wheel filename="$data/shared/wheels/tires/BKT/ridemaxFL693M/560_60R22_5.xml" isLeft="false" hasParticles="true">
                        <physics restLoad="1.54" repr="wheelBackRight3" forcePointRatio="0.5" initialCompression="09" suspTravel="0.25" spring="45" damper="200"/>
						<steeringAxle scale="-0.7" rotMax="25" rotMin="-25"/>
                    </wheel>
                </wheels>
            </wheelConfiguration>
			
			<wheelConfiguration name="$l10n_configuration_valueDefault" price="1000" brand="BKT" saveId="BKT_BROAD">
                <wheels autoRotateBackSpeed="2.0">
                    <wheel filename="$data/shared/wheels/tires/BKT/ridemaxFL693M/710_45R22_5.xml" isLeft="true" hasParticles="true">
                        <physics restLoad="0.82" repr="wheelBackLeft1" driveNode="wheelBackLeft1Node" forcePointRatio="0.5" initialCompression="12" suspTravel="0.25" spring="33" damper="200"/>
                        <steeringAxle scale="0.3" rotMax="15" rotMin="-15"/>
                    </wheel>
                    <wheel filename="$data/shared/wheels/tires/BKT/ridemaxFL693M/710_45R22_5.xml" isLeft="false" hasParticles="true">
                        <physics restLoad="0.82" repr="wheelBackRight1" forcePointRatio="0.5" initialCompression="12" suspTravel="0.25" spring="33" damper="200"/>
                        <steeringAxle scale="0.3" rotMax="15" rotMin="-15"/>
                    </wheel>
					
                    <wheel filename="$data/shared/wheels/tires/BKT/ridemaxFL693M/710_45R22_5.xml" isLeft="true" hasTireTracks="true" hasParticles="true">
                        <physics restLoad="1.1" repr="wheelBackLeft2" forcePointRatio="0.5" initialCompression="10" suspTravel="0.25" spring="33" damper="200"/>
                        <wheelChock parkingNode="wheelChock3"/>
                        <wheelChock parkingNode="wheelChock4" isInverted="true"/>
                    </wheel>
                    <wheel filename="$data/shared/wheels/tires/BKT/ridemaxFL693M/710_45R22_5.xml" isLeft="false" hasTireTracks="true" hasParticles="true">
                        <physics restLoad="1.1" repr="wheelBackRight2" forcePointRatio="0.5" initialCompression="10" suspTravel="0.25" spring="33" damper="200"/>
                    </wheel>
					
                    <wheel filename="$data/shared/wheels/tires/BKT/ridemaxFL693M/710_45R22_5.xml" isLeft="true" hasParticles="true">
                        <physics restLoad="1.86" repr="wheelBackLeft3" forcePointRatio="0.5" initialCompression="09" suspTravel="0.25" spring="45" damper="200"/>
						<steeringAxle scale="-0.7" rotMax="25" rotMin="-25"/>
                    </wheel>
                    <wheel filename="$data/shared/wheels/tires/BKT/ridemaxFL693M/710_45R22_5.xml" isLeft="false" hasParticles="true">
                        <physics restLoad="1.86" repr="wheelBackRight3" forcePointRatio="0.5" initialCompression="09" suspTravel="0.25" spring="45" damper="200"/>
						<steeringAxle scale="-0.7" rotMax="25" rotMin="-25"/>
                    </wheel>
                </wheels>
            </wheelConfiguration>
			
			<wheelConfiguration name="$l10n_configuration_valueDefault" price="0" brand="VREDESTEIN" saveId="VREDESTEIN_DEFAULT">
                <wheels autoRotateBackSpeed="2.0">
                    <wheel filename="$data/shared/wheels/tires/vredestein/flotationTrac/560_60R22_5.xml" isLeft="true" hasParticles="true">
                        <physics restLoad="0.82" repr="wheelBackLeft1" driveNode="wheelBackLeft1Node" forcePointRatio="0.5" initialCompression="12" suspTravel="0.25" spring="33" damper="200"/>
                        <steeringAxle scale="0.3" rotMax="15" rotMin="-15"/>
                    </wheel>
                    <wheel filename="$data/shared/wheels/tires/vredestein/flotationTrac/560_60R22_5.xml" isLeft="false" hasParticles="true">
                        <physics restLoad="0.82" repr="wheelBackRight1" forcePointRatio="0.5" initialCompression="12" suspTravel="0.25" spring="33" damper="200"/>
                        <steeringAxle scale="0.3" rotMax="15" rotMin="-15"/>
                    </wheel>
					
                    <wheel filename="$data/shared/wheels/tires/vredestein/flotationTrac/560_60R22_5.xml" isLeft="true" hasTireTracks="true" hasParticles="true">
                        <physics restLoad="1.1" repr="wheelBackLeft2" forcePointRatio="0.5" initialCompression="10" suspTravel="0.25" spring="33" damper="200"/>
                        <wheelChock parkingNode="wheelChock3"/>
                        <wheelChock parkingNode="wheelChock4" isInverted="true"/>
                    </wheel>
                    <wheel filename="$data/shared/wheels/tires/vredestein/flotationTrac/560_60R22_5.xml" isLeft="false" hasTireTracks="true" hasParticles="true">
                        <physics restLoad="1.1" repr="wheelBackRight2" forcePointRatio="0.5" initialCompression="10" suspTravel="0.25" spring="33" damper="200"/>
                    </wheel>
					
                    <wheel filename="$data/shared/wheels/tires/vredestein/flotationTrac/560_60R22_5.xml" isLeft="true" hasParticles="true">
                        <physics restLoad="1.56" repr="wheelBackLeft3" forcePointRatio="0.5" initialCompression="09" suspTravel="0.25" spring="45" damper="200"/>
						<steeringAxle scale="-0.7" rotMax="25" rotMin="-25"/>
                    </wheel>
                    <wheel filename="$data/shared/wheels/tires/vredestein/flotationTrac/560_60R22_5.xml" isLeft="false" hasParticles="true">
                        <physics restLoad="1.56" repr="wheelBackRight3" forcePointRatio="0.5" initialCompression="09" suspTravel="0.25" spring="45" damper="200"/>
						<steeringAxle scale="-0.7" rotMax="25" rotMin="-25"/>
                    </wheel>
                </wheels>
            </wheelConfiguration>
			
			<wheelConfiguration name="$l10n_configuration_valueDefault" price="1000" brand="VREDESTEIN" saveId="VREDESTEIN_BROAD">
                <wheels autoRotateBackSpeed="2.0">
                    <wheel filename="$data/shared/wheels/tires/vredestein/flotationTrac/710_45R22_5.xml" isLeft="true" hasParticles="true">
                        <physics restLoad="0.82" repr="wheelBackLeft1" driveNode="wheelBackLeft1Node" forcePointRatio="0.5" initialCompression="12" suspTravel="0.25" spring="33" damper="200"/>
                        <steeringAxle scale="0.3" rotMax="15" rotMin="-15"/>
                    </wheel>
                    <wheel filename="$data/shared/wheels/tires/vredestein/flotationTrac/710_45R22_5.xml" isLeft="false" hasParticles="true">
                        <physics restLoad="0.82" repr="wheelBackRight1" forcePointRatio="0.5" initialCompression="12" suspTravel="0.25" spring="33" damper="200"/>
                        <steeringAxle scale="0.3" rotMax="15" rotMin="-15"/>
                    </wheel>
					
                    <wheel filename="$data/shared/wheels/tires/vredestein/flotationTrac/710_45R22_5.xml" isLeft="true" hasTireTracks="true" hasParticles="true">
                        <physics restLoad="1.1" repr="wheelBackLeft2" forcePointRatio="0.5" initialCompression="10" suspTravel="0.25" spring="33" damper="200"/>
                        <wheelChock parkingNode="wheelChock3"/>
                        <wheelChock parkingNode="wheelChock4" isInverted="true"/>
                    </wheel>
                    <wheel filename="$data/shared/wheels/tires/vredestein/flotationTrac/710_45R22_5.xml" isLeft="false" hasTireTracks="true" hasParticles="true">
                        <physics restLoad="1.1" repr="wheelBackRight2" forcePointRatio="0.5" initialCompression="10" suspTravel="0.25" spring="33" damper="200"/>
                    </wheel>
					
                    <wheel filename="$data/shared/wheels/tires/vredestein/flotationTrac/710_45R22_5.xml" isLeft="true" hasParticles="true">
                        <physics restLoad="1.70" repr="wheelBackLeft3" forcePointRatio="0.5" initialCompression="09" suspTravel="0.25" spring="45" damper="200"/>
						<steeringAxle scale="-0.7" rotMax="25" rotMin="-25"/>
                    </wheel>
                    <wheel filename="$data/shared/wheels/tires/vredestein/flotationTrac/710_45R22_5.xml" isLeft="false" hasParticles="true">
                        <physics restLoad="1.70" repr="wheelBackRight3" forcePointRatio="0.5" initialCompression="09" suspTravel="0.25" spring="45" damper="200"/>
						<steeringAxle scale="-0.7" rotMax="25" rotMin="-25"/>
                    </wheel>
                </wheels>
            </wheelConfiguration>
        </wheelConfigurations>
		
        <hubs>
            <color0>SHARED_BLACK2</color0>
            <color1>SHARED_BLACK2</color1>
            <hub linkNode="wheelBackLeft1Node" filename="$data/shared/wheels/hubs/hub_n10_5.xml" isLeft="true" scale="0.335 0.335 0.335"/>
            <hub linkNode="wheelBackRight1" filename="$data/shared/wheels/hubs/hub_n10_5.xml" isLeft="false" scale="0.335 0.335 0.335"/>
            <hub linkNode="wheelBackLeft2" filename="$data/shared/wheels/hubs/hub_n10_5.xml" isLeft="true" scale="0.335 0.335 0.335"/>
            <hub linkNode="wheelBackRight2" filename="$data/shared/wheels/hubs/hub_n10_5.xml" isLeft="false" scale="0.335 0.335 0.335"/>
            <hub linkNode="wheelBackLeft3" filename="$data/shared/wheels/hubs/hub_n10_5.xml" isLeft="true" scale="0.335 0.335 0.335"/>
            <hub linkNode="wheelBackRight3" filename="$data/shared/wheels/hubs/hub_n10_5.xml" isLeft="false" scale="0.335 0.335 0.335"/>
        </hubs>
    </wheels>
    
	<attachable>
        <inputAttacherJoints>
            <inputAttacherJoint node="attacherJoint" jointType="trailerLow" attacherHeight="0.6"/>
        </inputAttacherJoints>
        <support animationName="moveSupport"/>
        <brakeForce force="0.4" maxForce="1.2" maxForceMass="12000"/>
        <steeringAxleAngleScale startSpeed="5" endSpeed="90"/>
    </attachable>
    
	<attacherJoints>
        <attacherJoint node="containerAttacherJoint" jointType="hookLift" lowerRotLimit="0 40 80" upperRotLimit="0 40 80" allowsLowering="false" enableCollision="true">
            <schema position="0.6 0.6" rotation="0" invertX="false"/>
        </attacherJoint>

        <sounds>
            <attach template="ATTACH_01" />
            <hydraulic template="defaultHydraulicSound" linkNode="containerArmHydraulicPunch" />
        </sounds>
    </attacherJoints>
    
	<powerTakeOffs>
        <input inputNode="pto" detachNode="ptoDetach" inputAttacherJointIndices="1" aboveAttacher="true"/>
    </powerTakeOffs>

    <powerConsumer ptoRpm="400" neededMaxPtoPower="15"/>
	
	<lights>
        <realLights>
            <high>
                <light 			node="backLightsHigh1" 			lightTypes="0"/>
				<light 			node="licensePlateLightHigh" 	lightTypes="0"/>
                <turnLightLeft 	node="turnLightLeftBack"/>
                <turnLightRight node="turnLightRightBack"/>
                <brakeLight 	node="backLightsHigh1"/>
                <reverseLight 	node="reverseLightsHigh1"/>
            </high>
        </realLights>
		
        <defaultLights>
            <defaultLight shaderNode="sideMarkersStatic" lightTypes="0"/>
        </defaultLights>
		
        <beaconLights>
            <beaconLight node="beaconLight" filename="$data/shared/assets/beaconLights/lizard/beaconLight02.xml"/>
        </beaconLights>
        
		<sharedLight linkNode="rearMultipointLight_01Right" filename="$data/shared/assets/lights/lizard/rearLight31_right.xml"/>
        <sharedLight linkNode="rearMultipointLight_01Left" 	filename="$data/shared/assets/lights/lizard/rearLight31_left.xml"/>
        <sharedLight linkNode="workingLightSquare_04" 		filename="$data/shared/assets/lights/lizard/workingLight11.xml"/>
        <sharedLight linkNode="workingLightSquare_05" 		filename="$data/shared/assets/lights/lizard/workingLight11.xml"/>
    </lights>
	
	<foldable>
        <foldingConfigurations>
            <foldingConfiguration>
                <foldingParts startMoveDirection="-1" turnOnFoldDirection="-1">
					<foldingPart animationName="unfoldHand" speedScale="1"/>
				</foldingParts>
            </foldingConfiguration>
        </foldingConfigurations>
    </foldable>
    
	<animations>
        <animation name="unfoldHand">
            <part node="handMovePart" 	startTime="0" 		endTime="2" 	startTrans="0 0 0" 	endTrans="0 0 -1.19036"/>
            <part node="handRotPart" 	startTime="2" 		endTime="10" 	startRot="0 0 0" 	endRot="-143 0 0"/>
            <part node="jointRot" 		startTime="2" 		endTime="4.51" 	startRot="0 0 0" 	endRot="20 0 0"/>
            <part node="jointRot" 		startTime="4.51" 	endTime="10" 	startRot="20 0 0" 	endRot="143 0 0"/>
			
			<sound template="metalLowVar2"  startTime="0.15"  direction="-1"  volumeScale="4.0" pitchScale="0.9"/>
            <sound template="metalOpen"     startTime="0.25"  direction="-1"  volumeScale="1.5" pitchScale="0.5"/>
            <sound template="thudVar2"      startTime="13.9"  direction="-1"  volumeScale="1.4" pitchScale="0.7"/>
            <sound template="clackVar6"     startTime="13.99" direction="-1"  volumeScale="0.7" pitchScale="0.3"/>
            <sound template="metalOpen"     startTime="0.15"  direction="1"   volumeScale="3.5" pitchScale="0.6"/>
            <sound template="metalLowVar2"  startTime="13.99" direction="1"   volumeScale="4.0" pitchScale="0.9"/>
            <sound template="metalOpen"     startTime="13.80" direction="1"   volumeScale="1.5" pitchScale="0.4"/>
            <sound template="cylinderPunch" startTime="13.99" direction="1"/>
            <sound template="cylinderPunch" startTime="0.15"  direction="0"/>
        </animation>
		
        <animation name="unloading">
            <part node="containerHand" startTime="0" endTime="14" startRot="0 0 0" endRot="-35 0 0"/>
			
			<sound template="metalLowVar2"  startTime="0.15"  direction="-1"  volumeScale="4.0" pitchScale="0.9"/>
            <sound template="metalOpen"     startTime="0.25"  direction="-1"  volumeScale="1.5" pitchScale="0.5"/>
            <sound template="thudVar2"      startTime="13.9"  direction="-1"  volumeScale="1.4" pitchScale="0.7"/>
            <sound template="clackVar6"     startTime="13.99" direction="-1"  volumeScale="0.7" pitchScale="0.3"/>
            <sound template="metalOpen"     startTime="0.15"  direction="1"   volumeScale="3.5" pitchScale="0.6"/>
            <sound template="metalLowVar2"  startTime="13.99" direction="1"   volumeScale="4.0" pitchScale="0.9"/>
            <sound template="metalOpen"     startTime="13.80" direction="1"   volumeScale="1.5" pitchScale="0.4"/>
            <sound template="cylinderPunch" startTime="13.99" direction="1"/>
            <sound template="cylinderPunch" startTime="0.15"  direction="0"/>
        </animation>
		
        <animation name="moveSupport">
            <part node="supportArmSlide" startTime="0" duration="0.6" startTrans="0 0.4239 2.2629" endTrans="0 -0.05 2.2629"/>
			
			 <sound template="defaultHydraulicSmall" startTime="0.05" endTime="0.49" volumeScale="0.8" pitchScale="1.5" linkNode="attacherJoint"/>
            <sound template="metalClose"            startTime="0.01" direction="-1" volumeScale="0.6" pitchScale="1.5" linkNode="attacherJoint"/>
            <sound template="clackVar6"             startTime="0.01" direction="-1" volumeScale="0.9" pitchScale="0.6" linkNode="attacherJoint"/>
        </animation>
    </animations>
	
	<hookLiftTrailer>
        <jointLimits refAnimation="unfoldHand">
            <key time="0" rotLimit="0 0 0"/>
            <key time="0.25" rotLimit="0 0 0"/>
            <key time="0.30" rotLimit="0 0 180"/>
            <key time="0.50" rotLimit="0 0 180"/>
            <key time="1" rotLimit="0 40 180"/>
        </jointLimits>
        <unloadingAnimation name="unloading" speed="1" reverseSpeed="-2"/>
        <texts unloadContainer="unload_container" loadContainer="load_container" unloadArm="unload_arm" loadArm="load_arm"/>
    </hookLiftTrailer>
	
	<cylindered>
        <movingTools>
            <movingTool node="supportArmSlide" />
            <movingTool node="containerHand" playSound="true">
                <attacherJoint jointIndices="1"/>
                <dependentPart node="containerArmHydraulic"/>
            </movingTool>
            <movingTool node="handRotPart" playSound="true">
                <attacherJoint jointIndices="1"/>
                <dependentPart node="containerArmHydraulic"/>
            </movingTool>
            <movingTool node="handMovePart" playSound="true">
                <attacherJoint jointIndices="1"/>
                <dependentPart node="soundNode"/>
            </movingTool>
            <movingTool node="handLockArm">
                <attacherJoint jointIndices="1"/>
            </movingTool>
        </movingTools>

        <movingParts>
            <movingPart node="containerArmHydraulic" referencePoint="refPoint" referenceFrame="itRunner_main_component1">
                <translatingPart node="containerArmHydraulicPunch"/>
            </movingPart>
            <movingPart node="soundNode" referencePoint="handMovePart" referenceFrame="itRunner_main_component1"/>
        </movingParts>
		
        <sounds>
			<actionSound template="defaultHydraulicSound" pitchScale="0.5" volumeScale="0.4" 	linkNode="containerArmHydraulic"	actionNames="TRANSLATING_NEG" 					nodes="containerArmHydraulic"/>
            <actionSound template="hydraulicLayerTone"    pitchScale="0.7" volumeScale="1" 		linkNode="containerArmHydraulic"	actionNames="TRANSLATING_POS TRANSLATING_NEG" 	nodes="containerArmHydraulic">
                <pitch dropOffFactor="1.1" dropOffTime="0.2" />
            </actionSound>
			
			<actionSound template="cylinderPunch" pitchScale="0.7" linkNode="containerArmHydraulic" actionNames="TRANSLATING_END_NEG" nodes="containerArmHydraulicPunch"/>
        </sounds>
    </cylindered>
    
	<foliageBending>
        <bendingNode minX="-1.35" maxX="1.35" minZ="-4.9" maxZ="2.55" yOffset="0.6"/>
    </foliageBending>
    
	<baseMaterial>
        <material name="itRunner2633HD_mat" baseNode="itrunner_vis">
            <shaderParameter name="colorMat0" value="ITRUNNER_BLUE1"/>
        </material>
    </baseMaterial>
    
	<wearable wearDuration="480" workMultiplier="5" fieldMultiplier="2"/>
    <washable dirtDuration="90" washDuration="1" workMultiplier="3" fieldMultiplier="2"/>
	
	<licensePlates>
        <licensePlate node="licensePlateBack" position="BACK" preferedType="SQUARISH" placementArea="0.11 0.19 0.11 0.15"/>
    </licensePlates>
	
	<connectionHoses>
        <hose diameter="0.02" inputAttacherJointIndices="1" length="1.8" node="hydraulicIn01" straighteningFactor="2" type="hydraulicIn">
            <objectChange node="fixpoint" visibilityActive="false" visibilityInactive="true"/>
        </hose>
		<hose diameter="0.02" inputAttacherJointIndices="1" length="1.8" node="hydraulicOut01" straighteningFactor="2" type="hydraulicOut"/>
		<hose diameter="0.02" inputAttacherJointIndices="1" length="1.8" node="hydraulicIn02" straighteningFactor="2" type="hydraulicIn"/>
		<hose diameter="0.02" inputAttacherJointIndices="1" length="1.8" node="hydraulicOut02" straighteningFactor="2" type="hydraulicOut"/>
		<hose diameter="0.015" inputAttacherJointIndices="1" length="2.0" node="hydraulicIn03" straighteningFactor="1.5" type="electric"/>
		<hose diameter="0.015" inputAttacherJointIndices="1" length="2.0" node="hydraulicIn04" straighteningFactor="1.5" type="airDoubleRed"/>
		<hose diameter="0.015" inputAttacherJointIndices="1" length="2.0" node="hydraulicOut04" straighteningFactor="1.5" type="airDoubleYellow"/>
		
		<localHose>
            <hose diameter="0.02" isTwoPointHose="true" isWorldSpaceHose="false" length="0.8" minCenterPointAngle="30" node="hoseStartNode01" straighteningFactor="1.5" type="hydraulicIn"/>
            <target attacherJointIndices="1 3 4" node="hoseEndNode01" straighteningFactor="1" type="none"/>
        </localHose>
		<localHose>
            <hose diameter="0.02" isTwoPointHose="true" isWorldSpaceHose="false" length="0.8" minCenterPointAngle="30" node="hoseStartNode02" straighteningFactor="1.5" type="hydraulicIn"/>
            <target attacherJointIndices="1 3 4" node="hoseEndNode02" straighteningFactor="1" type="none"/>
        </localHose>
		<localHose>
            <hose diameter="0.02" isTwoPointHose="true" isWorldSpaceHose="false" length="0.8" minCenterPointAngle="30" node="hoseStartNode03" straighteningFactor="1.5" type="hydraulicIn"/>
            <target attacherJointIndices="1 3 4" node="hoseEndNode03" straighteningFactor="1" type="none"/>
        </localHose>
		<localHose>
            <hose diameter="0.015" isTwoPointHose="true" isWorldSpaceHose="false" length="0.8" minCenterPointAngle="30" node="hoseStartNode04" straighteningFactor="1.5" type="hydraulicIn"/>
            <target attacherJointIndices="1 3 4" node="hoseEndNode04" straighteningFactor="1" type="none"/>
        </localHose>
		<localHose>
            <hose diameter="0.015" isTwoPointHose="true" isWorldSpaceHose="false" length="0.8" minCenterPointAngle="30" node="hoseStartNode05" straighteningFactor="1.5" type="hydraulicIn"/>
            <target attacherJointIndices="1 3 4" node="hoseEndNode05" straighteningFactor="1" type="none"/>
        </localHose>
		<localHose>
            <hose diameter="0.015" isTwoPointHose="true" isWorldSpaceHose="false" length="0.8" minCenterPointAngle="30" node="hoseStartNode06" straighteningFactor="1.5" type="hydraulicIn"/>
            <target attacherJointIndices="1 3 4" node="hoseEndNode06" straighteningFactor="1" type="none"/>
        </localHose>
		<localHose>
            <hose diameter="0.015" isTwoPointHose="true" isWorldSpaceHose="false" length="0.8" minCenterPointAngle="30" node="hoseStartNode07" straighteningFactor="1.5" type="hydraulicIn"/>
            <target attacherJointIndices="1 3 4" node="hoseEndNode07" straighteningFactor="1" type="none"/>
        </localHose>
		
		<localHose>
            <hose diameter="0.02" isWorldSpaceHose="false" length="0.7" minCenterPointAngle="30" node="hydraulic01Start" straighteningFactor="2" type="hydraulicOut"/>
            <target attacherJointIndices="1 3 4" node="hydraulicIn01_detachedAdapter" straighteningFactor="1" type="none"/>
        </localHose>    
		<localHose>
            <hose diameter="0.02" isWorldSpaceHose="false" length="0.7" minCenterPointAngle="30" node="hydraulic02Start" straighteningFactor="2" type="hydraulicOut"/>
            <target attacherJointIndices="1 3 4" node="hydraulicOut01_detachedAdapter" straighteningFactor="1" type="none"/>
        </localHose>
		<localHose>
            <hose diameter="0.02" isWorldSpaceHose="false" length="0.7" minCenterPointAngle="30" node="hydraulic03Start" straighteningFactor="2" type="hydraulicOut"/>
            <target attacherJointIndices="1 3 4" node="hydraulicIn02_detachedAdapter" straighteningFactor="1" type="none"/>
        </localHose>
		<localHose>
            <hose diameter="0.02" isWorldSpaceHose="false" length="0.7" minCenterPointAngle="30" node="hydraulic04Start" straighteningFactor="2" type="hydraulicOut"/>
            <target attacherJointIndices="1 3 4" node="hydraulicOut02_detachedAdapter" straighteningFactor="1" type="none"/>
        </localHose>
        <localHose>
            <hose diameter="0.015" isWorldSpaceHose="false" length="0.6" minCenterPointAngle="30" node="hydraulic05Start" straighteningFactor="2" type="electric"/>
            <target attacherJointIndices="1 3 4" node="electric_detachedAdapter" straighteningFactor="1" type="none"/>
        </localHose>
		<localHose>
            <hose diameter="0.015" isWorldSpaceHose="false" length="0.6" minCenterPointAngle="30" node="hydraulic06Start" straighteningFactor="2" type="airDoubleYellow"/>
            <target attacherJointIndices="1 3 4" node="airIn01_detachedAdapter" straighteningFactor="1" type="none"/>
        </localHose>
		<localHose>
            <hose diameter="0.015" isWorldSpaceHose="false" length="0.6" minCenterPointAngle="30" node="hydraulic07Start" straighteningFactor="2" type="airDoubleRed"/>
            <target attacherJointIndices="1 3 4" node="airOut01_detachedAdapter" straighteningFactor="1" type="none"/>
        </localHose>
    </connectionHoses>
	
	<dynamicallyLoadedParts>
        <dynamicallyLoadedPart node="1|0" linkNode="hydraulicIn01_detachedAdapter"  	filename="connectionHoses/connectors.i3d" />
        <dynamicallyLoadedPart node="1|0" linkNode="hydraulicOut01_detachedAdapter"  	filename="connectionHoses/connectors.i3d" />
        <dynamicallyLoadedPart node="1|6" linkNode="hydraulicIn02_detachedAdapter"  	filename="connectionHoses/connectors.i3d" />
        <dynamicallyLoadedPart node="1|6" linkNode="hydraulicOut02_detachedAdapter"  	filename="connectionHoses/connectors.i3d" />
        <dynamicallyLoadedPart node="1|1" linkNode="electric_detachedAdapter"  			filename="$data/shared/connectionHoses/connectors.i3d" />
        <dynamicallyLoadedPart node="1|3" linkNode="airIn01_detachedAdapter"  			filename="$data/shared/connectionHoses/connectors.i3d" />
        <dynamicallyLoadedPart node="1|2" linkNode="airOut01_detachedAdapter"  			filename="$data/shared/connectionHoses/connectors.i3d" />
    </dynamicallyLoadedParts>
    
	<i3dMappings>
        <i3dMapping id="itRunner_main_component1" 		node="0>"/>
        <i3dMapping id="itrunner_vis" 					node="0>0"/>
        <i3dMapping id="wheelBackLeft1" 				node="0>0|0|0"/>
        <i3dMapping id="wheelBackLeft1Node" 			node="0>0|0|0|0"/>
        <i3dMapping id="wheelChocksDetached" 			node="0>0|0|0|1"/>
        <i3dMapping id="wheelChock1" 					node="0>0|0|0|1|0"/>
        <i3dMapping id="wheelChock2" 					node="0>0|0|0|1|1"/>
        <i3dMapping id="wheelBackRight1" 				node="0>0|0|1"/>
        <i3dMapping id="wheelBackLeft2" 				node="0>0|0|2"/>
        <i3dMapping id="wheelBackRight2" 				node="0>0|0|3"/>
        <i3dMapping id="wheelBackLeft3" 				node="0>0|0|4"/>
        <i3dMapping id="wheelBackRight3" 				node="0>0|0|5"/>
        <i3dMapping id="attacherJoint" 					node="0>0|1|0"/>
        <i3dMapping id="pto" 							node="0>0|1|1"/>
        <i3dMapping id="ptoDetach" 						node="0>0|1|1|0"/>
        <i3dMapping id="supportArmSlide" 				node="0>0|1|2"/>
        <i3dMapping id="wheelChocksAttached" 			node="0>0|1|3"/>
        <i3dMapping id="wheelChock3" 					node="0>0|1|3|0"/>
        <i3dMapping id="wheelChock4" 					node="0>0|1|3|1"/>
		<i3dMapping id="hoseStartNode01" 				node="0>0|1|4|0"/>
        <i3dMapping id="hoseStartNode02" 				node="0>0|1|4|1"/>
        <i3dMapping id="hoseStartNode03" 				node="0>0|1|4|2"/>
        <i3dMapping id="hoseStartNode04" 				node="0>0|1|4|3"/>
        <i3dMapping id="hoseStartNode05" 				node="0>0|1|4|4"/>
        <i3dMapping id="hoseStartNode06" 				node="0>0|1|4|5"/>
        <i3dMapping id="hoseStartNode07" 				node="0>0|1|4|6"/>
        <i3dMapping id="hoseEndNode01" 					node="0>0|1|4|7"/>
        <i3dMapping id="hoseEndNode02" 					node="0>0|1|4|8"/>
        <i3dMapping id="hoseEndNode03" 					node="0>0|1|4|9"/>
        <i3dMapping id="hoseEndNode04" 					node="0>0|1|4|10"/>
        <i3dMapping id="hoseEndNode05" 					node="0>0|1|4|11"/>
        <i3dMapping id="hoseEndNode06" 					node="0>0|1|4|12"/>
        <i3dMapping id="hoseEndNode07" 					node="0>0|1|4|13"/>
        <i3dMapping id="fixpoint" 						node="0>0|1|4|14|0"/>
        <i3dMapping id="hydraulic01Start" 				node="0>0|1|4|14|0|0"/>
        <i3dMapping id="hydraulicIn01_detachedAdapter" 	node="0>0|1|4|14|0|1"/>
        <i3dMapping id="hydraulic02Start" 				node="0>0|1|4|14|0|2"/>
        <i3dMapping id="hydraulicOut01_detachedAdapter" node="0>0|1|4|14|0|3"/>
        <i3dMapping id="hydraulic03Start" 				node="0>0|1|4|14|0|4"/>
        <i3dMapping id="hydraulicIn02_detachedAdapter" 	node="0>0|1|4|14|0|5"/>
        <i3dMapping id="hydraulic04Start" 				node="0>0|1|4|14|0|6"/>
        <i3dMapping id="hydraulicOut02_detachedAdapter" node="0>0|1|4|14|0|7"/>
        <i3dMapping id="hydraulic05Start" 				node="0>0|1|4|14|0|8"/>
        <i3dMapping id="electric_detachedAdapter" 		node="0>0|1|4|14|0|9"/>
        <i3dMapping id="hydraulic06Start" 				node="0>0|1|4|14|0|10"/>
        <i3dMapping id="airIn01_detachedAdapter" 		node="0>0|1|4|14|0|11"/>
        <i3dMapping id="hydraulic07Start" 				node="0>0|1|4|14|0|12"/>
        <i3dMapping id="airOut01_detachedAdapter" 		node="0>0|1|4|14|0|13"/>
        <i3dMapping id="hydraulicIn01" 					node="0>0|1|4|15"/>
        <i3dMapping id="hydraulicOut01" 				node="0>0|1|4|16"/>
        <i3dMapping id="hydraulicIn02" 					node="0>0|1|4|17"/>
        <i3dMapping id="hydraulicOut02" 				node="0>0|1|4|18"/>
        <i3dMapping id="hydraulicIn03" 					node="0>0|1|4|19"/>
        <i3dMapping id="hydraulicIn04" 					node="0>0|1|4|20"/>
        <i3dMapping id="hydraulicOut04" 				node="0>0|1|4|21"/>
        <i3dMapping id="licensePlateBack" 				node="0>0|1|5"/>
        <i3dMapping id="containerHand" 					node="0>0|2|0"/>
        <i3dMapping id="handRotPart" 					node="0>0|2|0|0"/>
        <i3dMapping id="handMovePart" 					node="0>0|2|0|0|0"/>
        <i3dMapping id="handLockArm" 					node="0>0|2|0|0|0|0"/>
        <i3dMapping id="jointRot" 						node="0>0|2|0|0|0|0|0"/>
        <i3dMapping id="containerAttacherJoint" 		node="0>0|2|0|0|0|0|0|0"/>
        <i3dMapping id="refPoint" 						node="0>0|2|0|0|1"/>
        <i3dMapping id="soundNode" 						node="0>0|2|0|1"/>
        <i3dMapping id="containerArmHydraulic" 			node="0>0|2|1"/>
        <i3dMapping id="containerArmHydraulicPunch" 	node="0>0|2|1|0"/>
        <i3dMapping id="workingLightSquare_05" 			node="0>0|3|0|0"/>
        <i3dMapping id="workingLightSquare_04" 			node="0>0|3|0|1"/>
        <i3dMapping id="rearMultipointLight_01Right" 	node="0>0|3|0|2"/>
        <i3dMapping id="rearMultipointLight_01Left" 	node="0>0|3|0|3"/>
        <i3dMapping id="sideMarkersStatic" 				node="0>0|3|1|0"/>
        <i3dMapping id="backLightsHigh1" 				node="0>0|3|2"/>
        <i3dMapping id="reverseLightsHigh1" 			node="0>0|3|3"/>
		<i3dMapping id="licensePlateLightHigh" 			node="0>0|3|7|0" />
        <i3dMapping id="turnLightRightBack" 			node="0>0|3|4"/>
        <i3dMapping id="turnLightLeftBack" 				node="0>0|3|5"/>
        <i3dMapping id="beaconLight" 					node="0>0|3|6"/>
		<i3dMapping id="plateNumberLight01_Left" 		node="0>0|4|2" />
		<i3dMapping id="plateNumberLight01_Right" 		node="0>0|4|3" />
    </i3dMappings>
</vehicle>
