<?xml version="1.0" encoding="utf-8" standalone="no"?>
<vehicle type="pickupConveyor">
    <annotation>Copyright (C), chrisu70, Karlszwerg</annotation>
    <storeData>
        <name>
		<de>Fräse</de>
        <en>Milling Machine</en>
		</name>
        <specs>
            <neededPower>95</neededPower>
            <workingWidth>3.0</workingWidth>
        </specs>
        <functions>
            <function>$l10n_function_fraese</function>
        </functions>
        <image>store.dds</image>
        <price>5000</price>
        <lifetime>600</lifetime>
        <rotation>0</rotation>
        <brand>LIZARD</brand>
        <category>misc</category>
		<shopTranslationOffset>0 0 0</shopTranslationOffset>
        <shopRotationOffset>0 0 0</shopRotationOffset>
        <vertexBufferMemoryUsage>1303056</vertexBufferMemoryUsage>
        <indexBufferMemoryUsage>189330</indexBufferMemoryUsage>
        <textureMemoryUsage>5592496</textureMemoryUsage>
        <instanceVertexBufferMemoryUsage>0</instanceVertexBufferMemoryUsage>
        <instanceIndexBufferMemoryUsage>0</instanceIndexBufferMemoryUsage>
    </storeData>
    <base>
        <typeDesc>$l10n_typeDesc_fräse</typeDesc>
        <filename>Fraese.i3d</filename>
        <size width="3" length="8" lengthOffset="0"/>
        <speedLimit value="10"/>
        <components>
            <component centerOfMass="0 0 -0.35" solverIterationCount="8" mass="1045"/>
        </components>
        <schemaOverlay attacherJointPosition="0 0" name="IMPLEMENT"/>
			<turnedOn name="DEFAULT_IMPLEMENT_ON"/>
            <selected name="DEFAULT_IMPLEMENT_SELECTED"/>
            <turnedOnSelected name="DEFAULT_IMPLEMENT_SELECTED_ON"/>
		<mapHotspot type="pickupConveyor" />
    </base>
    <attachable>
        <inputAttacherJoints>
            <inputAttacherJoint node="attacherJoint" jointType="implement" topReferenceNode="0>1" upperRotationOffset="5" lowerRotationOffset="0">
                <distanceToGround lower="0.35" upper="0.85"/>
            </inputAttacherJoint>
        </inputAttacherJoints>
        <support animationName="moveSupport"/>
    </attachable>
	 <powerTakeOffs>
        <input inputAttacherJointIndices="1" inputNode="pto" aboveAttacher="false" />
    </powerTakeOffs>
    <powerConsumer ptoRpm="500" neededMaxPtoPower="50"/>
	<lights>
        <sharedLight linkNode="Scheinwerferpipe"    filename="shared/workingLightOval_02.xml"/>
        <sharedLight linkNode="Scheinwerfer_1"  filename="shared/workingLightOval_02.xml"/>
        <sharedLight linkNode="Scheinwerfer_2"   filename="shared/workingLightOval_02.xml"/>
		<realLights>
             <low>
                <light node="workLightPipeLow"    lightTypes="1"/>
                <light node="WorkLightLow"   lightTypes="1"/>
            </low>
            <high>
                <light node="workLightPipeHigh"    lightTypes="1"/>
                <light node="workLightHigh"   lightTypes="1"/>
            </high>
        </realLights>
	</lights>
	<foldable>
        <foldingConfigurations>
            <foldingConfiguration>
                <foldingParts startMoveDirection="1">
                    <foldingPart animationName="Fraese" speedScale="1.1" />
                </foldingParts>
            </foldingConfiguration>
        </foldingConfigurations>
    </foldable>
   
    <animations>
        <animation name="moveSupport">
            <part node="0>4" startTime="0" endTime="1" startTrans="0 0.217 0" endTrans="0 0 0"/>
        </animation>
        <animation name="Fraese">
            <part node="0>3|0" startTime="0" duration="1" startTrans="0 0 0.407" endTrans="0 0 0.307"/>
        </animation>
    </animations>
    <cylindered>
        <movingTools>
            <movingTool node="0>4"/>
            <movingTool node="0>3|0"/>
            <movingTool node="0>3|5"/>
            <movingTool node="0>3|5|0"/>
            <movingTool node="0>3|5|0|0|0"/>
        </movingTools>

    </cylindered>
	<fillVolumes>
        <dischargeInfos>
            <dischargeInfo>
                <node node="pipeRaycastNode" width="0.4" length="0.4"/>
            </dischargeInfo>
        </dischargeInfos>
    </fillVolumes>

	<fillUnit>
        <fillUnitConfigurations>
            <fillUnitConfiguration>
                <fillUnits>
                    <fillUnit unitTextOverride="$l10n_unit_literShort" showOnHud="true" fillTypeCategories="bulk" capacity="100" showCapacityInShop="false">
                    </fillUnit>
                </fillUnits>
            </fillUnitConfiguration>
        </fillUnitConfigurations>
    </fillUnit>
 	
	<shovel>
        <shovelNode node="PickUpNode" fillUnitIndex="1" width="2.8" length="0.5" yOffset="-0.3" needsMovement="false" needsActivation="true" fillLitersPerSecond="1000"/>
    </shovel>
	<dischargeable>
        <dischargeNode node="pipeRaycastNode" emptySpeed="1000" fillUnitIndex="1" maxDistance="32" stopDischargeOnEmpty="false">
            <info width="0.4" length="0.4" useRaycastHitPosition="true"/>

            <effects>
				<effectNode                         	effectNode="grainNorm"  	delay="0"    materialType="unloading" materialTypeId="1" fadeScale="0"/>
				<effectNode                         	effectNode="grainNorm1"  	delay="0"    materialType="unloading" materialTypeId="1" fadeScale="0"/>
				<effectNode                         	effectNode="grainNorm2"  	delay="0"    materialType="unloading" materialTypeId="1" fadeScale="0"/>
                <effectNode 							effectNode="smokeNorm" 				materialType="smoke" materialTypeId="1" fadeTime="0.5" />
				
				<effectNode                          	effectNode="pipeEffect_1"  delay="0.1"  materialType="unloading" materialTypeId="1" fadeScale="0"/>
             	<effectNode effectClass="PipeEffect" 	effectNode="pipeEffect"  delay="0.12" materialType="pipe"      materialTypeId="1" maxBending="0.15" shapeScaleSpread="1.03 0.96 1 0"/>
            </effects>
        </dischargeNode>
    </dischargeable>
	<pipe>
		<pipeConfigurations>
			<pipeConfiguration name="$l10n_configuration_valueDefault" price="0" dischargeNodeIndex="1" toggleableDischargeToGround="true">
				<pipeNodes>
					<pipeNode node="pipeBase" rotationSpeeds="40 40 40" autoAimYRotation="true" autoAimInvertZ="false">
						<state rotation="0 0 0"/>
						<state rotation="0 180 0"/>
					</pipeNode>
					<pipeNode node="pipeRot" rotationSpeeds="40 0 0">
						<state rotation="-4 0 0"/>
						<state rotation="-77 0 0"/>
					</pipeNode>
					<pipeNode node="RaycastPipe" rotationSpeeds="80 40 40" autoAimXRotation="true">
						<state rotation="20 0 0"/>
						<state rotation="175 0 0"/>
					</pipeNode>
				</pipeNodes>
				<states num="2" unloading="2" autoAiming="2" turnOnAllowed="2"/>
				<unloadingTriggers>
					<unloadingTrigger node="trailerTrigger_0"/>
					<unloadingTrigger node="trailerTrigger_1"/>
					<unloadingTrigger node="trailerTrigger_2"/>
				</unloadingTriggers>
			</pipeConfiguration>
        </pipeConfigurations>
    </pipe>
    <turnOnVehicle turnOffIfNotAllowed="true">
        <sounds>
            <start file="sound/start.ogg">
                <volume indoor="0.55" outdoor="1.00"/>
                <pitch outdoor="1.00"/>
                <lowpassGain indoor="0.75"/>
            </start>
            <work file="sound/loop.ogg">
                <volume indoor="0.55" outdoor="1.00"/>
                <pitch outdoor="1.00"/>
                <lowpassGain indoor="0.75"/>
            </work>
            <stop file="sound/stop.ogg">
                <volume indoor="0.55" outdoor="1.00"/>
                <pitch outdoor="1.00"/>
                <lowpassGain indoor="0.75"/>
            </stop>
        </sounds>
		<animationNodes>
            <animationNode node="Rechte_Walze" rotSpeed="1200" rotAxis="2" turnOnFadeTime="1" turnOffFadeTime="3"/>
            <animationNode node="Linke_Walze" rotSpeed="-1200" rotAxis="2" turnOnFadeTime="1" turnOffFadeTime="3"/>
            <animationNode node="Sammelwalze" rotSpeed="-1200" rotAxis="2" turnOnFadeTime="3" turnOffFadeTime="3"/>
            <animationNode node="WalzeOben" rotSpeed="1200" rotAxis="2" turnOnFadeTime="3" turnOffFadeTime="3"/>
            <animationNode node="WalzeUnten" rotSpeed="-1200" rotAxis="2" turnOnFadeTime="3" turnOffFadeTime="3"/>
        </animationNodes>
    </turnOnVehicle>
	<baseMaterial>
        <material name="fraese_mat" baseNode="Body">
            <shaderParameter name="colorMat0" value="0.0789 0.2390 0.0830 0"/>
        </material>
    </baseMaterial>
	
	<baseMaterialConfigurations price="1500" useDefaultColors="true">
        <baseMaterialConfiguration name="SF Garage Steel" color="0.3 0.3 0.3 1" material="31"/>
        <baseMaterialConfiguration name="SF New Silver" color="SHARED_GREY2" material="27"/>
        <baseMaterialConfiguration name="SF Gun Metal" color="SHARED_GREY5" material="27"/>
        <baseMaterialConfiguration name="SF SILVER" color="SHARED_GREY2" material="27" price="1800"/>
        <baseMaterialConfiguration name="SF CHROME" color="SHARED_WHITE2" material="2" price="2200"/>
        <baseMaterialConfiguration name="SF CHARCOAL" color="SHARED_GREY5" material="27" price="1800"/>
        <baseMaterialConfiguration name="SF LINE X" color="0.016 0.016 0.016" material="25" price="1800"/>
        <baseMaterialConfiguration name="SF STAINLESS" color="SHARED_WHITE2" material="3" price="1800"/>
        <baseMaterialConfiguration name="SF Aluminium" color="0.6 0.6 0.6 8" material="9"/>
        <baseMaterialConfiguration name="SF TAN METALIC " color="KRONE_YELLOW1" material="27" price="1500"/>
        <baseMaterialConfiguration name="SF WHITE METALIC" color="SHARED_WHITE2" material="27" price="1500"/>
        <baseMaterialConfiguration name="SF Pearl White" color="STOLL_WHITE2" material="27"/>
        <baseMaterialConfiguration name="SF GOLD" color="KRONE_YELLOW1" material="2" price="2200"/>
        <baseMaterialConfiguration name="SF GOLD CANDY" color="KRONE_YELLOW1" material="3" price="1800"/>
        <baseMaterialConfiguration name="SF RootBeer" color="0.53 0.22 0.04" material="27"/>
        <baseMaterialConfiguration name="SF Copper" color="0.72 0.351 0.155" material="27"/>
        <baseMaterialConfiguration name="SF YELLOW METALIC" color="JOHNDEERE_YELLOW1" material="27" price="1500"/>
        <baseMaterialConfiguration name="SF YELLOW CANDY" color="JOHNDEERE_YELLOW1" material="3" price="1800"/>
        <baseMaterialConfiguration name="SF YELLOW CHROME" color="JOHNDEERE_YELLOW1" material="2" price="2200"/>
        <baseMaterialConfiguration name="SF Deer Yellow" color="JOHNDEERE_YELLOW1" material="27"/>
        <baseMaterialConfiguration name="SF KRONE YELLOW" color="KRONE_YELLOW1" material="0" price="1000"/>
        <baseMaterialConfiguration name="SF NEWHOLLAND YELLOW" color="NEWHOLLAND_YELLOW1" material="0" price="1000"/>
        <baseMaterialConfiguration name="SF CLAAS" color="0.4 0.6 0.02 1.0" material="0" price="1000"/>
        <baseMaterialConfiguration name="SF CLAAS US" color="0.800 0.443 0.008 1.0" material="0" price="1000"/>
        <baseMaterialConfiguration name="SF Deer Green" color="JOHNDEERE_GREEN1" material="27"/>
        <baseMaterialConfiguration name="SF GREEN CHROME" color="KRONE_GREEN1" material="2" price="2200"/>
        <baseMaterialConfiguration name="SF GREEN CANDY" color="KRONE_GREEN1" material="3" price="1800"/>
        <baseMaterialConfiguration name="SF GREEN METALIC" color="KRONE_GREEN1" material="27" price="1500"/>
        <baseMaterialConfiguration name="SF SpringGreen" color="0.000 0.804 0.400 1"/>
        <baseMaterialConfiguration name="SF SpringGreen Metal" color="0.000 0.804 0.400 1" material="9"/>
        <baseMaterialConfiguration name="SF LightGreen" color="0.000 0.804 0.000 1"/>
        <baseMaterialConfiguration name="SF LightGreen Metal" color="0.000 0.804 0.000 1" material="9"/>
        <baseMaterialConfiguration name="SF Olive Metal" color="LIZARD_OLIVE1" material="9"/>
        <baseMaterialConfiguration name="SF Sea Green" color="0.32 1.78 1.70" material="27"/>
        <baseMaterialConfiguration name="SF Blaze Orange" color="FLIEGL_ORANGE1" material="27"/>
        <baseMaterialConfiguration name="SF BURNT ORANGE" color="0.5 0.08 0.0046 1" material="27" price="1800"/>
        <baseMaterialConfiguration name="SF ORANGE CHROME" color="STARA_ORANGE" material="2" price="2200"/>
        <baseMaterialConfiguration name="SF ORANGE CANDY" color="STARA_ORANGE" material="3" price="1800"/>
        <baseMaterialConfiguration name="SF HUSQVARNA" color="HUSQVARNA_ORANGE1" material="0" price="1000"/>
        <baseMaterialConfiguration name="SF Black Cherry" color="0.010 0 0 1" material="27" price="1800"/>
        <baseMaterialConfiguration name="SF BLACK CHROME" color="SHARED_BLACK2" material="2" price="2200"/>
        <baseMaterialConfiguration name="SF BLACK CANDY" color="SHARED_BLACK2" material="3" price="1800"/>
        <baseMaterialConfiguration name="SF BLACK METALIC" color="SHARED_BLACK2" material="27" price="1500"/>
        <baseMaterialConfiguration name="SF Red" color="CASEIH_RED1" material="27"/>
        <baseMaterialConfiguration name="SF RED CHROME" color="CASEIH_RED1" material="2" price="2200"/>
        <baseMaterialConfiguration name="SF RED CANDY" color="CASEIH_RED1" material="3" price="1800"/>
        <baseMaterialConfiguration name="SF RED METALIC" color="CASEIH_RED1" material="27" price="1500"/>
        <baseMaterialConfiguration name="SF Nitro Blue" color="NEWHOLLAND_BLUE1" material="27"/>
        <baseMaterialConfiguration name="SF Deep Blue" color="HATZENBICHLER_DARKBLUE1" material="27"/>
        <baseMaterialConfiguration name="SF Blue" color="FENDT_VIOLET1" material="27" price="1800"/>
        <baseMaterialConfiguration name="SF MIDNIGHT BLUE" color="0.001 0 0.015 1" material="27" price="1800"/>
        <baseMaterialConfiguration name="SF BLUE CHROME" color="NEWHOLLAND_BLUE1" material="2" price="2200"/>
        <baseMaterialConfiguration name="SF BLUE CANDY" color="NEWHOLLAND_BLUE1" material="3" price="1800"/>
        <baseMaterialConfiguration name="SF MENGELE BLUE" color="0.0759 0.3392 0.4205 1"/>
        <baseMaterialConfiguration name="SF MAN BLUE" color="MAN_BLUE6"/>
        <baseMaterialConfiguration name="SF BABY BLUE" color="0 1 1 0"/>
        <baseMaterialConfiguration name="SF Turquoise" color="GOLDHOFER_GREEN1" material="27" price="1800"/>
        <baseMaterialConfiguration name="SF Turquoise Metal" color="0.000 1.000 1.000 1" material="9"/>
        <baseMaterialConfiguration name="SF Turquoise Chrome" color="0.000 1.000 1.000 1" material="2"/>
        <baseMaterialConfiguration name="SF CYAN" color="KOMATSU_CYAN" material="0" price="1000"/>
        <baseMaterialConfiguration name="SF BROWN" color="SHARED_BROWN1" material="0" price="1000"/>
        <baseMaterialConfiguration name="SF Pink Metalic" color="LIZARD_PINK1" material="2"/>
        <baseMaterialConfiguration name="SF Neon Pink" color="0.929 0.004 0.176 1"/>
        <material name="fraese_mat" shaderParameter="colorMat0" />
    </baseMaterialConfigurations>
	<wearable wearDuration="480" workMultiplier="5" fieldMultiplier="2"/>
    <washable dirtDuration="90" washDuration="1" workMultiplier="6" fieldMultiplier="2"/>
	<i3dMappings>
		<i3dMapping id="Fraese" node="0>" />
		<i3dMapping id="attacherJoint" node="0>0" />
		<i3dMapping id="topReference" node="0>1" />
		<i3dMapping id="tipReferenceNode" node="0>2" />
		<i3dMapping id="Body" node="0>3" />
		<i3dMapping id="Seitl_Fraes" node="0>3|0" />
		<i3dMapping id="Rechte_Walze" node="0>3|0|0" />
		<i3dMapping id="Rechte_Walze_vis" node="0>3|0|0|0" />
		<i3dMapping id="Linke_Walze" node="0>3|0|1" />
		<i3dMapping id="Linke_Walze_vis" node="0>3|0|1|0" />
		<i3dMapping id="grainNorm1" node="0>3|0|2" />
		<i3dMapping id="grainNorm2" node="0>3|0|3" />
		<i3dMapping id="Sammelwalze" node="0>3|1" />
		<i3dMapping id="Sammelwalze_vis" node="0>3|1|0" />
		<i3dMapping id="WalzeOben" node="0>3|2" />
		<i3dMapping id="WalzeOben_vis" node="0>3|2|0" />
		<i3dMapping id="WalzeUnten" node="0>3|3" />
		<i3dMapping id="WalzeUnten_vis" node="0>3|3|0" />
		<i3dMapping id="Auswurf" node="0>3|4" />
		<i3dMapping id="AuswurfWalze" node="0>3|4|0" />
		<i3dMapping id="pipeBase" node="0>3|5" />
		<i3dMapping id="Drehteller" node="0>3|5|0" />
		<i3dMapping id="pipeRot" node="0>3|5|0|0" />
		<i3dMapping id="Pipe_vis" node="0>3|5|0|0|0" />
		<i3dMapping id="RaycastPipe" node="0>3|5|0|0|0|0" />
		<i3dMapping id="PipeKlappe" node="0>3|5|0|0|0|0|0" />
		<i3dMapping id="Scheinwerferpipe" node="0>3|5|0|0|0|0|0|0" />
		<i3dMapping id="workLightPipeLow" node="0>3|5|0|0|0|0|0|0|0" />
		<i3dMapping id="workLightPipeHigh" node="0>3|5|0|0|0|0|0|0|1" />
		<i3dMapping id="pipeEnd" node="0>3|5|0|0|0|0|1" />
		<i3dMapping id="pipeEndArmRef" node="0>3|5|0|0|0|0|1|0" />
		<i3dMapping id="pipeRaycastNode" node="0>3|5|0|0|0|0|1|1" />
		<i3dMapping id="fillVolumeDischargeNode" node="0>3|5|0|0|0|0|1|2" />
		<i3dMapping id="pipeEffect" node="0>3|5|0|0|0|0|1|3" />
		<i3dMapping id="pipeEffect_1" node="0>3|5|0|0|0|1" />
		<i3dMapping id="Scheinwerfer_1" node="0>3|6" />
		<i3dMapping id="Scheinwerfer_2" node="0>3|7" />
		<i3dMapping id="Arbeitslicht_1" node="0>3|8" />
		<i3dMapping id="WorkLightLow" node="0>3|8|0" />
		<i3dMapping id="workLightHigh" node="0>3|8|1" />
		<i3dMapping id="workLightHigh1" node="0>3|8|1|0" />
		<i3dMapping id="pto" node="0>3|9" />
		<i3dMapping id="effects" node="0>3|10" />
		<i3dMapping id="effectNode" node="0>3|10|0" />
		<i3dMapping id="grainNorm" node="0>3|10|0|0" />
		<i3dMapping id="smokeNorm" node="0>3|10|0|1" />
		<i3dMapping id="particleNode" node="0>3|10|1" />
		<i3dMapping id="emittershape" node="0>3|10|1|0" />
		<i3dMapping id="Support" node="0>4" />
		<i3dMapping id="colli_0" node="0>4|0" />
		<i3dMapping id="ai" node="0>5" />
		<i3dMapping id="trailerTrigger_0" node="0>5|0" />
		<i3dMapping id="trailerTrigger_1" node="0>5|1" />
		<i3dMapping id="trailerTrigger_2" node="0>5|2" />
		<i3dMapping id="PickUpNode" node="0>6" />
		<i3dMapping id="colli_1" node="0>7" />
		<i3dMapping id="colli_2" node="0>7|0" />
		<i3dMapping id="tipTrigger" node="0>8" />
		<i3dMapping id="camera" node="1>" />
	</i3dMappings>
</vehicle>
