<?xml version='1.0' encoding='utf-8' standalone='no'?>
<wheel xmlns:xsi="http://www.w3.org/2001/XMLSchema-instance" xsi:noNamespaceSchemaLocation="https://validation.gdn.giants-software.com/xml/fs22/wheel.xsd">
    <brand>LIZARD</brand>
    <name>Traseiro</name>
    <default>
        <physics radius="0.55" width="0.315" mass="0.108" tireType="offRoad" frictionScale="1.60" maxLongStiffness="8" maxLatStiffness="100" maxLatStiffnessLoad="2"/>
        <tire filename="$data/shared/wheels/tires/continental/contiCrossTracHS3/R22_5_contiCrossTracHS3.i3d" nodeLeft="2|0" nodeRight="2|0" maxDeformation="0.02" sideDeformOffset="0.988" isCareWheel="false" tireTrackAtlasIndex="4"/>
        <outerRim filename="Rodas/Rodas.i3d"  nodeLeft="1|1" nodeRight="3|1"  widthAndDiam="40 40"/>
        <innerRim filename="Rodas/Rodas.i3d" nodeLeft="0|1" nodeRight="2|1" offset="0" widthAndDiam="30 50"/>
    </default>
    <configurations>
        <configuration id="dual">
            <innerRim filename="-"/>
            <outerRim filename="-"/>
        </configuration>
        <configuration id="dualConnector">
            <innerRim nodeLeft="0|1" nodeRight="2|1" offset="-0.15" widthAndDiam="39 39"/>
        </configuration>
    </configurations>
</wheel>
