<?xml version="1.0" encoding="utf-8" standalone="no" ?>
<modDesc descVersion="62">
	<author>Ifko[nator]</author>
	<version>1.0.0.0</version>
	
	<title>
		<en>Reduced maintenance costs</en>
		<de>Verringerte Wartungskosten</de>
	</title>
	
	<description>
		<en>Reduced maintenance costs</en>
		<de>Verringerte Wartungskosten</de>
	</description>
	
	<iconFilename>icon_reduceMaintenanceCosts.dds</iconFilename>
	<multiplayer supported="true"/>
	
	<extraSourceFiles>
		<sourceFile filename="RegisterSpecialization.lua"/>
	</extraSourceFiles>

	<registerSpecializations>
		<registerSpecialization name="reduceMaintenanceCosts" className="ReduceMaintenanceCosts" filename="ReduceMaintenanceCosts.lua" searchedSpecializations="wearable"/>
	</registerSpecializations>
</modDesc>