<?xml version="1.0" encoding="utf-8" standalone="no" ?>
<modDesc descVersion="61">
    <author>monteur1</author>
    <version>1.0.0.0</version>
	
    <title>
        <en>Slow Wear</en>
        <de>Langsamer Verschleiß</de>
        <fr>Consommation d engrais variable</fr>
    </title>
	
    <description>
        <en>
<![CDATA[
Slow wear doubles the wear time and halves the workMultiplier and fieldMultiplier
]]>
		</en>        
        <de>
<![CDATA[
Langsamer Verschleiß verdoppelt die Verschleißzeit und halbiert den workMultiplier und fieldMultiplier
]]>
		</de>    
        <fr>
<![CDATA[	
Une usure lente double le temps d'usure et divise par deux le travail Multiplicateur et multiplicateur de terrain
]]>
        </fr>				
    </description>
	
    <iconFilename>icon.dds</iconFilename>
    <multiplayer supported="true"/>

    <extraSourceFiles>
        <sourceFile filename="addSpezialisatzion.lua"/>
    </extraSourceFiles>
 </modDesc>
