<?xml version="1.0" encoding="utf-8" standalone="no" ?>
<modDesc descVersion="61">
    <author>TeeKoo</author>
    <version>1.0.0.0</version>
    <title>
        <en>Player Position Saver</en>
    </title>
    <description>
        <en><![CDATA[Keeps track and saves players positions. Teleports a player back to the last location, when the player joins/starts the game again.
  - When a player is in a vehicle, mod calculates position of the vehicle's exitpoint and saves it.
  - If a player does not have position, the last known position will be saved.
  - Multiplayer supported.]]></en>
  <de><![CDATA[Erkennt und speichert die Positionen der Spieler. Teleportiert einen Spieler zurück an die letzte Position, wenn der Spieler dem Spiel erneut beitritt/startet.
  - Wenn sich ein Spieler in einem Fahrzeug befindet, berechnet der Mod die Position des Ausstiegspunkts am Fahrzeug und speichert sie.
  - Wenn ein Spieler keine Position hat, wird die letzte bekannte Position gespeichert.
  - Multiplayer unterstützt.]]></de>
    </description>
    <iconFilename>icon.png</iconFilename>
    <multiplayer supported="true"/>
    <extraSourceFiles>
		<sourceFile filename="src/PositionSaver.lua" />
    </extraSourceFiles>
</modDesc>