﻿<?xml version="1.0" encoding="utf-8" standalone="no" ?>
<modDesc descVersion="61">
    <author>Enzo Dino</author>
    <version>3.0.0.0</version>
	
	<multiplayer supported="true" />
	
    <title>
        <de>Scorpio 550</de>
        <en>Scorpio 550</en>
    </title>
  <description>
        <de>Scorpio 550S</de>
    </description>
    <iconFilename>store_scorpio550.dds</iconFilename>
    <storeItems>
        <storeItem xmlFilename="scorpio550S.xml"/>
    </storeItems>
	<brands>
        <brand name="JOHNDEERE" title="JOHNDEERE" image="brand_elho.dds"/>
    </brands>
</modDesc>
