<?xml version="1.0" encoding="utf-8" standalone="no" ?>
<modDesc descVersion="61">
    <author>Maxter</author>
    <version>1.0.1.0</version>
    <title>
        <en>Quicke HDV 240</en>
    </title>
    <description>
        <en>
            <![CDATA[Quicke HDV 240
Price: 2.100 €
Working width: 2.4 m

Telehandler Adapter
Price: 400 €
Possibility to attach frontloader implements to teleloader.

Changelog 1.0.1.0:
-Changed some stuff for better shovel pickup behavior
-Improved leveling feature
-New storePic
]]>
</en>
        <de>
            <![CDATA[Quicke HDV 240
Preis: 2.100 €
Arbeitsbreite: 2.4 m

Telelader Adapter
Price: 400 €
Damit können Frontladergeräte an Teleskoplader gekuppelt werden.

Changelog 1.0.1.0: 
-Aufnahme von Gütern verbessert
-Schieben von Silage verbessert
-Neues Shop Bild erstellt
]]>
</de>
    </description>
    <iconFilename>icon_quickeHDV240.dds</iconFilename>
    <multiplayer supported="true" />

	<l10n>
		<text name="title_telehandlerAdapter">
            <en>Adapter</en>
		</text>
		<text name="function_adapter">
            <en>With this adapter you can attach frontloader implements to telehandlers.</en>
            <de>Mit diesem Adapter können Sie Frontladergeräte an Teleskoplader anhängen.</de>
		</text>
		<text name="color_galvanized">
            <en>Galvanized</en>
            <de>Galvanisiert</de>
		</text>
		<text name="configuration_frontloader">
            <en>Frontloader</en>
            <de>Frontlader</de>
		</text>
		<!-- Adapter -->
		<text name="configuration_telehandler">
            <en>Telehandler</en>
            <de>Teleskoplader</de>
		</text>
	</l10n>

    <storeItems>
        <storeItem xmlFilename="quickeHDV240.xml" />
		<storeItem xmlFilename="telehandlerAdapter.xml" />
    </storeItems>
</modDesc>
