﻿<?xml version="1.0" encoding="utf-8" standalone="no" ?>
<vehicle type="shovelLeveler" xmlns:xsi="http://www.w3.org/2001/XMLSchema-instance" xsi:noNamespaceSchemaLocation="https://validation.gdn.giants-software.com/xml/fs22/vehicle.xsd">
    <annotation>Copyright (C) GIANTS Software GmbH, All Rights Reserved.</annotation>

    <storeData>
        <name>HDV 240</name>
        <specs>
			<workingWidth>2.4</workingWidth>
            <combination filterCategory="frontLoaders" />
            <combination filterCategory="frontLoaderVehicles" />
			<combination filterCategory="teleLoaderVehicles" />
        </specs>
        <functions>
            <function>$l10n_function_frontloaderShovel</function>
        </functions>
        <image>store_quickeHDV240.png</image>
        <price>2100</price>
        <lifetime>600</lifetime>
        <rotation>0</rotation>
        <brand>QUICKE</brand>
        <category>frontLoaderTools</category>
        <shopTranslationOffset>0 0 0</shopTranslationOffset>
        <shopRotationOffset>0 0 0</shopRotationOffset>
        <vertexBufferMemoryUsage>110848</vertexBufferMemoryUsage>
        <indexBufferMemoryUsage>22528</indexBufferMemoryUsage>
        <textureMemoryUsage>983040</textureMemoryUsage>
        <audioMemoryUsage>0</audioMemoryUsage>
        <instanceVertexBufferMemoryUsage>0</instanceVertexBufferMemoryUsage>
        <instanceIndexBufferMemoryUsage>0</instanceIndexBufferMemoryUsage>
    </storeData>

    <base>
        <typeDesc>$l10n_typeDesc_frontloaderTool</typeDesc>
        <filename>quickeHDV240.i3d</filename>
        <size width="2.5" length="2"/>
        <components>
            <component centerOfMass="0 0 0" solverIterationCount="10" mass="434" />
        </components>
        <schemaOverlay attacherJointPosition="0 0" name="IMPLEMENT" />
    </base>

	<attachable>
        <inputAttacherJointConfigurations title="$l10n_configuration_design">
            <inputAttacherJointConfiguration name="$l10n_configuration_frontloader" price="0">
               <inputAttacherJoint node="attacherJoint" jointType="frontloader" /> 
                <objectChange node="teleHandlerAttacherJointVis" visibilityActive="false"/>
            </inputAttacherJointConfiguration>
			<inputAttacherJointConfiguration name="$l10n_configuration_telehandler" price="400">
               <inputAttacherJoint node="attacherJointTelehandler" jointType="telehandler" /> 
				<objectChange node="teleHandlerAttacherJointVis" visibilityActive="true"/>
            </inputAttacherJointConfiguration>
        </inputAttacherJointConfigurations>
    </attachable>

    <fillUnit>
        <fillUnitConfigurations>
            <fillUnitConfiguration>
                <fillUnits>
                    <fillUnit shopDisplayUnit="LITER" fillTypeCategories="SHOVEL" capacity="2000" >
                        <exactFillRootNode node="exactFillRootNode" />
                    </fillUnit>
                    <fillUnit unitTextOverride="$l10n_unit_literShort" fillTypeCategories="SHOVEL" capacity="2000" showInShop="false" showOnHud="false"/>
                </fillUnits>
            </fillUnitConfiguration>
        </fillUnitConfigurations>
    </fillUnit>

    <fillVolume>
        <fillVolumeConfigurations>
            <fillVolumeConfiguration>
                <volumes>
                    <volume node="fillVolume" maxDelta="5.5" maxAllowedHeapAngle="15" fillUnitIndex="1" maxSubDivEdgeLength="2.6" />
                </volumes>
            </fillVolumeConfiguration>
        </fillVolumeConfigurations>

        <loadInfos>
            <loadInfo>
                <node node="fillVolumeLoadNode" width="2.4" length="0.1" />
            </loadInfo>
        </loadInfos>

        <unloadInfos>
            <unloadInfo>
                <node node="fillVolumeUnloadNode" width="2.4" length="0.1" />
            </unloadInfo>
        </unloadInfos>
    </fillVolume>

    <dischargeable requiresTipOcclusionArea="false">
        <dischargeNode node="dischargeNode" fillUnitIndex="1" emptySpeed="1400" >
            <raycast node="dischargeNode" maxDistance="30" useWorldNegYDirection="true" yOffset="2"/>
            <info width="2.0" length="1" zOffset="0.5"/>

            <effects>
                <effectNode effectClass="TipEffect">
                    <effectNode effectNode="emitterShape" effectClass="ParticleEffect" lifespan="0.3" materialType="unloadingParticle"/>
                    <effectNode effectNode="grainEffect" materialType="unloading" fadeTime="0.5" alignXAxisToWorldY="true" extraDistance="0.15"/>
                </effectNode>
                <effectNode effectNode="smokeEffect" materialType="unloadingSmoke" fadeTime="0.5" />
            </effects>
        </dischargeNode>
    </dischargeable>

    <shovel>
        <shovelNode node="shovelNode" fillUnitIndex="1" loadInfoIndex="1" width="2.4" length="0.3" needsMovement="true" maxPickupAngle="105"/>
        <dischargeInfo node="dischargeNode" minSpeedAngle="100" maxSpeedAngle="125" />
    </shovel>

    <leveler fillUnitIndex="2" maxFillLevelPerMS="30">
        <levelerNode node="levelerNode" width="2.6" zOffset="0.4" minDropWidth="1.2" maxDropWidth="2.7" minDropDirOffset="1" maxDropDirOffset="1.5" minFillLevel="0.85">
            <smoothing allowed="true" radius="0.5" overlap="1.7" direction="0"/>
        </levelerNode>

        <pickUpDirection>1</pickUpDirection>
    </leveler>
	
    <suspensions>
        <suspension node="levelerNode" weight="150" minTranslation="0 -0.5 0.0" maxTranslation="0.0 0.5 0.0" suspensionParametersX="20 4" suspensionParametersY="1 1" suspensionParametersZ="20 4" serverOnly="true"/>
    </suspensions>

    <ai>
        <agentAttachment width="2.4" height="0.9" length="1.2" lengthOffset="0.05"/>
    </ai>

    <foliageBending>
        <bendingNode minX="-1.2" maxX="1.2" minZ="-0.55" maxZ="0.65" yOffset="0.02" />
    </foliageBending>

    <wearable wearDuration="480" workMultiplier="5" fieldMultiplier="2"/>
    <washable dirtDuration="90" washDuration="1" workMultiplier="6" fieldMultiplier="2"/>

  
    <i3dMappings>
        <i3dMapping id="quickeHDV240MainComponent" node="0>" />
        <i3dMapping id="quickeHDV240" node="0>0" />
        <i3dMapping id="attacherJoint" node="0>0|0" />
        <i3dMapping id="attacherJointTelehandler" node="0>0|1" />
        <i3dMapping id="fillUnit" node="0>0|2" />
        <i3dMapping id="exactFillRootNode" node="0>0|2|0" />
        <i3dMapping id="fillVolume" node="0>0|2|1" />
        <i3dMapping id="fillVolumeLoadNode" node="0>0|2|2" />
        <i3dMapping id="fillVolumeUnloadNode" node="0>0|2|3" />
        <i3dMapping id="dischargeNode" node="0>0|2|4" />
        <i3dMapping id="shovelNode" node="0>0|2|5" />
        <i3dMapping id="levelerNode" node="0>0|2|6" />
        <i3dMapping id="effects" node="0>0|3" />
        <i3dMapping id="grainEffect" node="0>0|3|0" />
        <i3dMapping id="smokeEffect" node="0>0|3|1" />
        <i3dMapping id="emitterShape" node="0>0|3|2" />
        <i3dMapping id="teleHandlerAttacherJointVis" node="0>0|4" />
    </i3dMappings>
</vehicle>
