﻿<?xml version="1.0" encoding="utf-8" standalone="no" ?>
<vehicle type="implement" xmlns:xsi="http://www.w3.org/2001/XMLSchema-instance" xsi:noNamespaceSchemaLocation="https://validation.gdn.giants-software.com/xml/fs22/vehicle.xsd">
    <annotation>Copyright (C) GIANTS Software GmbH, All Rights Reserved.</annotation>

    <storeData>
        <name>$l10n_title_telehandlerAdapter</name>
        <specs>
			<combination filterCategory="teleLoaderVehicles" />
        </specs>
        <functions>
            <function>$l10n_function_adapter</function>
        </functions>
        <image>store_telehandlerAdapter.png</image>
        <price>400</price>
        <lifetime>600</lifetime>
        <rotation>0</rotation>
        <brand>LIZARD</brand>
        <category>teleLoaderTools</category>
        <shopTranslationOffset>0 0 0</shopTranslationOffset>
        <shopRotationOffset>0 0 0</shopRotationOffset>
        <vertexBufferMemoryUsage>39424</vertexBufferMemoryUsage>
        <indexBufferMemoryUsage>6144</indexBufferMemoryUsage>
        <textureMemoryUsage>524288</textureMemoryUsage>
        <audioMemoryUsage>0</audioMemoryUsage>
        <instanceVertexBufferMemoryUsage>0</instanceVertexBufferMemoryUsage>
        <instanceIndexBufferMemoryUsage>0</instanceIndexBufferMemoryUsage>
    </storeData>

    <base>
        <typeDesc>$l10n_typeDesc_telehandlerTool</typeDesc>
        <filename>telehandlerAdapter.i3d</filename>
        <size width="2" length="2"/>
        <components>
            <component centerOfMass="0 0 0" solverIterationCount="10" mass="400" />
        </components>
        <schemaOverlay attacherJointPosition="0 0" name="IMPLEMENT" />
    </base>

	<attachable>
		<inputAttacherJoints>
			<inputAttacherJoint node="attacherJointTelehandler" jointType="telehandler" allowsJointLimitMovement="false" allowsLowering="false" rotLimitSpring="7500 7500 7500" rotLimitDamping="1 1 1" transLimitSpring="7500 7500 7500" transLimitDamping="1 1 1" /> 
		</inputAttacherJoints>
		<support animationName="moveSupport" />
    </attachable>
	
	<attacherJoints>
        <attacherJoint jointType="frontloader" node="attacherJoint" allowsJointLimitMovement="false" allowsLowering="false" rotLimitSpring="7500 7500 7500" rotLimitDamping="1 1 1" transLimitSpring="7500 7500 7500" transLimitDamping="1 1 1" >
            <schema position="1 0" rotation="0" invertX="false" />
        </attacherJoint>
        <sounds>
            <attach template="ATTACH_01" linkNode="teleHandlerAdapterMainComp" />
        </sounds>
    </attacherJoints>
	
	<connectionHoses>
		<skipNode attacherJointIndex="1" inputAttacherJointIndex="1" node="hydraulic01" type="hydraulicIn" length="1.25" isTwoPointHose="true"/>
		<skipNode attacherJointIndex="1" inputAttacherJointIndex="1" node="hydraulic02" type="hydraulicOut" length="1.25" isTwoPointHose="true"/>
    </connectionHoses>
	
	<animations>
        <animation name="moveSupport">
			<part node="lockingBolt01" startTime="0.00" endTime="0.25" startRot="-90 0 0"  endRot="0 0 0" />
			<part node="lockingBolt02" startTime="0.00" endTime="0.25" startRot="-90 0 0"  endRot="0 0 0" />
        </animation>
    </animations>
	
	<baseMaterial>
        <material name="telehandlerAdapter_mat" baseNode="teleHandlerAdapter">
			<shaderParameter name="colorMat2" material="0" value="0.3 0.3 0.3"/>
        </material>
    </baseMaterial>

	<baseMaterialConfigurations price="50" useDefaultColors="true" defaultColorIndex="0">
		<baseMaterialConfiguration color="0.3 0.3 0.3" material="4" name="$l10n_color_galvanized"/>
        <material name="telehandlerAdapter_mat" shaderParameter="colorMat2" />
    </baseMaterialConfigurations>

    <foliageBending>
        <bendingNode minX="-0.6" maxX="0.6" minZ="-0.3" maxZ="0.3" yOffset="0.02" />
    </foliageBending>

    <wearable wearDuration="480" workMultiplier="5" fieldMultiplier="2"/>
    <washable dirtDuration="90" washDuration="1" workMultiplier="6" fieldMultiplier="2"/>

    <i3dMappings>
        <i3dMapping id="teleHandlerAdapterMainComp" node="0>" />
        <i3dMapping id="attacherJoint" node="0>0" />
        <i3dMapping id="attacherJointTelehandler" node="0>1" />
        <i3dMapping id="teleHandlerAdapter" node="0>2" />
        <i3dMapping id="lockingMechanism" node="0>3" />
        <i3dMapping id="lockingBolt01" node="0>3|0" />
        <i3dMapping id="lockingBolt02" node="0>3|1" />
        <i3dMapping id="hydraulic01" node="0>4|0" />
        <i3dMapping id="hydraulic02" node="0>4|1" />
    </i3dMappings>
</vehicle>
