<?xml version="1.0" encoding="utf-8" standalone="no" ?>
<placeable type="productionPoint" xmlns:xsi="http://www.w3.org/2001/XMLSchema-instance" xsi:noNamespaceSchemaLocation="../../../../../shared/xml/schema/placeable.xsd">
    <storeData>
        <name>$l10n_name_LimeProduction</name>
        <functions>
            <function>$l10n_function_sellingPoint</function>
        </functions>
        <image>store_debrisCrusherAuger.dds</image>
        <price>15000</price>
        <lifetime>1000</lifetime>
        <rotation>0</rotation>
        <brand>LIZARD</brand>
        <species>placeable</species>
        <category>productionPoints</category>
        <brush>
            <type>placeable</type>
            <category>production</category>
            <tab>factories</tab>
        </brush>
        <vertexBufferMemoryUsage>925952</vertexBufferMemoryUsage>
        <indexBufferMemoryUsage>140544</indexBufferMemoryUsage>
        <textureMemoryUsage>3801088</textureMemoryUsage>
        <instanceVertexBufferMemoryUsage>0</instanceVertexBufferMemoryUsage>
        <instanceIndexBufferMemoryUsage>0</instanceIndexBufferMemoryUsage>
        <storeIconRendering>
            <settings cameraXRot="-25" cameraYRot="30" advancedBoundingBox="true"/>
        </storeIconRendering>
        <audioMemoryUsage>0</audioMemoryUsage>
    </storeData>

    <base>
        <filename>debrisCrusher.i3d</filename>
        <canBeRenamed>true</canBeRenamed>
    </base>

    <placement useRandomYRotation="false" useManualYRotation="true" >
        <testAreas>
            <testArea startNode="testArea1Start" endNode="testArea1End" />
        </testAreas>
    </placement>

    <clearAreas>
        <clearArea startNode="clearArea1Start" widthNode="clearArea1Width" heightNode="clearArea1Height"/>
        <clearArea startNode="clearArea2Start" widthNode="clearArea2Width" heightNode="clearArea2Height"/>
    </clearAreas>

    <leveling requireLeveling="true" maxSmoothDistance="10" maxSlope="75" maxEdgeAngle="30" >
        <levelAreas>
            <levelArea startNode="levelArea1Start" widthNode="levelArea1Width" heightNode="levelArea1Height" groundType="asphalt"/>
            <levelArea startNode="levelArea2Start" widthNode="levelArea2Width" heightNode="levelArea2Height" groundType="asphalt"/>
        </levelAreas>
    </leveling>

    <indoorAreas/>

    <tipOcclusionUpdateAreas>
        <tipOcclusionUpdateArea startNode="tipOcclusionUpdateArea1Start" endNode="tipOcclusionUpdateArea1End" />
    </tipOcclusionUpdateAreas>

    <ai>
        <updateAreas>
            <updateArea startNode="tipOcclusionUpdateArea1Start" endNode="tipOcclusionUpdateArea1End" />
        </updateAreas>
    </ai>

    <infoTrigger triggerNode="infoTrigger"/>

    <triggerMarkers>
        <triggerMarker node="unloadTriggerUpperMarker" filename="$data/shared/assets/marker/markerIcons.xml" id="UNLOAD" />
        <triggerMarker node="unloadTriggerLowerMarker" filename="$data/shared/assets/marker/markerIcons.xml" id="UNLOAD" adjustToGround="true" />
		<triggerMarker node="playerTriggerMarker" 	   filename="$data/shared/assets/marker/markerIcons.xml" id="WRENCH" adjustToGround="true" />
    </triggerMarkers>

    <hotspots>
        <hotspot type="PRODUCTION_POINT" linkNode="unloadTriggerUpperMarker" teleportNode="teleportNode" />
    </hotspots>
	
	<productionPoint>
		<productions sharedThroughputCapacity="false"> 
			<production id="Lime Production" name="$l10n_fillType_lime" cyclesPerHour="20" costsPerActiveHour="5">
                <inputs>
                    <input fillType="STONE" amount="1000" />
                </inputs>
                <outputs>
                    <output fillType="LIME" amount="4000" />
                </outputs>
            </production>
		</productions>


    <sellingStation appearsOnStats="true" node="sellingStation" supportsExtension="true" >
        <unloadTrigger exactFillRootNode="unloadTriggerUpper" fillTypes="STONE LIME"  />  <!-- give players a bonus for using upper trigger -->
        <unloadTrigger exactFillRootNode="unloadTriggerLower" fillTypes="STONE LIME" aiNode="unloadTriggerLowerAINode"/>
		<fillType name="STONE"         priceScale="3" supportsGreatDemand="true" disablePriceDrop="false" />
        <fillType name="LIME"          priceScale="7" supportsGreatDemand="true" disablePriceDrop="false" />
        <sounds>
            <active template="debrisCrusherWork" linkNode="roll" />
        </sounds>

        <effectNodes>
            <effectNode effectNode="effectSmoke" materialType="unloadingSmoke" />
        </effectNodes>

        <animationNodes>
            <animationNode node="roll" rotSpeed="-40" rotAxis="1" />
        </animationNodes>
    </sellingStation>
	  
	  <loadingStation>
			<loadTrigger triggerNode="loadingTrigger" fillTypes="STONE LIME" fillLitersPerSecond="2500" dischargeNode="dischargeNode" aiNode="aiNodeLoading" >
				<effectNode effectNode="grain" materialType="unloading" materialTypeId="3" fadeTime="0.5" />
				<effectNode effectNode="smoke" materialType="smoke"     materialTypeId="1" fadeTime="0.5" />
			</loadTrigger>
        </loadingStation>

        <storage isExtension="false" fillLevelSyncThreshold="100">            
			<capacity fillType="STONE"           capacity="250000" />
            <capacity fillType="LIME"            capacity="250000" />
        </storage>
		
		<playerTrigger node="playerTrigger" />
		 
	</productionPoint>	
	
	<incomePerHour>52</incomePerHour>
	
	<lights>
        <group weatherRequiredFlags="NIGHT" />

        <lightShape node="emissiveShape1" />
        <lightShape node="emissiveShape2" />
        <lightShape node="emissiveShape3" />
        <lightShape node="emissiveShape4" />
        <lightShape node="emissiveShape5" />

        <realLights>
            <low>
                <light node="lightLow1" />
                <light node="lightLow2" />
                <light node="lightLow3" />
                <light node="lightLow4" />
                <light node="lightLow5" />
            </low>
            <high>
                <light node="lightHigh1" />
                <light node="lightHigh2" />
                <light node="lightHigh3" />
                <light node="lightHigh4" />
                <light node="lightHigh5" />
            </high>
        </realLights>
    </lights>

    <i3dMappings>
		<!--auger unloading-->
		<i3dMapping id="dischargeNode" node="0>2|1|1" />
		<i3dMapping id="grain" node="0>2|1|3|0" />
    	<i3dMapping id="smoke" node="0>2|1|3|1" />
		<!--lights-->
		<i3dMapping id="soundLinkNode" node="0>5|0|0" />
        <i3dMapping id="emissiveShape1" node="0>5|0|1" />
        <i3dMapping id="emissiveShape2" node="0>6|0|1" />
        <i3dMapping id="emissiveShape3" node="0>7|0|1" />
        <i3dMapping id="emissiveShape4" node="0>8|0|1" />
        <i3dMapping id="emissiveShape5" node="0>9|0|1" />
        <i3dMapping id="lightHigh1" node="0>5|0|2" />
        <i3dMapping id="lightHigh2" node="0>6|0|2" />
        <i3dMapping id="lightHigh3" node="0>7|0|2" />
        <i3dMapping id="lightHigh4" node="0>8|0|2" />
        <i3dMapping id="lightHigh5" node="0>9|0|2" />
        <i3dMapping id="lightLow1" node="0>5|0|3" />
        <i3dMapping id="lightLow2" node="0>6|0|3" />
        <i3dMapping id="lightLow3" node="0>7|0|3" />
        <i3dMapping id="lightLow4" node="0>8|0|3" />
        <i3dMapping id="lightLow5" node="0>9|0|3" />		
		
        <i3dMapping id="clearArea1Start" node="0>0|0|0" />
        <i3dMapping id="clearArea1Width" node="0>0|0|0|0" />
        <i3dMapping id="clearArea1Height" node="0>0|0|0|1" />
        <i3dMapping id="clearArea2Start" node="0>0|0|1" />
        <i3dMapping id="clearArea2Width" node="0>0|0|1|0" />
        <i3dMapping id="clearArea2Height" node="0>0|0|1|1" />
        <i3dMapping id="levelArea1Start" node="0>0|1|0" />
        <i3dMapping id="levelArea1Width" node="0>0|1|0|0" />
        <i3dMapping id="levelArea1Height" node="0>0|1|0|1" />
        <i3dMapping id="levelArea2Start" node="0>0|1|1" />
        <i3dMapping id="levelArea2Width" node="0>0|1|1|0" />
        <i3dMapping id="levelArea2Height" node="0>0|1|1|1" />
        <i3dMapping id="testArea1Start" node="0>0|3|0" />
        <i3dMapping id="testArea1End" node="0>0|3|0|0" />
        <i3dMapping id="tipOcclusionUpdateArea1Start" node="0>0|4|0" />
        <i3dMapping id="tipOcclusionUpdateArea1End" node="0>0|4|0|0" />
        <i3dMapping id="unloadTriggerUpper" node="0>0|7|0" />
        <i3dMapping id="unloadTriggerUpperMarker" node="0>0|7|1" />
        <i3dMapping id="unloadTriggerLower" node="0>0|7|2" />
        <i3dMapping id="unloadTriggerLowerAINode" node="0>0|7|3" />
        <i3dMapping id="unloadTriggerLowerMarker" node="0>0|7|4" />
        <i3dMapping id="teleportNode" node="0>0|8" />
        <i3dMapping id="roll" node="0>0|9|5" />
        <i3dMapping id="effectSmoke" node="0>0|10|0" />
		<i3dMapping id="loadingTrigger" node="0>2|1|0" />
        <i3dMapping id="aiNodeLoading" node="0>2|1|2" />
        <i3dMapping id="infoTrigger" node="0>0|5" />
		<i3dMapping id="playerTrigger" node="0>10|0" />
		<i3dMapping id="playerTriggerMarker" node="0>10|0|0" />
    </i3dMappings>
</placeable>
