<?xml version="1.0" encoding="utf-8" standalone="no" ?>
<modDesc descVersion="62">
     <author>FLusty94</author>
    <version>1.0.0.0</version>

    <title>
        <en>Stone Crushing Lime Production With Lights And Solar Panels</en>
        <de>Steinzerkleinerung Kalkproduktion Mit Lichtern Und Sonnenkollektoren</de>
        <fr>Production De Chaux De Concassage De Pierre Avec Des Lumières Et Des Panneaux Solaires</fr>
    </title>

    <description>
 <en><![CDATA[Debris Crushing Lime Production. 
- Supply The Crusher With Stones From The Field And Crush Them Into Lime For Fertilizer Spreading Or Sell It For A Tidy Profit!
- Price: 15,000
- Max Capacity: 250.000
- Production Value: 1000l Stone - 4000l Lime
- Cycles Per Hour: 20
- Costs: 5.00 Per Hour
- Lights So You Can Use It At Night
- Solar Panels Attached Power The Machine And Earn 52 Per Hour!]]></en>
 <de><![CDATA[Trümmerzerkleinerung Kalkproduktion.
- Versorgen Sie den Brecher mit Steinen vom Feld und zerkleinern Sie sie zu Kalk, um Dünger zu verteilen, oder verkaufen Sie ihn für einen sauberen Gewinn!
- Preis: 15.000
- Maximale Kapazität: 250.000
- Produktionswert: 1000l Stein - 4000l Kalk
- Zyklen pro Stunde: 20
- Kosten: 5,00 pro Stunde
- Lichter, damit Sie es nachts verwenden können
- Angeschlossene Sonnenkollektoren versorgen die Maschine mit Strom und verdienen 52 pro Stunde!]]></de>
 <fr><![CDATA[Production de chaux de concassage de débris.
- Fournissez au concasseur des pierres du champ et écrasez-les en chaux pour l'épandage d'engrais ou vendez-le pour un bénéfice net !
- Prix : 15 000
- Capacité maximale : 250 000
- Valeur de production : 1000l de pierre - 4000l de chaux
- Cycles par heure : 20
- Coûts : 5,00 par heure
- S'allume pour que vous puissiez l'utiliser la nuit
- Des panneaux solaires connectés alimentent la machine et gagnent 52 par heure !]]></fr>

    </description>

    <iconFilename>debrisCrusher_icon.dds</iconFilename>

    <multiplayer supported="true" />

    <storeItems>
		<storeItem xmlFilename="debrisCrusher.xml"/>
    </storeItems>

	<l10n>
		<text name="name_LimeProduction">
            <en>Lime Production</en>
            <de>Kalkproduktion</de>
            <fr>Production de chaux</fr>
        </text>
	</l10n>
</modDesc>
