﻿<?xml version="1.0" encoding="utf-8" standalone="no"?>
<vehicle type="KogelAutoLoader" xmlns:xsi="http://www.w3.org/2001/XMLSchema-instance" xsi:noNamespaceSchemaLocation="https://validation.gdn.giants-software.com/xml/fs22/vehicle.xsd">
    <annotation>Copyright (C) Edward`s Modding, All Rights Reserved.</annotation>
    <storeData>
        <name>
            <en>16m Trailer</en>
            <de>16m Auflieger</de>
        </name>
        <functions>
            <function>$l10n_function_easyAutoLoader</function>
            <function>$l10n_function_semiTrailer</function>
        </functions>
        <image>store.dds</image>
        <price>36030</price>
        <lifetime>600</lifetime>
        <rotation>0</rotation>
        <brand>KOGEL</brand>
        <category>trailers</category>
        <vertexBufferMemoryUsage>1831488</vertexBufferMemoryUsage>
        <indexBufferMemoryUsage>220302</indexBufferMemoryUsage>
        <textureMemoryUsage>19683288</textureMemoryUsage>
        <instanceVertexBufferMemoryUsage>0</instanceVertexBufferMemoryUsage>
        <instanceIndexBufferMemoryUsage>0</instanceIndexBufferMemoryUsage>
    </storeData>
    <base>
        <typeDesc>$l10n_PalletAutoload_Trailer</typeDesc>
        <filename>flatbed.i3d</filename>
        <size width="4" length="16" lengthOffset="0.3"/>
        <components>
            <component centerOfMass="0 0.7 -0.5" solverIterationCount="10" mass="8000"/>
            <component centerOfMass="0.00 -0.24 -0.01" solverIterationCount="25" mass="10"/>
            <joint component1="1" component2="2" node="1>" rotLimit="20 0 0" transLimit="0 0 0"/>
        </components>
        <schemaOverlay name="IMPLEMENT" attacherJointPosition="0 0"/>
        <mapHotspot type="TRAILER"/>
    </base>
    <aPalletAutoLoader>
        <aPalletAutoLoaderConfigurations>
            <aPalletAutoLoaderConfiguration maxObjects="800" useBales="false" useTensionBelts="false" supportedObject="data/objects/pallets" UnloadRightOffset="-3.5 -1.2 0" UnloadLeftOffset="3.5 -1.2 0">
                <trigger node="triggerNode"/>
                <pickupTriggers>
                    <pickupTrigger node="pickupTriggerNode"/>
                    <pickupTrigger node="pickupTriggerNode2"/>
                </pickupTriggers>
                <loadArea baseNode="aPalletAutoLoaderBaseNode" leftRightCornerOffset="1.38 -1.5 8.3" lenght="16.2" width="2.75" height="3"/>
            </aPalletAutoLoaderConfiguration>
        </aPalletAutoLoaderConfigurations>
    </aPalletAutoLoader>
    <wheels>
        <wheelConfigurations>
            <wheelConfiguration name="$l10n_configuration_valueDefault" price="0" brand="Lizard">
                <wheels autoRotateBackSpeed="2.0">
                    <wheel filename="$data/shared/wheels/tires/lizard/implement/315_80R22_5.xml" isLeft="true" hasParticles="true">
                        <physics tipOcclusionAreaGroupId="1" restLoad="1.3" repr="wheelLeftFront" initialCompression="30" suspTravel="0.2" spring="30" damper="20" frictionScale="1.5"/>
                        <steeringAxle scale="0.2" rotMax="15" rotMin="-15"/>
                    </wheel>
                    <wheel filename="$data/shared/wheels/tires/lizard/implement/315_80R22_5.xml" isLeft="false" hasParticles="true">
                        <physics tipOcclusionAreaGroupId="2" restLoad="1.3" repr="wheelRightFront" initialCompression="30" suspTravel="0.2" spring="30" damper="20" frictionScale="1.5"/>
                        <steeringAxle scale="0.2" rotMax="15" rotMin="-15"/>
                    </wheel>
                    <wheel filename="$data/shared/wheels/tires/lizard/implement/315_80R22_5.xml" isLeft="true">
                        <physics tipOcclusionAreaGroupId="1" restLoad="1.3" repr="wheelLeftMiddle" initialCompression="25" suspTravel="0.2" spring="30" damper="20" frictionScale="1.5"/>
                        <wheelChock isInverted="true"/>
                    </wheel>
                    <wheel filename="$data/shared/wheels/tires/lizard/implement/315_80R22_5.xml" isLeft="false">
                        <physics tipOcclusionAreaGroupId="2" restLoad="1.3" repr="wheelRightMiddle" initialCompression="25" suspTravel="0.2" spring="30" damper="20" frictionScale="1.5"/>
                    </wheel>
                    <wheel filename="$data/shared/wheels/tires/lizard/implement/315_80R22_5.xml" isLeft="true" hasTireTracks="true" hasParticles="true">
                        <physics tipOcclusionAreaGroupId="1" restLoad="1.3" repr="wheelLeftBack" initialCompression="20" suspTravel="0.2" spring="30" damper="20" frictionScale="1.5"/>
                        <steeringAxle scale="-0.7" rotMax="15" rotMin="-15"/>
                    </wheel>
                    <wheel filename="$data/shared/wheels/tires/lizard/implement/315_80R22_5.xml" isLeft="false" hasTireTracks="true" hasParticles="true">
                        <physics tipOcclusionAreaGroupId="2" restLoad="1.3" repr="wheelRightBack" initialCompression="20" suspTravel="0.2" spring="30" damper="20" frictionScale="1.5"/>
                        <steeringAxle scale="-0.7" rotMax="15" rotMin="-15"/>
                    </wheel>
                </wheels>
                <objectChange node="wheelLeftFront" scaleActive="1.2 1.1 1.1"/>
                <objectChange node="wheelRightFront" scaleActive="1.2 1.1 1.1"/>
                <objectChange node="wheelLeftMiddle" scaleActive="1.2 1.1 1.1"/>
                <objectChange node="wheelRightMiddle" scaleActive="1.2 1.1 1.1"/>
                <objectChange node="wheelLeftBack" scaleActive="1.2 1.1 1.1"/>
                <objectChange node="wheelRightBack" scaleActive="1.2 1.1 1.1"/>
            </wheelConfiguration>
            <wheelConfiguration name="$l10n_configuration_valueDefault" price="1500" brand="Nokian">
                <wheels>
                    <wheel filename="$data/shared/wheels/tires/nokian/TRI2/340_80R24.xml" isLeft="true">
                        <physics tipOcclusionAreaGroupId="1" restLoad="1.1" repr="wheelLeftFront" forcePointRatio="0.5" initialCompression="24" suspTravel="0.17" spring="50" damper="50"/>
                        <steeringAxle scale="0.2" rotMax="15" rotMin="-15"/>
                    </wheel>
                    <wheel filename="$data/shared/wheels/tires/nokian/TRI2/340_80R24.xml" isLeft="false">
                        <physics tipOcclusionAreaGroupId="1" restLoad="1.1" repr="wheelRightFront" forcePointRatio="0.5" initialCompression="24" suspTravel="0.17" spring="50" damper="50"/>
                        <steeringAxle scale="0.2" rotMax="15" rotMin="-15"/>
                    </wheel>
                    <wheel filename="$data/shared/wheels/tires/nokian/TRI2/340_80R24.xml" isLeft="true">
                        <physics tipOcclusionAreaGroupId="1" restLoad="1.1" repr="wheelLeftMiddle" forcePointRatio="0.5" initialCompression="17" suspTravel="0.17" spring="50" damper="50"/>
                        <wheelChock isInverted="true"/>
                    </wheel>
                    <wheel filename="$data/shared/wheels/tires/nokian/TRI2/340_80R24.xml" isLeft="false">
                        <physics tipOcclusionAreaGroupId="1" restLoad="1.1" repr="wheelRightMiddle" forcePointRatio="0.5" initialCompression="17" suspTravel="0.17" spring="50" damper="50"/>
                    </wheel>
                    <wheel filename="$data/shared/wheels/tires/nokian/TRI2/340_80R24.xml" isLeft="true" hasTireTracks="true" hasParticles="true">
                        <physics tipOcclusionAreaGroupId="1" restLoad="1.1" repr="wheelLeftBack" forcePointRatio="0.5" initialCompression="10" suspTravel="0.17" spring="50" damper="50"/>
                        <steeringAxle scale="-0.7" rotMax="15" rotMin="-15"/>
                    </wheel>
                    <wheel filename="$data/shared/wheels/tires/nokian/TRI2/340_80R24.xml" isLeft="false" hasTireTracks="true" hasParticles="true">
                        <physics tipOcclusionAreaGroupId="1" restLoad="1.1" repr="wheelRightBack" forcePointRatio="0.5" initialCompression="10" suspTravel="0.17" spring="50" damper="50"/>
                        <steeringAxle scale="-0.7" rotMax="15" rotMin="-15"/>
                    </wheel>
                </wheels>
                <objectChange node="wheelLeftFront" scaleActive="1.2 1.1 1.1"/>
                <objectChange node="wheelRightFront" scaleActive="1.2 1.1 1.1"/>
                <objectChange node="wheelLeftMiddle" scaleActive="1.2 1.1 1.1"/>
                <objectChange node="wheelRightMiddle" scaleActive="1.2 1.1 1.1"/>
                <objectChange node="wheelLeftBack" scaleActive="1.2 1.1 1.1"/>
                <objectChange node="wheelRightBack" scaleActive="1.2 1.1 1.1"/>
            </wheelConfiguration>
            <wheelConfiguration name="$l10n_configuration_valueDefault" price="0" brand="Lizard">
                <wheels>
                    <wheel filename="$data/shared/wheels/tires/lizard/implement/315_80R22_5.xml" configId="truckBack3" isLeft="true">
                        <physics tipOcclusionAreaGroupId="1" restLoad="1.1" repr="wheelLeftFrontD" forcePointRatio="0.5" initialCompression="24" suspTravel="0.17" spring="50" damper="50"/>
                        <steeringAxle scale="0.2" rotMax="15" rotMin="-15"/>
                        <additionalWheel filename="$data/shared/wheels/tires/lizard/implement/315_80R22_5.xml" configId="dual" offset="-0.65"/>
                    </wheel>
                    <wheel filename="$data/shared/wheels/tires/lizard/implement/315_80R22_5.xml" configId="truckBack3" isLeft="false">
                        <physics tipOcclusionAreaGroupId="1" restLoad="1.1" repr="wheelRightFrontD" forcePointRatio="0.5" initialCompression="24" suspTravel="0.17" spring="50" damper="50"/>
                        <steeringAxle scale="0.2" rotMax="15" rotMin="-15"/>
                        <additionalWheel filename="$data/shared/wheels/tires/lizard/implement/315_80R22_5.xml" configId="dual" offset="-0.65"/>
                    </wheel>
                    <wheel filename="$data/shared/wheels/tires/lizard/implement/315_80R22_5.xml" configId="truckBack3" isLeft="true">
                        <physics tipOcclusionAreaGroupId="1" restLoad="1.1" repr="wheelLeftMiddleD" forcePointRatio="0.5" initialCompression="17" suspTravel="0.17" spring="50" damper="50"/>
                        <additionalWheel filename="$data/shared/wheels/tires/lizard/implement/315_80R22_5.xml" configId="dual" offset="-0.65"/>
                        <wheelChock isInverted="true"/>
                    </wheel>
                    <wheel filename="$data/shared/wheels/tires/lizard/implement/315_80R22_5.xml" configId="truckBack3" isLeft="false">
                        <physics tipOcclusionAreaGroupId="1" restLoad="1.1" repr="wheelRightMiddleD" forcePointRatio="0.5" initialCompression="17" suspTravel="0.17" spring="50" damper="50"/>
                        <additionalWheel filename="$data/shared/wheels/tires/lizard/implement/315_80R22_5.xml" configId="dual" offset="-0.65"/>
                    </wheel>
                    <wheel filename="$data/shared/wheels/tires/lizard/implement/315_80R22_5.xml" configId="truckBack3" isLeft="true" hasTireTracks="true" hasParticles="true">
                        <physics tipOcclusionAreaGroupId="1" restLoad="1.1" repr="wheelLeftBackD" forcePointRatio="0.5" initialCompression="10" suspTravel="0.17" spring="50" damper="50"/>
                        <steeringAxle scale="-0.7" rotMax="15" rotMin="-15"/>
                        <additionalWheel filename="$data/shared/wheels/tires/lizard/implement/315_80R22_5.xml" configId="dual" offset="-0.65"/>
                    </wheel>
                    <wheel filename="$data/shared/wheels/tires/lizard/implement/315_80R22_5.xml" configId="truckBack3" isLeft="false" hasTireTracks="true" hasParticles="true">
                        <physics tipOcclusionAreaGroupId="1" restLoad="1.1" repr="wheelRightBackD" forcePointRatio="0.5" initialCompression="10" suspTravel="0.17" spring="50" damper="50"/>
                        <steeringAxle scale="-0.7" rotMax="15" rotMin="-15"/>
                        <additionalWheel filename="$data/shared/wheels/tires/lizard/implement/315_80R22_5.xml" configId="dual" offset="-0.65"/>
                    </wheel>
                </wheels>
                <objectChange node="wheelLeftFrontD" scaleActive="0.8 1.1 1.1"/>
                <objectChange node="wheelRightFrontD" scaleActive="0.8 1.1 1.1"/>
                <objectChange node="wheelLeftMiddleD" scaleActive="0.8 1.1 1.1"/>
                <objectChange node="wheelRightMiddleD" scaleActive="0.8 1.1 1.1"/>
                <objectChange node="wheelLeftBackD" scaleActive="0.8 1.1 1.1"/>
                <objectChange node="wheelRightBackD" scaleActive="0.8 1.1 1.1"/>
            </wheelConfiguration>
        </wheelConfigurations>
    </wheels>
    <rimColorConfigurations useDefaultColors="true" price="500" defaultColorIndex="3">
    </rimColorConfigurations>
    <dynamicallyLoadedParts>
        <dynamicallyLoadedPart node="0" linkNode="chockSupport01" filename="$data/shared/assets/wheelChocks/wheelChockSupport01.i3d"/>
        <dynamicallyLoadedPart node="0" linkNode="chockSupport02" filename="$data/shared/assets/wheelChocks/wheelChockSupport01.i3d"/>
    </dynamicallyLoadedParts>
    <attachable>
        <inputAttacherJoints>
            <inputAttacherJoint node="attacherJoint" jointType="semitrailer"/>
        </inputAttacherJoints>
        <support animationName="moveSupport"/>
    </attachable>
    <attacherJoints>
        <attacherJoint allowsJointLimitMovement="false" canTurnOnImplement="false" comboTime="1" jointType="trailer" lowerRotLimit="10 70 50" node="trailerAttacherJointBack" upperRotationOffset="0">
            <attachSound linkNode="0>" template="ATTACH_01"/>
            <schema invertX="false" position="1 0" rotation="0"/>
        </attacherJoint>
        <attacherJoint allowsJointLimitMovement="false" canTurnOnImplement="false" comboTime="1" jointType="trailerLow" lowerRotLimit="10 70 50" node="trailerAttacherJointBack" upperRotationOffset="0">
            <attachSound linkNode="0>" template="ATTACH_01"/>
            <schema invertX="false" position="1 0" rotation="0"/>
        </attacherJoint>
    </attacherJoints>
    <connectionHoses>
        <hose diameter="0.02" inputAttacherJointIndices="1" isTwoPointHose="true" length="1" node="hydraulicIn01" straighteningFactor="2" type="airDoubleRed"/>
        <hose diameter="0.02" inputAttacherJointIndices="1" isTwoPointHose="true" length="1" node="hydraulicOut01" straighteningFactor="2" type="airDoubleYellow"/>
        <hose diameter="0.02" inputAttacherJointIndices="1" isTwoPointHose="true" length="2.5" node="hydraulicIn02" straighteningFactor="2" type="hydraulicIn"/>
        <hose diameter="0.02" inputAttacherJointIndices="1" isTwoPointHose="true" length="2.5" node="hydraulicOut02" straighteningFactor="2" type="hydraulicOut"/>
    </connectionHoses>
    <lights>
        <states>
            <state lightTypes="0"/>
            <state lightTypes="0 1"/>
            <state lightTypes="0 1 2"/>
        </states>
        <realLights>
            <high>
                <light node="backLightsHigh" lightTypes="0"/>
                <turnLightLeft node="turnLightLeftBack"/>
                <turnLightRight node="turnLightRightBack"/>
                <brakeLight node="backLightsHigh"/>
                <reverseLight node="reverseLight"/>
                <light node="licensePlateLightLeft" lightTypes="0"/>
                <light node="licensePlateLightRight" lightTypes="0"/>
            </high>
        </realLights>
        <defaultLights>
            <defaultLight shaderNode="led" lightTypes="0"/>
            <defaultLight shaderNode="ledPlane1" lightTypes="0"/>
        </defaultLights>
        <beaconLights>
            <beaconLight node="beaconLight" filename="$data/shared/assets/beaconLights/lizard/beaconLight06.xml"/>
        </beaconLights>
        <sharedLight linkNode="sideMarker01_backLeft" filename="$data/shared/assets/lights/lizard/sideMarker01_left.xml"/>
        <sharedLight linkNode="sideMarker01_backRight" filename="$data/shared/assets/lights/lizard/sideMarker01_right.xml"/>
        <sharedLight linkNode="rearLight32_left" filename="$data/shared/assets/lights/lizard/rearLight32_left.xml"/>
        <sharedLight linkNode="rearLight32_right" filename="$data/shared/assets/lights/lizard/rearLight32_right.xml"/>
    </lights>
    <licensePlates defaultPlacement="BACK_ONLY">
        <licensePlate node="licensePlateBack" position="BACK" preferedType="SQUARISH" placementArea="0.06 1.2 0.06 1.2">
        </licensePlate>
    </licensePlates>
    <animations>
        <animation name="backpanel">
            <part endRot="-164 0 0" endTime="1" node="backpanel" startRot="0 0 0" startTime="0"/>
        </animation>
        <animation name="leftpanel">
            <part endRot="0 0 -180" endTime="1" node="leftpanel" startRot="0 0 0" startTime="0"/>
        </animation>
        <animation name="panelright">
            <part endRot="0 0 180" endTime="1" node="panelright" startRot="0 0 0" startTime="0"/>
        </animation>
        <animation name="moveSupport">
            <part endTime="0.2" endTrans="0.038 0.457 3.41" node="support" startTime="0" startTrans="0.038 0.964 3.41"/>
        </animation>
        <animation name="toggleCover">
            <part endTime="0.05" node="coverDecal" startTime="0" visibility="true"/>
            <part endTime="0.1" node="coverDecal" startTime="0.05" visibility="false"/>
        </animation>
    </animations>
    <foldable>
        <foldingConfigurations>
            <foldingConfiguration>
                <foldingParts>
                    <foldingPart animationName="panelright" speedScale="0.6"/>
                    <foldingPart animationName="leftpanel" speedScale="0.6"/>
                    <foldingPart animationName="backpanel" speedScale="0.6"/>
                </foldingParts>
            </foldingConfiguration>
        </foldingConfigurations>
    </foldable>
    <cylindered>
        <movingTools>
            <movingTool node="panelright" playSound="true"/>
        </movingTools>
        <movingTools>
            <movingTool node="leftpanel" playSound="true"/>
        </movingTools>
        <movingTools>
            <movingTool node="backpanel" playSound="true"/>
        </movingTools>
        <sounds>
            <hydraulic linkNode="flatbed_main_component1" template="PICKUP_TRUNK"/>
        </sounds>
    </cylindered>
    <tensionBelts>
        <tensionBeltsConfigurations>
            <tensionBeltsConfiguration>
                <tensionBelts linkNode="tensionBelts" jointNode="flatbed_main_component1" activationTrigger="beltActivationTrigger" width="0.075" maxEdgeLength="0.1" geometryBias="0.01" ratchetPosition="0.2" defaultOffset="0.1" defaultOffsetSide="0.1" defaultHeight="4">
                    <tensionBelt startNode="beltStart1" endNode="beltEnd1" offsetLeft="1.3"/>
                    <tensionBelt startNode="beltStart2" endNode="beltEnd2"/>
                    <tensionBelt startNode="beltStart3" endNode="beltEnd3"/>
                    <tensionBelt startNode="beltStart4" endNode="beltEnd4"/>
                    <tensionBelt startNode="beltStart5" endNode="beltEnd5"/>
                    <tensionBelt startNode="beltStart6" endNode="beltEnd6"/>
                    <tensionBelt startNode="beltStart7" endNode="beltEnd7"/>
                    <tensionBelt startNode="beltStart8" endNode="beltEnd8"/>
                    <tensionBelt startNode="beltStart9" endNode="beltEnd9"/>
                    <tensionBelt startNode="beltStart10" endNode="beltEnd10"/>
                    <tensionBelt startNode="beltStart11" endNode="beltEnd11"/>
                    <tensionBelt startNode="beltStart12" endNode="beltEnd12"/>
                    <tensionBelt startNode="beltStart13" endNode="beltEnd13"/>
                    <tensionBelt startNode="beltStart14" endNode="beltEnd14"/>
                    <tensionBelt startNode="beltStart15" endNode="beltEnd15"/>
                    <tensionBelt startNode="beltStart16" endNode="beltEnd16" offsetRight="1.2"/>
                </tensionBelts>
            </tensionBeltsConfiguration>
        </tensionBeltsConfigurations>
    </tensionBelts>
    <cover>
        <coverConfigurations>
            <coverConfiguration>
                <cover openAnimation="toggleCover" fillUnitIndices="1"/>
            </coverConfiguration>
        </coverConfigurations>
    </cover>
    <foliageBending>
        <bendingNode minX="-1.35" maxX="1.35" minZ="-8.19" maxZ="7.45" yOffset="0.6"/>
    </foliageBending>
    <designConfigurations title="$l10n_plane">
        <designConfiguration name="$l10n_no_cover" price="0"/>
        <designConfiguration name="$l10n_cover_plane1" price="500">
            <objectChange node="cover_Plane1" visibilityActive="true" visibilityInactive="false"/>
        </designConfiguration>
    </designConfigurations>
    <designMaterialConfigurations price="1000" defaultColorIndex="8" useDefaultColors="true">
        <material name="Panel_Mat1" shaderParameter="colorMat1"/>
    </designMaterialConfigurations>
    <baseMaterial>
        <material name="Panel_Mat2" baseNode="colorpanel2">
            <shaderParameter name="colorMat0" value="FLIEGL_ORANGE1"/>
        </material>
        <material name="Panel_Mat1" baseNode="colorpanel1">
            <shaderParameter name="colorMat1" value="FLIEGL_ORANGE1"/>
        </material>
    </baseMaterial>
    <baseMaterialConfigurations price="1000" useDefaultColors="true">
        <material name="Panel_Mat2" shaderParameter="colorMat0"/>
        <baseMaterialConfiguration color="SHARED_WHITE2" material="2" name="$l10n_ui_colorChrome" isDefault="true"/>
    </baseMaterialConfigurations>
    <wearable wearDuration="900" workMultiplier="3" fieldMultiplier="2"/>
    <washable dirtDuration="90" washDuration="1" workMultiplier="3" fieldMultiplier="5"/>
    <i3dMappings>
        <i3dMapping id="licensePlateBack" node="0>0|2|5|2|0"/>
        <i3dMapping id="licensePlateLightLeft" node="0>0|3|12|0"/>
        <i3dMapping id="licensePlateLightRight" node="0>0|3|12|1"/>
        <i3dMapping id="triggerNode" node="0>0|13|0"/>
        <i3dMapping id="pickupTriggerNode" node="0>0|13|1"/>
        <i3dMapping id="pickupTriggerNode2" node="0>0|13|2"/>
        <i3dMapping id="aPalletAutoLoaderBaseNode" node="0>0|13"/>
        <i3dMapping id="flatbed_main_component1" node="0>"/>
        <i3dMapping id="attacherJoint" node="0>0|0|0"/>
        <i3dMapping id="support" node="0>0|0|1"/>
        <i3dMapping id="chockSupport01" node="0>0|0|2|0"/>
        <i3dMapping id="chockSupport02" node="0>0|0|2|1"/>
        <i3dMapping id="wheelChock01" node="0>0|0|2|2"/>
        <i3dMapping id="wheelChock02" node="0>0|0|2|3"/>
        <i3dMapping id="wheelLeftFront" node="0>0|1|0"/>
        <i3dMapping id="wheelRightFront" node="0>0|1|1"/>
        <i3dMapping id="wheelLeftMiddle" node="0>0|1|2"/>
        <i3dMapping id="wheelRightMiddle" node="0>0|1|3"/>
        <i3dMapping id="wheelLeftBack" node="0>0|1|4"/>
        <i3dMapping id="wheelRightBack" node="0>0|1|5"/>
        <i3dMapping id="wheelLeftFrontD" node="0>0|1|6"/>
        <i3dMapping id="wheelRightFrontD" node="0>0|1|7"/>
        <i3dMapping id="wheelLeftMiddleD" node="0>0|1|8"/>
        <i3dMapping id="wheelRightMiddleD" node="0>0|1|9"/>
        <i3dMapping id="wheelLeftBackD" node="0>0|1|10"/>
        <i3dMapping id="wheelRightBackD" node="0>0|1|11"/>
        <i3dMapping id="sideMarker01_backLeft" node="0>0|3|10"/>
        <i3dMapping id="sideMarker01_backRight" node="0>0|3|11"/>
        <i3dMapping id="rearLight32_left" node="0>0|3|1"/>
        <i3dMapping id="rearLight32_right" node="0>0|3|2"/>
        <i3dMapping id="backLightsHigh" node="0>0|3|3"/>
        <i3dMapping id="turnLightLeftBack" node="0>0|3|4"/>
        <i3dMapping id="turnLightRightBack" node="0>0|3|5"/>
        <i3dMapping id="reverseLight" node="0>0|3|6"/>
        <i3dMapping id="tensionBelts" node="0>0|4"/>
        <i3dMapping id="beltStart1" node="0>0|4|0"/>
        <i3dMapping id="beltEnd1" node="0>0|4|0|0"/>
        <i3dMapping id="beltStart2" node="0>0|4|1"/>
        <i3dMapping id="beltEnd2" node="0>0|4|1|0"/>
        <i3dMapping id="beltStart3" node="0>0|4|2"/>
        <i3dMapping id="beltEnd3" node="0>0|4|2|0"/>
        <i3dMapping id="beltStart4" node="0>0|4|3"/>
        <i3dMapping id="beltEnd4" node="0>0|4|3|0"/>
        <i3dMapping id="beltStart5" node="0>0|4|4"/>
        <i3dMapping id="beltEnd5" node="0>0|4|4|0"/>
        <i3dMapping id="beltStart6" node="0>0|4|5"/>
        <i3dMapping id="beltEnd6" node="0>0|4|5|0"/>
        <i3dMapping id="beltStart7" node="0>0|4|6"/>
        <i3dMapping id="beltEnd7" node="0>0|4|6|0"/>
        <i3dMapping id="beltStart8" node="0>0|4|7"/>
        <i3dMapping id="beltEnd8" node="0>0|4|7|0"/>
        <i3dMapping id="beltStart9" node="0>0|4|8"/>
        <i3dMapping id="beltEnd9" node="0>0|4|8|0"/>
        <i3dMapping id="beltStart10" node="0>0|4|9"/>
        <i3dMapping id="beltEnd10" node="0>0|4|9|0"/>
        <i3dMapping id="beltStart11" node="0>0|4|10"/>
        <i3dMapping id="beltEnd11" node="0>0|4|10|0"/>
        <i3dMapping id="beltStart12" node="0>0|4|11"/>
        <i3dMapping id="beltEnd12" node="0>0|4|11|0"/>
        <i3dMapping id="beltStart13" node="0>0|4|12"/>
        <i3dMapping id="beltEnd13" node="0>0|4|12|0"/>
        <i3dMapping id="beltStart14" node="0>0|4|13"/>
        <i3dMapping id="beltEnd14" node="0>0|4|13|0"/>
        <i3dMapping id="beltStart15" node="0>0|4|14"/>
        <i3dMapping id="beltEnd15" node="0>0|4|14|0"/>
        <i3dMapping id="beltStart16" node="0>0|4|15"/>
        <i3dMapping id="beltEnd16" node="0>0|4|15|0"/>
        <i3dMapping id="beltActivationTrigger" node="0>0|4|16"/>
        <i3dMapping id="ealObjectsIndex" node="0>0|5|1"/>
        <i3dMapping id="ealTriggersIndex" node="0>0|5|3"/>
        <i3dMapping id="ealMarkerPositionsIndex" node="0>0|5|2"/>
        <i3dMapping id="ealMarkerIndex" node="0>0|5|0"/>
        <i3dMapping id="hydraulicIn" node="0>0|0|0|1"/>
        <i3dMapping id="hydraulicOut" node="0>0|0|0|0"/>
        <i3dMapping id="panelright" node="0>0|9|1"/>
        <i3dMapping id="leftpanel" node="0>0|9|2"/>
        <i3dMapping id="backpanel" node="0>0|9|0"/>
        <i3dMapping id="led" node="0>0|3|8|0"/>
        <i3dMapping id="ledPlane1" node="0>0|9|3|0|12"/>
        <i3dMapping id="beaconLight" node="0>0|3|9"/>
        <i3dMapping id="trailerAttacherJointBack" node="0>0|7"/>
        <i3dMapping id="colorpanel2" node="0>0|9|2|0"/>
        <i3dMapping id="colorpanel1" node="0>0|9|2"/>
        <i3dMapping id="Chasiscolor" node="0>0|12|0"/>
        <i3dMapping id="FlatBedcolor" node="0>0|2|4"/>
        <i3dMapping id="coverDecal" node="0>0|9|3"/>
        <i3dMapping id="cover_Plane1" node="0>0|9|3|0"/>
        <i3dMapping id="hydraulicIn01" node="0>0|10|0"/>
        <i3dMapping id="hydraulicOut01" node="0>0|10|1"/>
        <i3dMapping id="hydraulicIn02" node="0>0|10|2"/>
        <i3dMapping id="hydraulicOut02" node="0>0|10|3"/>
    </i3dMappings>
    <!--Non converted elements, might require manual conversion or are obsolete:

<?xml version="1.0" encoding="utf-8" standalone="no"?>
<vehicle>
    <wheels>
        <wheelConfigurations>
            <wheelConfiguration>
                <wheels>
                    <wheel>
                        <steeringAxle scale="-0.7" rotMax="15" rotMin="-15"/>
                    </wheel>
                    <wheel>
                        <steeringAxle scale="-0.7" rotMax="15" rotMin="-15"/>
                    </wheel>
                </wheels>
            </wheelConfiguration>
            <wheelConfiguration>
                <wheels>
                    <wheel>
                        <steeringAxle scale="-0.7" rotMax="15" rotMin="-15"/>
                    </wheel>
                    <wheel>
                        <steeringAxle scale="-0.7" rotMax="15" rotMin="-15"/>
                    </wheel>
                </wheels>
            </wheelConfiguration>
            <wheelConfiguration>
                <wheels>
                    <wheel>
                        <steeringAxle scale="-0.7" rotMax="15" rotMin="-15"/>
                    </wheel>
                    <wheel>
                        <steeringAxle scale="-0.7" rotMax="15" rotMin="-15"/>
                    </wheel>
                </wheels>
            </wheelConfiguration>
            <wheelConfiguration>
                <wheels>
                    <wheel>
                        <steeringAxle scale="-0.7" rotMax="15" rotMin="-15"/>
                    </wheel>
                    <wheel>
                        <steeringAxle scale="-0.7" rotMax="15" rotMin="-15"/>
                    </wheel>
                </wheels>
            </wheelConfiguration>
        </wheelConfigurations>
    </wheels>

    <attachable>
        <brakeForce>1.6</brakeForce>
    </attachable>

    <easyAutoLoad objectsIndex="ealObjectsIndex" triggersIndex="ealTriggersIndex" markerPositionsIndex="ealMarkerPositionsIndex" markerIndex="ealMarkerIndex" triggerAnimation="moveTrigger" centerMarkerIndex="1" unloadHeightOffset="-0.7">
        <levelBarOptions coloredIcons="true" iconColor="0.6307 0.6307 0.6307 1" fillLevelColor="0.991 0.3865 0.01 1"/>
        <palletIcon colorIcon="textures/pallet.png" overlayIcon="textures/palletIconOverlay.png"/>
        <roundBaleIcon colorIcon="textures/roundBale.png" overlayIcon="textures/roundBaleIconOverlay.png"/>
        <squareBaleIcon colorIcon="textures/squareBale.png" overlayIcon="textures/squareBaleIconOverlay.png"/>
        <weightIcon colorIcon="textures/weightIcon.png" overlayIcon="textures/weightIconOverlay.png"/>
        <moveableMarkerOptions minX="0 4 -25 -25" maxX="0 25 25 -4" minY="0 -0.7 -0.7 -0.7" maxY="0 15 15 15" minZ="0 -20 -30 -20" maxZ="0 20 -16 20" markerMoveSpeed="0.05"/>
    </easyAutoLoad>

    <designConfigurations>
        <designConfiguration icon="$dataS2/menu/hud/configurations/config_edition.png"/>
        <designConfiguration icon="$dataS2/menu/hud/configurations/config_edition.png"/>
        <designConfiguration icon="$dataS2/menu/hud/configurations/config_edition.png"/>
        <designConfiguration icon="$dataS2/menu/hud/configurations/config_edition.png"/>
    </designConfigurations>
</vehicle>
-->
</vehicle>
