﻿<?xml version="1.0" encoding="utf-8" standalone="no"?>
<modDesc descVersion="61">
    <author>Achimobil</author>
    <version>0.5.0.0</version>
    <contributor>Edward`s Modding (Model), Achimobil (Autoload einbau und Fertigstellung LS22)</contributor>
    <title>
        <en>Kögel Trailer</en>
        <de>Kögel Auflieger</de>
    </title>
    <description>
        <en><![CDATA[Kogel 16m Tarpaulin trailer with Pallet Autoload

Model with kind approval by Edward`s Modding.

Requires the mod "Pallet Autoload Specialization" by Achimobil]]></en>
        <de><![CDATA[Kogel 16m Planenauflieger mit Paletten Autoload

Model mit freundlicher genehmigung von Edward`s Modding.

Erfordert den Mod "Paletten Autoloader Spezialisierung" von Achimobil]]></de>
    </description>
    <iconFilename>icon.dds</iconFilename>
    <multiplayer supported="true"/>
    <storeItems>
        <storeItem xmlFilename="flatBed.xml"/>
    </storeItems>
    <brands>
        <brand name="KOGEL" title="Kögel" image="Brand.dds"/>
    </brands>
    <vehicleTypes>
        <type name="KogelAutoLoader" parent="baseAttachable" className="Vehicle" filename="$dataS/scripts/vehicles/Vehicle.lua">
            <specialization name="cover"/>
            <specialization name="tensionBelts"/>
            <specialization name="FS22_aPalletAutoLoader.aPalletAutoLoader"/>
        </type>
    </vehicleTypes>
    <l10n filenamePrefix="l10n"/>
</modDesc>
