<?xml version="1.0" encoding="utf-8" standalone="no" ?>
<modDesc descVersion="61">
    <author>Achimobil</author>
    <contributor>GIANTS Software</contributor>
    <version>0.5.0.0</version>
    <title>
		<en>Strautmann SEK 802 Pallet Autoload</en>
		<de>Strautmann SEK 802 Paletten Autoloader</de>
		<ru>Strautmann SEK 802 с автопогрузкой поддонов</ru>
    </title>
    <description>
        <en>
            <![CDATA[Giants Model with pallet autoload
The autoloader loads all standard euro pallets from the main game and loads 8 pallets in the first layer.
Then it stacks in height up to a maximum of 2m. Depending on the height of the pallets thus fit different numbers of pallets on it.

This is the first version of an autoloader I developed, which can be installed by any modder in their trailer when it is ready and error free. Then I will publish it on the Guthub as base mod usable for anybody. But this can't be done unless it is error free.

Since the pallets in the engine of Giants currently specify wrong sizes and the points of the loading area can not be read, it will still take a while until this is error free. At least until the next patch of the game, where some of the pints should be fixed.
For testing purposes, I have put the autoloader mod on the SEK of GIANTS. Bute I get so many requests to publish it, that I decide to give your this beta version.

How to use:
Drive next to the pallets and then with R you can load one pallet after the other.
Make sure you have selected the correct pallet type.
The pallets are then as if loaded by hand on the loading area. 
Fasten with straps before you drive, otherwise it fell of.
You can choose the unloading side and unload it.

Known issues:
- If you have several SEK and they "steal" each other's pallets, strange effects can occur during unloading and errors can occur if these pallets were sold from a trailer.

Linking is only permitted with orignal link here from Modhoster.
Changing and republishing, even in parts, is prohibited and will be warned.

Changelog 0.3.0.0
- Pallet selection now enables you to choose between liquid containers (3) and Euro pallets (8)
- Fixed a bug on Dedi in the binding

Changelog 0.3.1.0
- Completely rewritten for server. As a result, the engine does not yet move the pallets completely into the end position, a GIANTS error that has to be fixed by GIANTS.

Changelog 0.4.0.0
- Unloading implemented

Changelog 0.5.0.0
- Improved translations
- Bigbag pallets can now be loaded
- The last selection of the load is now saved
- Fixed server error with 'testAction'
- Removed unnecessary output in the log file
]]>
</en>
        <de>
            <![CDATA[Giants Model mit Paletten Autoloader.
Der Autoloader lädt alle Standard Europaletten aus dem Hauptspiel und lädt in erster Lage 8 Paletten.

Dann stapelt er in die höhe bis maximal 2m. Abhängig von der Höhe der Paletten passen somit unterschiedlich viele Paletten drauf.

Dies ist die erste von mir entwickelte Version eines Autoloaders, der von jedem Modder in seine Trailer installiert werden kann, wenn er fertig und fehlerfrei ist. Dann werde ich ihn auf dem Giants Guthub als Basis-Mod veröffentlichen und er kann so genutzt werden. Dies ist jedoch nicht möglich bevor er fehlerfrei.

Da die Paletten in der Engine von Giants derzeit falsche größen angeben und die Punkte des Ladebereichs nicht ausgelesen werden können, wird es noch eine Weile dauern, bis das fertig ist. Mindestens bis zum nächsten Patch des Spiels.
Zu Testzwecken habe ich den Autoloader-Mod auf den SEK von GIANTS eingebunden. Aber ich habe so viele Anfragen bekommen das veröffentlichen, dass ich mich entschieden habe euch diese Beta-Version schon mal zu geben.

Bedienung:
Fahrt neben die Paletten und dann mit R die Paletten nacheinander Laden.
Achtet aber darauf, dass ihr auch dir richtigen Paletten ausgewählt habt.
Die Paletten liegen dann wie von hand geladen auf der Ladefläche. 
Mit Gurten befestigen bevor ihre weiter fahrt, sonst rutscht das weg.
Ihr könnt die Entladeseite wählen und entladen.

Bekannte Probleme:
- Wenn Sie mehrere SEK haben und diese "klauen" sich gegenseitig die Paletten, kann es beim Abladen zu komischen effekten kommen und zu Fehlern, wenn diese paletten von einem Anhänger aus verkauft wurden.

Das verlinken ist nur mit orignal link hier von Modhoster gestattet.
Das verändern und wiederöffentlichen, auch in Teilen, ist untersagt und wird abgemahnt.

Changelog 0.3.1.0
- Palettenwahl ermöglicht nun zwischen Flüssigkeitskontainern (3) und Europaletten (8) zu wählen
- Fehler auf Dedi im Binding behoben

Changelog 0.3.0.0
- Komplett umgeschrieben für Server. Die Engine bewegt die Paletten dadurch noch nicht komplett in die Endposition, ein GIANTS Fehler, der von GIANTS gefixed werden muss.

Changelog 0.4.0.0
- Abladen implementiert

Changelog 0.5.0.0
- Übersetzungen verbessert
- Bigbag Paletten können jetzt geladen werden
- Letzte Auswahl des Ladeguts wird jetzt gespeichert
- Serverfehler mit 'testAction' behoben
- Unnötige ausgaben in Logdatei entfernt
]]>
</de>
    </description>
    <iconFilename>icon_sek802.dds</iconFilename>
    <multiplayer supported="true" />

	<extraSourceFiles>
        <sourceFile filename="main.lua" />
    </extraSourceFiles>
	
    <storeItems>
        <storeItem xmlFilename="sek802.xml" />
    </storeItems>
	
	<vehicleTypes>
		<type name="AutoLoaderTrailer" parent="trailer" filename="$dataS/scripts/vehicles/Vehicle.lua">
			<specialization name="palletAutoLoader"/>
		</type>
	</vehicleTypes>	
	
	<l10n>
		<text name="palletAutoLoader_nothingToLoad"> 
			<en>disable Autoload</en>
			<de>Autoload: nichts zu laden</de>
			<ru>Автопогрузка: нечего загружать</ru>
		</text>
		<text name="palletAutoLoader_loadPallets">
			<en>enable Autoload</en>
			<de>Autoload Paletten</de>
			<ru>Автопогрузка: загрузить</ru>
		</text>
		<text name="function_PalletAutoload_Trailer"> 
			<en>Trailer with Autoload for pallets</en> 
			<de>Anhänger mit Autoload für Paletten</de> 
			<ru>Прицеп с автопогрузкой поддонов</ru>
		</text>
		<text name="PalletAutoload_Trailer"> 
			<en>Pallets can be loaded individually and completely unloaded again.</en> 
			<de>Paletten können einzeln aufgeladen und komplett auch wieder abgeladen werden.</de> 
			<ru>Поддоны можно загружать индивидуально и снова полностью разгружать.</ru>
		</text>
		<text name="palletAutoLoader_LoadingType"> 
			<en>LoadingType</en> 
			<de>Ladegut</de> 
			<ru>Автопогрузка</ru>
		</text>
		<text name="palletAutoLoader_liquidTank"> 
			<en>liquidTank</en> 
			<de>Flüssigkeitstanks</de> 
			<ru>Поддоны</ru>
		</text>
		<text name="palletAutoLoader_euroPallet"> 
			<en>euroPallet</en> 
			<de>Euro Paletten</de> 
			<ru>Поддоны с МКР</ru>
		</text>
		<text name="palletAutoLoader_bigBagPallet"> 
			<en>bigBag Pallet</en> 
			<de>Bigbag Paletten</de> 
			<ru>Поддоны бигбэг</ru>
		</text>
		<text name="palletAutoLoader_tipside"> 
			<en>Tipside</en> 
			<de>Abladeseite</de> 
			<ru>Сторона разгрузки</ru>
		</text>
		<text name="palletAutoLoader_left"> 
			<en>left</en> 
			<de>Links</de> 
			<ru>Слева</ru>
		</text>
		<text name="palletAutoLoader_right"> 
			<en>right</en> 
			<de>Rechts</de> 
			<ru>Справа</ru>
		</text>
	</l10n>
</modDesc>