<?xml version="1.0" encoding="utf-8" standalone="no" ?>
<wheel xmlns:xsi="http://www.w3.org/2001/XMLSchema-instance" xsi:noNamespaceSchemaLocation="../../../../../../shared/xml/schema/wheel.xsd">
    <brand>NOKIAN</brand>
    <name>TRI 2</name>
    <default>
        <physics radius="0.577" width="0.34" mass="0.097" tireType="street" frictionScale="1.60" maxLongStiffness="8" maxLatStiffness="100" maxLatStiffnessLoad="2" />
        <tire filename="$data/shared/wheels/tires/nokian/TRI2/R24_TRI2.i3d" nodeLeft="1|0" nodeRight="1|0" maxDeformation="0.054" sideDeformOffset="0.961" isCareWheel="false" tireTrackAtlasIndex="8" />
        <outerRim filename="$data/shared/wheels/rims/rim001.i3d" node="1|0" widthAndDiam="11 24" />
        <innerRim filename="$data/shared/wheels/hubs/hubTrucks.i3d" nodeLeft="3|0" nodeRight="3|1" widthAndDiam="11 24" />
    </default>
	<configurations>
        <configuration id="truck2" >
            <innerRim nodeLeft="5|0" nodeRight="5|1" />
        </configuration>
    </configurations>
</wheel>
