<?xml version="1.0" encoding="utf-8" standalone="no"?>
<modDesc descVersion="63">
    <author>BlackEyes Modding</author>
    <version>1.0.0.0</version>
    <title>
        <en>Seppi Multipla S9</en>
    </title>
    <description>
        <en><![CDATA[The new model, designed on the basis of the SEPPI S9 mulchers series, is one of the largest hammer mulchers compliant with the road transport code on the market.
The "S9 multipla" consists of 3 hammer mulchers and reaches a working width of 8 meters in this combination.
The areas of application are mainly large areas, such as agricultural land, airports and uncultivated land.
The special arrangement of the rotor and counter blades allows a perfect working result, both for corn and for any other type of grain.
The stalks are cut at the base and minced thoroughly, thus preventing parasite infestation. Thanks to a special arrangement of the rollers, the S9 multiple machine works exactly close to the ground without touching it.
In the presence of a high stock with abundant green content, eg. intermediate sowing, the SEPPI S9 multiple mulcher is designed to require the least possible power.
By shredding the material with this technology a very high performance is achieved by efficiently covering a large area - 8 m.

S9 Base
- Working width: 2.75 m
- Required power: 100 CV
- Price: 7000 $
Hitch type configuration: rear, front or both.

S9 Multipla
- Working width: 8 m
- Required power: 150 HP
- Price: 42000 $
Design configuration for both models: old color (red-yellow) or new color (red-black).]]></en>
        <de><![CDATA[Das neue Modell, das auf der Basis der SEPPI S9 Mulcherserie entwickelt wurde, ist eines der größten straßenverkehrsrechtlich konformen Schlegelmulcher auf dem Markt.
Der "S9 Multipla" besteht aus 3 Schlegelmulchern und erreicht in dieser Kombination eine Arbeitsbreite von 8 Metern.
Die Anwendungsbereiche sind hauptsächlich große Flächen wie landwirtschaftliche Flächen, Flughäfen und unbebaute Flächen.
Die spezielle Anordnung von Rotor und Gegenmessern ermöglicht ein perfektes Arbeitsergebnis, sowohl für Mais als auch für jede andere Getreideart.
Die Halme werden an der Basis abgeschnitten und gründlich zerkleinert, wodurch Parasitenbefall verhindert wird. Dank einer speziellen Anordnung der Walzen arbeitet der S9-Multiplikator exakt in Bodennähe, ohne diesen zu berühren.
Bei einem hohen Bestand mit viel Grünanteil, z.B. bei Zwischensaaten, ist der SEPPI S9 Mehrfachmulcher so ausgelegt, dass er möglichst wenig Leistung benötigt.
Durch die Zerkleinerung des Materials mit dieser Technologie wird eine sehr hohe Leistung durch die effiziente Abdeckung einer großen Fläche - 8 m - erreicht.

S9 Base:
- Arbeitsbreite: 2,75 m
- Erforderliche Leistung: 100 PS
- Preis: 7000 €
Konfiguration der Anhängevorrichtung: Heck, Front oder beide

S9 Multipla:
- Arbeitsbreite: 8 m
- Erforderliche Leistung: 150 PS
- Preis: 42000 €
Designkonfiguration für beide Modelle: alte Farbe (rot-gelb) oder neue Farbe (rot-schwarz).]]></de>
        <fr><![CDATA[Le nouveau modèle, conçu sur la base de la série de broyeurs SEPPI S9, est l'un des plus grands broyeurs à marteaux conformes au code des transports routiers du marché.
Le "S9 multipla" se compose de 3 broyeurs à marteaux et atteint une largeur de travail de 8 mètres dans cette combinaison.
Les domaines d'application sont principalement de vastes zones, telles que les terres agricoles, les aéroports et les terres non cultivées.
La disposition spéciale du rotor et des contre-pales permet un résultat de travail parfait, aussi bien pour le maïs que pour tout autre type de grain.
Les tiges sont coupées à la base et hachées soigneusement, évitant ainsi l'infestation parasitaire. Grâce à une disposition spéciale des rouleaux, la machine multiple S9 fonctionne exactement près du sol sans le toucher.
En présence d'un stock élevé avec une teneur en vert abondante, par ex. semis intermédiaire, le broyeur multiple SEPPI S9 est conçu pour exiger le moins de puissance possible.
En déchiquetant le matériau avec cette technologie, une très haute performance est obtenue en couvrant efficacement une grande surface - 8 m.
Base S9
- Largeur de travail: 2,75 MT
-Puissance requise: 100 CV
-Prix: 7000 €
Configuration du type d'attelage: arrière, avant ou les deux.
S9 Multipla
- Largeur de travail: 8 MT
-Puissance requise: 150 CV
-Prix: 42000 €
Configuration de conception pour les deux modèles: ancienne couleur (rouge-jaune) ou nouvelle couleur (rouge-noir).]]></fr>
        <it><![CDATA[Il nuovo modello, progettato sulla base della serie delle trincia SEPPI S9, è una delle più larghe trinciatrici a martelli conformi al codice trasporto stradale sul mercato.
La "S9 multipla" è composta da 3 trinciatrici a martelli e raggiunge una larghezza di lavoro di 8 metri in questa combinazione.
Gli ambiti di applicazione sono principalmente grandi aree, come terreni agricoli, aeroporti e terreni incolti.
La speciale disposizione del rotore e delle controlame consente un risultato di lavoro perfetto, sia per il mais che per qualsiasi altro tipo di grano.
Gli stocchi vengono tagliati alla base e sminuzzati a fondo prevenendo così un'infestazione da parassiti. Grazie ad una speciale disposizione dei rulli, la macchina S9 multipla lavora esattamente vicino al suolo senza però toccarlo.
In presenza di un elevato stock con abbondante contenuto di verde, ad es. semina intermedia, la trinciatrice SEPPI S9 multipla è predisposta in modo di richiedere la minor potenza possibile.
Sminuzzando il materiale con questa tecnologia si ottiene una prestazione molto elevata coprendo in modo efficiente una grande area - 8 m.
S9 Base
-Larghezza di lavoro: 2.75 MT
-Potenza richiesta: 100 CV
-Prezzo: 7000€
Configurazione tipo di aggancio: posteriore, anteriore o entrambi.
S9 Multipla
-Larghezza di lavoro: 8 MT
-Potenza richiesta: 150 CV
-Prezzo: 42000€
Configurazione design per entrambi i modelli: vecchia colorazione(rosso-giallo) o nuova colorazione(rosso-nero).]]></it>
    </description>
    <iconFilename>icon_S9Multipla.png</iconFilename>
    <multiplayer supported="true"/>
  
	<l10n>
		<text name="configuration_Red">
            <en>Old coloring</en>
			<de>Alte Designfarbe</de>
			<fr>Ancienne coloration</fr>
			<it>Vecchia colorazione</it>
        </text>
		<text name="configuration_black">
            <en>New coloring</en>
			<de>Neue Designfarbe</de>
			<fr>Nouvelle coloration</fr>
			<it>Nuova colorazione</it>
        </text>
		<text name="attacherJoints">
            <en>Attacher Joints</en>
			<de>Kupplungspunkt</de>
			<fr>Joints d'attache</fr>
			<it>Agganci</it>
        </text>
		<text name="configuration_valueBack">
            <en>Rear work mode</en>
			<de>Heckarbeitsmodus</de>
			<fr>Mode de travail arrière</fr>
			<it>Modalità lavoro posteriore</it>
        </text>
		<text name="configuration_valueFront">
            <en>Front work mode</en>
			<de>Frontarbeitsmodus</de>
			<fr>Mode de travail avant</fr>
			<it>Modalità lavoro anteriore</it>
        </text>
		<text name="configuration_valueBoth">
            <en>Both</en>
			<de>Beide</de>
			<fr>Tous les deux</fr>
			<it>Entrambi</it>
        </text>
	</l10n>
	
    <storeItems>
        <storeItem rootNode="vehicle" xmlFilename="S9Base.xml"/>
        <storeItem rootNode="vehicle" xmlFilename="S9Multipla.xml"/>
    </storeItems>
	
	<brandColors>
        <color name="SEPPI_BLACK" value="0.028 0.0318 0.0343 0"/><!-- RAL 7021-->
        <color name="SEPPI_RED" value="0.496 0.0129 0.005 0"/><!-- RAL 3020-->
    </brandColors>
	
	<brands>
        <brand name="SEPPIM" title="Seppi M." image="brand_Seppi.dds"/>
    </brands>
</modDesc>
