﻿<?xml version="1.0" encoding="utf-8" standalone="no" ?>
<vehicle type="mulcher" xmlns:xsi="http://www.w3.org/2001/XMLSchema-instance" xsi:noNamespaceSchemaLocation="../../../../shared/xml/schema/vehicle.xsd">
    <annotation>Copyright (C) GIANTS Software GmbH, All Rights Reserved.</annotation>

    <storeData>
        <name>S9 Base</name>
        <specs>
            <neededPower>100</neededPower>
            <workingWidth>2.75</workingWidth>
            <combination filterCategory="weights" filterSpec="weight" filterSpecMin="600" filterSpecMax="700"/>
            <combination xmlFilename="S9Multipla.xml"/>
        </specs>
        <functions>
            <function>$l10n_function_mulcher</function>
        </functions>
        <image>store_S9.png</image>
        <price>7000</price>
        <lifetime>600</lifetime>
        <rotation>0</rotation>
        <brand>SEPPIM</brand>
        <category>mulchers</category>
		<vertexBufferMemoryUsage>1217280</vertexBufferMemoryUsage>
        <indexBufferMemoryUsage>174080</indexBufferMemoryUsage>
        <textureMemoryUsage>1245184</textureMemoryUsage>
        <instanceVertexBufferMemoryUsage>0</instanceVertexBufferMemoryUsage>
        <instanceIndexBufferMemoryUsage>0</instanceIndexBufferMemoryUsage>
        <audioMemoryUsage>0</audioMemoryUsage>
    </storeData>

    <base>
        <typeDesc>$l10n_typeDesc_mulcher</typeDesc>
        <filename>S9Base.i3d</filename>
        <size width="2.8" length="1.5" />
        <speedLimit value="12" />
        <components>
            <component centerOfMass="0.03 0.72 -0.07" solverIterationCount="10" mass="400" />
        </components>
        <schemaOverlay attacherJointPosition="0 0" name="IMPLEMENT" />
    </base>
	
	<wheels>
        <wheelConfigurations>
            <wheelConfiguration name="$l10n_configuration_valueDefault">
                <wheels>
                    <wheel>
                        <physics restLoad="0.4" repr="wheel" radius="0.1" width="0.2" forcePointRatio="0.35" initialCompression="20" suspTravel="0.05" spring="50" damper="80" frictionScale="0.1" yOffset="0.01"/>
                    </wheel>
                </wheels>
            </wheelConfiguration>
        </wheelConfigurations>
    </wheels>

    <powerConsumer forceNode="S9_MainComponent" ptoRpm="540" neededMaxPtoPower="20"/>

    <groundReferenceNodes>
        <groundReferenceNode node="groundRefNode" forceFactor="1" threshold="0.25" />
    </groundReferenceNodes>

    <workAreas>
		<workArea type="mulcher" functionName="processMulcherArea" disableBackwards="false" requiresOwnedFarmland="false"  >
            <area startNode="areaStart" widthNode="areaWidth" heightNode="areaHeight"/>
            <groundReferenceNode index="1"/>
            <onlyActiveWhenLowered value="true"/>
        </workArea>
    </workAreas>
	
	<mulcher>
        <effects>
            <effect workAreaIndex="1">
                <effectNode effectClass="TypedMotionPathEffect" effectType="MULCHER" linkNode="mulcherEffectNode">
                    <motionPathEffect textureFilename="$data/vehicles/tmcCancela/tms2_300d/mulcherEffectArray.dds" numRows="30" rowLength="18" minFade="0.15" shapeScale="0.2" maxShapeScale="2"/>
                </effectNode>
                <effectNode effectNode="smokeEmitter" effectClass="ParticleEffect" particleType="smoke" materialType="smokeParticle" worldSpace="false" emitCountScale="0.3"/>
            </effect>
        </effects>
        <sounds>
            <work template="DEFAULT_PLOW_WORK" linkNode="S9_MainComponent" />
        </sounds>
    </mulcher>

    <attachable>
		<inputAttacherJointConfigurations>
            <inputAttacherJointConfiguration name="$l10n_configuration_inputAttacher3Point" price="0" powerTakeOffConfigId="1">
				<inputAttacherJoint node="attacherJointFront" jointType="implement" topReferenceNode="topReferenceNodeFront" upperRotationOffset="0" lowerRotLimitScale="0 0 0">
					<distanceToGround lower="0.1" upper="1.0" />
				</inputAttacherJoint>
				<objectChange node="backAttacher" visibilityActive="true"  visibilityInactive="false"/>
			</inputAttacherJointConfiguration>
			<inputAttacherJointConfiguration name="$l10n_configuration_inputAttacher3Point" price="0" powerTakeOffConfigId="2">
				<inputAttacherJoint node="attacherJointBack" jointType="implement" topReferenceNode="topReferenceNodeBack" upperRotationOffset="0" lowerRotLimitScale="0 0 0">
					<distanceToGround lower="0.1" upper="1.0" />
				</inputAttacherJoint>
				<objectChange node="FrontAttacher" visibilityActive="true"  visibilityInactive="false"/>
			</inputAttacherJointConfiguration>
			<inputAttacherJointConfiguration name="$l10n_configuration_inputAttacher3Point" price="0" powerTakeOffConfigId="3">
				<inputAttacherJoint node="attacherJointFront" jointType="implement" topReferenceNode="topReferenceNodeFront" upperRotationOffset="0" lowerRotLimitScale="0 0 0">
					<distanceToGround lower="0.1" upper="1.0" />
				</inputAttacherJoint>
				<inputAttacherJoint node="attacherJointBack" jointType="implement" topReferenceNode="topReferenceNodeBack" upperRotationOffset="0" lowerRotLimitScale="0 0 0">
					<distanceToGround lower="0.1" upper="1.0" />
				</inputAttacherJoint>
				<objectChange node="backAttacher" visibilityActive="true"  visibilityInactive="false"/>
				<objectChange node="FrontAttacher" visibilityActive="true"  visibilityInactive="false"/>
			</inputAttacherJointConfiguration>
		</inputAttacherJointConfigurations>
		<support animationName="moveSupport" />
    </attachable>

	<powerTakeOffs>
        <powerTakeOffConfigurations>
            <powerTakeOffConfiguration name="$l10n_configuration_valueDefault" price="0">
				<input inputAttacherJointIndices="1" inputNode="ptoInputNodeF" aboveAttacher="true" />
			</powerTakeOffConfiguration>
            <powerTakeOffConfiguration name="$l10n_configuration_trailerAttacherBack" price="0">
				<input inputAttacherJointIndices="1" inputNode="ptoInputNodeB" aboveAttacher="true" />
            </powerTakeOffConfiguration>
			<powerTakeOffConfiguration name="$l10n_configuration_trailerAttacherBack" price="0">
				<input inputAttacherJointIndices="1" inputNode="ptoInputNodeF" aboveAttacher="true" />
				<input inputAttacherJointIndices="2" inputNode="ptoInputNodeB" aboveAttacher="true" />
            </powerTakeOffConfiguration>
        </powerTakeOffConfigurations>
    </powerTakeOffs>

    <turnOnVehicle turnOffIfNotAllowed="true">
        <sounds>
            <start template="DEFAULT_MOWER_START_SHORT" linkNode="S9_MainComponent" />
            <stop template="DEFAULT_MOWER_STOP"         linkNode="S9_MainComponent" />
            <work template="DEFAULT_MOWER_WORK"         linkNode="S9_MainComponent" />
        </sounds>
    </turnOnVehicle>

	<animations>
		<animation name="moveSupport">
            <part node="support"   startTime="0.0"  endTime="0.5" startTrans="0 0.23 0" endTrans="0 0 0" />
			<sound template="latchSmall" startTime="0.19" volumeScale="0.2" pitchScale="1.6" linkNode="support"/>
            <sound template="clackVar6"  startTime="0.19" volumeScale="1.2" pitchScale="0.9" linkNode="support"/>
            <sound template="clackVar1"  startTime="0.1"  volumeScale="1.2" pitchScale="1.3" linkNode="support"/>
        </animation>
    </animations>
	
	<turnOnVehicle turnOffIfNotAllowed="true">
        <animationNodes>
            <animationNode node="drum" rotSpeed="2500" rotAxis="1" turnOnFadeTime="2" turnOffFadeTime="8" />
        </animationNodes>
        <sounds>
            <start template="dischargeStart" />
            <work template="dischargeLoop" />
            <stop template="dischargeStop" />
        </sounds>
    </turnOnVehicle>

    <ai>
        <needsLowering value="true"/>
        <areaMarkers leftNode="aiMarkerLeft" rightNode="aiMarkerRight" backNode="aiMarkerBack"/>
        <collisionTrigger node="aiCollisionTrigger" width="2.3" height="2.2"/>
        <agentAttachment width="3.2" height="1.5" length="2.2" lengthOffset="0"/>
    </ai>

    <foliageBending>
        <bendingNode minX="-1.2" maxX="1.2" minZ="-1" maxZ="1" yOffset="-0.3" node="0>0" />
    </foliageBending>

    <baseMaterial>
        <material name="seppiM_mat" baseNode="Mulcher_vis">
            <shaderParameter name="colorMat0" value="SEPPI_RED"/>
            <shaderParameter name="colorMat1" value="SEPPI_RED"/>
            <shaderParameter name="colorMat2" value="AGRISEM_YELLOW1"/>
            <shaderParameter name="colorMat6" value="SEPPI_RED"/>
        </material>
    </baseMaterial>
	
	<designConfigurations>
        <designConfiguration name="$l10n_configuration_Red" price="0" >
            <material name="seppiM_mat" shaderParameter="colorMat0" color="SEPPI_RED"/>
            <material name="seppiM_mat" shaderParameter="colorMat1" color="SEPPI_RED"/>
            <material name="seppiM_mat" shaderParameter="colorMat6" color="SEPPI_RED"/>
        </designConfiguration>
        <designConfiguration name="$l10n_configuration_black" price="1000" >
            <material name="seppiM_mat" shaderParameter="colorMat0" color="SEPPI_BLACK"/>
            <material name="seppiM_mat" shaderParameter="colorMat1" color="SEPPI_RED"/>
            <material name="seppiM_mat" shaderParameter="colorMat6" color="SHARED_GREY1"/>
        </designConfiguration>
	</designConfigurations>

    <wearable wearDuration="480" workMultiplier="5" fieldMultiplier="2"/>
    <washable dirtDuration="90" washDuration="1" workMultiplier="4" fieldMultiplier="2"/>

    <i3dMappings>
        <i3dMapping id="S9_MainComponent" node="0>" />
        <i3dMapping id="Mulcher_vis" node="0>0" />
        <i3dMapping id="backAttacher" node="0>0|0|0" />
        <i3dMapping id="attacherJointFront" node="0>0|0|0|0|0" />
        <i3dMapping id="topReferenceNodeFront" node="0>0|0|0|0|1" />
        <i3dMapping id="ptoInputNodeF" node="0>0|0|0|0|2" />
        <i3dMapping id="ptoDetachNodeF" node="0>0|0|0|0|3" />
		<i3dMapping id="FrontAttacher" node="0>0|0|1" />
        <i3dMapping id="attacherJointBack" node="0>0|0|1|0|0" />
        <i3dMapping id="topReferenceNodeBack" node="0>0|0|1|0|1" />
        <i3dMapping id="ptoInputNodeB" node="0>0|0|1|0|2" />
        <i3dMapping id="ptoDetachNodeB" node="0>0|0|1|0|3" />
        <i3dMapping id="areaStart" node="0>0|2|0" />
        <i3dMapping id="areaWidth" node="0>0|2|1" />
        <i3dMapping id="areaHeight" node="0>0|2|2" />
        <i3dMapping id="areaDropStart" node="0>0|2|3" />
        <i3dMapping id="areaDropWidth" node="0>0|2|4" />
        <i3dMapping id="areaDropHeight" node="0>0|2|5" />
        <i3dMapping id="groundRefNode" node="0>0|2|6" />
        <i3dMapping id="aiMarkerLeft" node="0>0|3|0|0" />
        <i3dMapping id="aiMarkerRight" node="0>0|3|0|1" />
        <i3dMapping id="aiMarkerBack" node="0>0|3|0|2" />
        <i3dMapping id="sizeMarkerLeft" node="0>0|3|1|0" />
        <i3dMapping id="sizeMarkerRight" node="0>0|3|1|1" />
        <i3dMapping id="sizeMarkerBack" node="0>0|3|1|2" />
        <i3dMapping id="aiCollisionTrigger" node="0>0|3|2" />
        <i3dMapping id="drum" node="0>0|1|0" />
        <i3dMapping id="wheel" node="0>0|1|1" />
        <i3dMapping id="support" node="0>0|0|2" />
        <i3dMapping id="smokeEmitter" node="0>0|4|0" />
        <i3dMapping id="mulcherEffectNode" node="0>0|4|1" />
    </i3dMappings>
</vehicle>
