﻿<?xml version="1.0" encoding="utf-8" standalone="no" ?>
<vehicle type="mulcher" xmlns:xsi="http://www.w3.org/2001/XMLSchema-instance" xsi:noNamespaceSchemaLocation="../../../../shared/xml/schema/vehicle.xsd">
    <annotation>Copyright (C) GIANTS Software GmbH, All Rights Reserved.</annotation>

    <storeData>
        <name>S9 Multipla</name>
        <specs>
            <neededPower>150</neededPower>
            <workingWidth>9</workingWidth>
            <combination filterCategory="weights" filterSpec="weight" filterSpecMin="1500" filterSpecMax="1600"/>
			<combination xmlFilename="S9Base.xml"/>
        </specs>
        <functions>
            <function>$l10n_function_mulcher</function>
        </functions>
        <image>store_S9Multipla.png</image>
        <price>42000</price>
        <lifetime>600</lifetime>
        <rotation>0</rotation>
        <brand>SEPPIM</brand>
        <category>mulchers</category>
		<vertexBufferMemoryUsage>4473600</vertexBufferMemoryUsage>
        <indexBufferMemoryUsage>696320</indexBufferMemoryUsage>
        <textureMemoryUsage>1245184</textureMemoryUsage>
        <instanceVertexBufferMemoryUsage>0</instanceVertexBufferMemoryUsage>
        <instanceIndexBufferMemoryUsage>0</instanceIndexBufferMemoryUsage>
        <audioMemoryUsage>0</audioMemoryUsage>
    </storeData>

    <base>
        <typeDesc>$l10n_typeDesc_mower</typeDesc>
        <filename>S9Multipla.i3d</filename>
        <size width="3.5" length="2.5" />
        <speedLimit value="12" />
        <components>
            <component centerOfMass="0 0.44 -0.37" solverIterationCount="10" mass="1400" />
            <component centerOfMass="0 0 0" solverIterationCount="10" mass="380" />
            <component centerOfMass="0 0 0" solverIterationCount="10" mass="380" />
            <joint component1="1" component2="2" node="leftComponentJoint" rotLimit="0 0 20" transLimit="0 0 0" />
            <joint component1="1" component2="3" node="rightComponentJoint" rotLimit="0 0 20" transLimit="0 0 0" />
            <collisionPair component1="2" component2="3" enabled="false" />
        </components>
        <schemaOverlay attacherJointPosition="0 0" name="IMPLEMENT" />
    </base>

    <powerConsumer forceNode="S9_main_component1" maxForce="10" ptoRpm="540" neededMaxPtoPower="30"/>

	<wheels>
        <wheelConfigurations>
            <wheelConfiguration name="$l10n_configuration_valueDefault">
                <wheels>
                    <wheel filename="$data/shared/wheels/tires/trelleborg/T404/400_60R15_5.xml" isLeft="false" hasTireTracks="true" hasParticles="true" versatileFoldMaxLimit="0.01">
                        <physics restLoad="0.5" repr="leftWheel" forcePointRatio="0.3" initialCompression="50" suspTravel="0.1" spring="15" damper="20" />
                    </wheel>
                    <wheel filename="$data/shared/wheels/tires/trelleborg/T404/400_60R15_5.xml" isLeft="false" hasTireTracks="true" hasParticles="true" versatileFoldMaxLimit="0.01">
                        <physics restLoad="0.5" repr="rightWheel" forcePointRatio="0.3" initialCompression="50" suspTravel="0.1" spring="15" damper="20" />
                    </wheel>
                    <wheel>
                        <physics restLoad="0.4" repr="wheelRollerSX" radius="0.1" width="0.2" forcePointRatio="0.35" initialCompression="20" suspTravel="0.05" spring="50" damper="80" frictionScale="0.1" yOffset="0.01"/>
                    </wheel>
					<wheel>
                        <physics restLoad="0.4" repr="wheelRollerDX" radius="0.1" width="0.2" forcePointRatio="0.35" initialCompression="20" suspTravel="0.05" spring="50" damper="80" frictionScale="0.1" yOffset="0.01"/>
                    </wheel>
                </wheels>
            </wheelConfiguration>
        </wheelConfigurations>

        <hubs>
            <color0>SEPPI_RED</color0>
            <color1>SHARED_GREY1</color1>
            <hub linkNode="leftWheel"  filename="$data/shared/wheels/hubs/hub_n6_1.xml" isLeft="false" scale="0.1 0.15 0.15" />
            <hub linkNode="rightWheel"  filename="$data/shared/wheels/hubs/hub_n6_1.xml" isLeft="false" scale="0.1 0.15 0.15" />
        </hubs>
    </wheels>
	
	<speedRotatingParts>
        <speedRotatingPart node="leftDrum" radius="0.1" groundReferenceNodeIndex="1" foldMinLimit="0" foldMaxLimit="0.01"/>
        <speedRotatingPart node="rightDrum" radius="0.1" groundReferenceNodeIndex="2" foldMinLimit="0" foldMaxLimit="0.01"/>
    </speedRotatingParts>
	
	<groundReferenceNodes>
        <groundReferenceNode node="groundRefNodeSx" forceFactor="1" threshold="0.25" />
        <groundReferenceNode node="groundRefNodeDx" forceFactor="1" threshold="0.25" />
    </groundReferenceNodes>

    <workAreas>
        <workArea type="mulcher" functionName="processMulcherArea" disableBackwards="false" requiresOwnedFarmland="false" >
            <area startNode="leftWorkAreaStart" widthNode="leftWorkAreaWidth" heightNode="leftWorkAreaHeight"/>
            <groundReferenceNode index="1"/>
			<folding minLimit="0" maxLimit="0.2" />
            <onlyActiveWhenLowered value="true"/>
        </workArea>
        <workArea type="mulcher" functionName="processMulcherArea" disableBackwards="false" requiresOwnedFarmland="false" >
            <area startNode="rightWorkAreaStart" widthNode="rightWorkAreaWidth" heightNode="rightWorkAreaHeight"/>
            <groundReferenceNode index="2"/>
			<folding minLimit="0" maxLimit="0.2" />
            <onlyActiveWhenLowered value="true"/>
        </workArea>
    </workAreas>

    <mulcher>
        <effects>
            <effect workAreaIndex="1">
                <effectNode effectClass="TypedMotionPathEffect" effectType="MULCHER" linkNode="mulcherEffectNodeLeft">
                    <motionPathEffect textureFilename="$data/vehicles/tmcCancela/tjp610/mulcherEffectArray.dds" numRows="16" rowLength="18" minFade="0.15" />
                </effectNode>
                <effectNode effectNode="smokeEmitterLeft" effectClass="ParticleEffect" particleType="smoke" materialType="smokeParticle" worldSpace="false" emitCountScale="0.1"/>
            </effect>
            <effect workAreaIndex="2">
                <effectNode effectClass="TypedMotionPathEffect" effectType="MULCHER" linkNode="mulcherEffectNodeRight">
                    <motionPathEffect textureFilename="$data/vehicles/tmcCancela/tjp610/mulcherEffectArray.dds" numRows="16" rowLength="18" minFade="0.15" />
                </effectNode>
                <effectNode effectNode="smokeEmitterRight" effectClass="ParticleEffect" particleType="smoke" materialType="smokeParticle" worldSpace="false" emitCountScale="0.1"/>
            </effect>
        </effects>
        <sounds>
            <work template="DEFAULT_PLOW_WORK" linkNode="S9_main_component1" />
        </sounds>
    </mulcher>

	<dynamicallyLoadedParts>
		<dynamicallyLoadedPart node="1|0" linkNode="hoses1"  filename="$data/shared/connectionHoses/connectors.i3d" />
		<dynamicallyLoadedPart node="1|0" linkNode="hoses2"  filename="$data/shared/connectionHoses/connectors.i3d" />
		<dynamicallyLoadedPart node="1|0" linkNode="hoses3"  filename="$data/shared/connectionHoses/connectors.i3d" />
		<dynamicallyLoadedPart node="1|0" linkNode="hoses4"  filename="$data/shared/connectionHoses/connectors.i3d" />
	</dynamicallyLoadedParts>
	

	<lights>
		<sharedLight linkNode="sharedLeft" node="0" filename="$data/shared/assets/lights/lizard/rearLight05_left.xml"/>
		<sharedLight linkNode="sharedRight" node="0" filename="$data/shared/assets/lights/lizard/rearLight05_right.xml"/>
        <states>
            <state lightTypes="0" />
        </states>

        <realLights>
            <low>
                <light node="backLow"       lightTypes="0" />
            </low>
            <high>
                <light node="brakeLight"       lightTypes="0"/>
                <brakeLight node="brakeLight" />
                <turnLightLeft node="turnLeft" />
                <turnLightRight node="turnRight" />
            </high>
        </realLights>
        <sounds>
            <switchLight template="SWITCH_01" linkNode="S9_main_component1" />
            <turnLight template="SWITCH_TURNLIGHT" linkNode="S9_main_component1" />
        </sounds>
    </lights>
	
    <attachable>
        <inputAttacherJoints>
            <inputAttacherJoint node="inputAttacherJoint" jointType="trailerLow" attacherHeight="0.5">
				<dependentAttacherJoint attacherJointIndex="1" />
			</inputAttacherJoint>
        </inputAttacherJoints>
        <support animationName="moveSupport" />
    </attachable>

    <attacherJoints>
        <attacherJoint node="attacherJointBack" lowerRotationOffset="0.63" upperRotationOffset="0.63" moveTime="2.5">
            <distanceToGround lower="0.431" upper="0.805"/>
            <rotationNode node="attacherJointBackRot" upperRotation="23 0 0" lowerRotation="-20 0 0"/>
            <rotationNode2 node="attacherJointBackRot2"/>
            <bottomArm rotationNode="attacherJointBackArmBottom" translationNode="bottomArm" referenceNode="referencePointBackBottom" zScale="-1" startRotation="22.2 0 0"/>
            <topArm baseNode="topArm" filename="$data/shared/assets/upperLinks/walterscheid02.i3d" zScale="-1" color="SHARED_GREY5" />
            <schema position="1 0" rotation="0" invertX="false"/>
			<objectChange node="topArm" visibilityActive="true"  visibilityInactive="false" />
        </attacherJoint>
        <sounds>
            <attach template="ATTACH_01" />
        </sounds>
    </attacherJoints>

    <powerTakeOffs>
        <input inputAttacherJointIndices="1" inputNode="ptoInputNode" aboveAttacher="true" />
        <output attacherJointIndices="1" outputNode="ptoOutputNodeBack" aboveAttacher="true" />
        <local startNode="localPowerTakeOff01Start" endNode="localPowerTakeOff01End" />
        <local startNode="localPowerTakeOff02Start" endNode="localPowerTakeOff02End" />
    </powerTakeOffs>

	<connectionHoses>
        <hose inputAttacherJointIndices="1" type="hydraulicIn" node="inputHose1In" length="1.3" diameter="0.02" color="0.05 0.05 0.05 5">
			<objectChange node="hoses" visibilityActive="false"  visibilityInactive="true" />
		</hose>
        <hose inputAttacherJointIndices="1" type="hydraulicOut" node="inputHose1Out" length="1.3" diameter="0.02" color="0.05 0.05 0.05 5">
        </hose>
        <hose inputAttacherJointIndices="1" type="hydraulicIn" node="inputHose2In" length="1.3" diameter="0.02" color="0.05 0.05 0.05 5">
        </hose>
        <hose inputAttacherJointIndices="1" type="hydraulicOut" node="inputHose2Out" length="1.3" diameter="0.02" color="0.05 0.05 0.05 5">
        </hose>
		<localHose>
			<hose type="hydraulicIn" node="inputHose3In" length="0.7" minCenterPointAngle="28" diameter="0.02" color="0.05 0.05 0.05 5"/>
			<target type="hydraulicIn" node="inputHose3InRef"/>
		</localHose>
		<localHose>
			<hose type="hydraulicOut" node="inputHose3Out" length="0.7" minCenterPointAngle="32" diameter="0.02" color="0.05 0.05 0.05 5"/>
			<target type="hydraulicOut" node="inputHose3OutRef"/>
		</localHose>
		<localHose>
			<hose type="hydraulicIn" node="inputHose4In" length="0.7" minCenterPointAngle="28" diameter="0.02" color="0.05 0.05 0.05 5"/>
			<target type="hydraulicIn" node="inputHose4InRef"/>
		</localHose>
		<localHose>
			<hose type="hydraulicOut" node="inputHose4Out" length="0.7" minCenterPointAngle="32" diameter="0.02" color="0.05 0.05 0.05 5"/>
			<target type="hydraulicOut" node="inputHose4OutRef"/>
		</localHose>
		<localHose>
            <hose type="CABLE_BOUNDLE" node="cableBundle" length="0.5" diameter="0.07" color="0.05 0.05 0.05 5" straighteningFactor="4"/>
            <target type="CABLE_BOUNDLE" node="cableBundleEnd" straighteningFactor="0"/>
        </localHose>
	</connectionHoses>
	
    <cylindered>
        <movingTools>
            <!-- left -->
            <movingTool node="leftArmJoint" playSound="true" wheelIndices="3">
                <componentJoint index="1" />
                <!--<dependentPart node="leftArm" />-->
            </movingTool>
			<movingTool node="leftComponentJoint" playSound="true" wheelIndices="3">
                <componentJoint index="1" />
                <!--<dependentPart node="leftArm" />-->
            </movingTool>

            <movingTool node="leftLock">
                <dependentPart node="hydraulicLockLeft" />
            </movingTool>

            <!-- right -->
            <movingTool node="rightArmJoint" playSound="true" wheelIndices="4">
                <componentJoint index="2" />
                <!--<dependentPart node="rightArm" />-->
            </movingTool>
			<movingTool node="rightComponentJoint" playSound="true" wheelIndices="4">
                <componentJoint index="2" />
                <!--<dependentPart node="rightArm" />-->
            </movingTool>

            <movingTool node="rightLock">
                <dependentPart node="hydraulicLockRight" />
            </movingTool>
			
			<movingTool node="attacherJointBackArmBottom">
                <dependentPart node="hydraulicLifter"/>
            </movingTool>
			
			<!--<movingTool node="axis" playSound="true" wheelIndices="1 2">
                <controls axis="AXIS_CRANE_TOOL3" invertAxis="true" mouseSpeedFactor="0.8" iconName="TOP_DOOR_ROTATE" />
                <animation animSpeed="0.5" animAcceleration="200" animName="axisUp" />
				<inputAttacherJoint value="1" />
				<dependentPart node="hydraulicAxis" />
				<dependentPart node="hydraulicDrawbar" />
            </movingTool>-->
        </movingTools>

        <movingParts >
            <!-- left -->
            <movingPart node="leftArm" referencePoint="leftRef2" referenceFrame="leftRef2" isActiveDirty="true" maxUpdateDistance="150" >
                <dependentPart node="hydraulicLeftArm" />
                <dependentPart node="leftSpringPart" />
                <powerTakeOffs localIndices="1" />
            </movingPart>
            <movingPart node="leftMower" referenceFrame="leftRef2" alignToWorldY="true"/>
            <movingPart node="hydraulicLeftArm" referencePoint="hydraulicLeftArmRef" referenceFrame="hydraulicLeftArmRef" >
                <translatingPart node="hydraulicLeftArmPunch" />
            </movingPart>
			<!--<movingPart node="leftSpring" referencePoint="leftSpringRef" localReferencePoint="leftSpringPart" referenceFrame="leftSpringPart" limitedAxis="1">
                <dependentPart node="leftSpringPart"/>
            </movingPart>-->
            <movingPart node="leftSpringPart" referencePoint="leftSpringRef" referenceFrame="leftSpringRef" scaleZ="true"/>
            <movingPart node="hydraulicLockLeft" referencePoint="hydraulicLockLeftRef" referenceFrame="hydraulicLockLeftRef" >
                <translatingPart node="hydraulicLockLeftPunch" />
            </movingPart>

            <!-- right -->
            <movingPart node="rightArm" referencePoint="rightRef2" referenceFrame="rightRef2" isActiveDirty="true" maxUpdateDistance="150" >
                <dependentPart node="hydraulicRightArm" />
                <dependentPart node="rightSpringPart" />
                <powerTakeOffs localIndices="2" />
            </movingPart>
            <movingPart node="rightMower" referenceFrame="rightRef2" alignToWorldY="true"/>
            <movingPart node="hydraulicRightArm" referencePoint="hydraulicRightArmRef" referenceFrame="hydraulicRightArmRef" >
                <translatingPart node="hydraulicRightArmPunch" />
            </movingPart>
			<!--<movingPart node="rightSpring" referencePoint="rightSpringRef" localReferencePoint="rightSpringPart" referenceFrame="rightSpringPart" limitedAxis="1">
                <dependentPart node="rightSpringPart"/>
            </movingPart>-->
            <movingPart node="rightSpringPart" referencePoint="rightSpringRef" referenceFrame="rightSpringRef" scaleZ="true"/>
            <movingPart node="hydraulicLockRight" referencePoint="hydraulicLockRightRef" referenceFrame="hydraulicLockRightRef" >
                <translatingPart node="hydraulicLockRightPunch" />
            </movingPart>
			<!-- lifter -->
            <movingPart node="hydraulicLifter" referencePoint="lowerLinkHydraulicRef" referenceFrame="lowerLinkHydraulicRef">
                <translatingPart node="hydraulicLifterPunch"/>
            </movingPart>
			<!-- axis - drawbar -->
            <movingPart node="hydraulicAxis" referencePoint="axisRef" referenceFrame="axisRef">
                <translatingPart node="hydraulicAxisPunch"/>
            </movingPart>
			<movingPart node="hydraulicDrawbar" referencePoint="drawbarHydRef" referenceFrame="drawbarHydRef">
                <translatingPart node="hydraulicDrawbarPunch"/>
            </movingPart>
        </movingParts>

        <sounds>
            <actionSound template="clackVar6"          pitchScale="0.8" volumeScale="1.1" linkNode="leftArm" actionNames="TOOL_MOVE_END_NEG_LIMIT"     nodes="leftArm"/>
            <actionSound template="sheetImp02"         pitchScale="0.8" volumeScale="2"   linkNode="leftArm" actionNames="TOOL_MOVE_END_NEG_LIMIT"     nodes="leftArm"/>
            <actionSound template="clackVar6"          pitchScale="1"   volumeScale="1.1" linkNode="leftArm" actionNames="TOOL_MOVE_END_POS_LIMIT"     nodes="leftArm"/>
            <actionSound template="clackVar4"          pitchScale="1"   volumeScale="0.6" linkNode="leftArm" actionNames="TOOL_MOVE_END_POS_LIMIT"     nodes="leftArm"/>
        </sounds>
    </cylindered>
	
	<foldable>
        <foldingConfigurations>
            <foldingConfiguration>
                <foldingParts startMoveDirection="1" foldMiddleAnimTime="0.2" turnOnFoldMaxLimit="0.3" turnOnFoldMinLimit="0">
                    <foldingPart animationName="leftFold" speedScale="0.6"/>
                    <foldingPart animationName="rightFold" speedScale="0.62"/>
                </foldingParts>
            </foldingConfiguration>
        </foldingConfigurations>
    </foldable>
	
    <animations>
        <animation name="leftFold">
            <part componentJointIndex="1" startTime="0"   endTime="1"   startTransLimit="0 0.4 0" endTransLimit="0 0 0" />
            <part componentJointIndex="1" startTime="0"   endTime="2"   startRotLimit="0 0 6.5" endRotLimit="0 0 0" />

            <part node="leftArmJoint"         startTime="0"   endTime="1"   startRot="0 0 10" endRot="0 0 20" />
            <part node="leftArm"         startTime="0"   endTime="1"   startRot="-10 90 0" endRot="-20 90 0" />
            <part node="leftSpring"         startTime="0"   endTime="1"   startRot="-10 90 0" endRot="-20 90 0" />
            <part node="leftComponentJoint"   startTime="0"   endTime="1"   startRot="0 0 0" endRot="0 0 -5" />
            <part node="leftMower"   startTime="0"   endTime="1"   startRot="0 0 0" endRot="0 0 0" />
            <part node="leftArmJoint"         startTime="1"   endTime="5"   startRot="0 0 20" endRot="0 0 102" />
            <part node="leftArm"         startTime="1"   endTime="5"   startRot="-20 90 0" endRot="-90 90 0" />
            <part node="leftSpring"         startTime="1"   endTime="5"   startRot="-20 90 0" endRot="-90 90 0" />
            <part node="leftComponentJoint"   startTime="1"   endTime="5"   startRot="0 0 -5" endRot="0 0 -5" />
            <part node="leftMower"   startTime="1"   endTime="5"   startRot="0 0 0" endRot="0 0 0" />
            <part node="leftLock"             startTime="3.5" endTime="4"   startRot="0 0 40"  endRot="0 0 52" />
            <part node="leftLock"             startTime="4.75" endTime="5"  startRot="0 0 52" endRot="0 0 40" />
			<sound template="defaultHydraulicSound" startTime="0.01" endTime="4.464"   volumeScale="1.5" pitchScale="0.8" />
            <sound template="defaultHydraulicSound" startTime="0.3"  endTime="4.164"   volumeScale="1.5" pitchScale="1" />
            <sound template="foldStartMed01"        startTime="4.6"  direction="-1"    volumeScale="1.5" pitchScale="0.8" />
            <sound template="foldStartMed02"        startTime="4.2"  direction="-1"    volumeScale="1.7" pitchScale="0.8" />
            <sound template="foldStopSm02"          startTime="0.1"  direction="-1"    volumeScale="1"   pitchScale="0.8" />
            <sound template="clackVar6"             startTime="0.4"  direction="-1"    volumeScale="1"   pitchScale="0.7" />
            <sound template="sheetImp02"            startTime="0.4"                    volumeScale="1.4" pitchScale="0.7" />
            <sound template="foldStartMed02"        startTime="0.01" direction="1"     volumeScale="2"   pitchScale="0.8" />
            <sound template="foldStopSm01"          startTime="4.3"  direction="1"     volumeScale="1.5" pitchScale="0.6" />
            <sound template="foldStopSm02"          startTime="4"    direction="1"     volumeScale="1.2" pitchScale="0.6" />
        </animation>
        <animation name="rightFold">
            <part componentJointIndex="2"      startTime="0"   endTime="1"   startTransLimit="0 0.4 0" endTransLimit="0 0 0" />
            <part componentJointIndex="2"      startTime="0"   endTime="2"   startRotLimit="0 0 6.5" endRotLimit="0 0 0" />
            <part node="rightArmJoint"         startTime="0"   endTime="1"   startRot="0 0 -10" endRot="0 0 -20" />
            <part node="rightArm"         startTime="0"   endTime="1"   startRot="-10 -90 0" endRot="-20 -90 0" />
            <part node="rightSpring"         startTime="0"   endTime="1"   startRot="-10 -90 0" endRot="-20 -90 0" />
            <part node="rightComponentJoint"   startTime="0"   endTime="1"   startRot="0 0 0" endRot="0 0 5" />
            <part node="rightMower"   startTime="0"   endTime="1"   startRot="0 0 0" endRot="0 0 0" />
            <part node="rightArmJoint"         startTime="1"   endTime="5"   startRot="0 0 -20" endRot="0 0 -102" />
            <part node="rightArm"         startTime="1"   endTime="5"   startRot="-20 -90 0" endRot="-90 -90 0" />
            <part node="rightSpring"         startTime="1"   endTime="5"   startRot="-20 -90 0" endRot="-90 -90 0" />
            <part node="rightComponentJoint"   startTime="1"   endTime="5"   startRot="0 0 5" endRot="0 0 5" />
            <part node="rightMower"   startTime="1"   endTime="5"   startRot="0 0 0" endRot="0 0 0" />
            <part node="rightLock"             startTime="3.5" endTime="4" startRot="0 0 -40"  endRot="0 0 -52" />
            <part node="rightLock"             startTime="4.75" endTime="5" startRot="0 0 -52"  endRot="0 0 -40" />
			<sound template="defaultHydraulicSound" startTime="0.01" endTime="4.464"   volumeScale="1.5" pitchScale="0.8" />
            <sound template="defaultHydraulicSound" startTime="0.3"  endTime="4.164"   volumeScale="1.5" pitchScale="1" />
            <sound template="foldStartMed01"        startTime="4.6"  direction="-1"    volumeScale="1.5" pitchScale="0.8" />
            <sound template="foldStartMed02"        startTime="4.2"  direction="-1"    volumeScale="1.7" pitchScale="0.8" />
            <sound template="foldStopSm02"          startTime="0.1"  direction="-1"    volumeScale="1"   pitchScale="0.8" />
            <sound template="clackVar6"             startTime="0.4"  direction="-1"    volumeScale="1"   pitchScale="0.7" />
            <sound template="sheetImp02"            startTime="0.4"                    volumeScale="1.4" pitchScale="0.7" />
            <sound template="foldStartMed02"        startTime="0.01" direction="1"     volumeScale="2"   pitchScale="0.8" />
            <sound template="foldStopSm01"          startTime="4.3"  direction="1"     volumeScale="1.5" pitchScale="0.6" />
            <sound template="foldStopSm02"          startTime="4"    direction="1"     volumeScale="1.2" pitchScale="0.6" />
        </animation>
		<animation name="moveSupport">
			<part node="support" startTime="0" endTime="0.1" startScale="0 0 0" endScale="1 1 1" />
			<part node="support" startTime="0"    endTime="0.05" visibility="false" />
            <part node="support" startTime="0.05" endTime="0.1"  visibility="true" />
			<sound template="clackVar5"  startTime="0.49" volumeScale="1.5" pitchScale="1.2" linkNode="support"/>
            <sound template="latchSmall" startTime="0.49" volumeScale="0.5" pitchScale="1.6" linkNode="support"/>
            <sound template="clackVar1"  startTime="0.2"  volumeScale="1.5" pitchScale="1.6" linkNode="support"/>
        </animation>
		<!--<animation name="axisUp">
            <part node="drawbar"    startTime="0" endTime="2" startRot="10 0 0" endRot="-10 0 0" />
            <part node="axis"    startTime="0" endTime="2" startRot="-10 0 0" endRot="10 0 0" />
        </animation>-->
    </animations>

    <turnOnVehicle turnOffIfNotAllowed="true">
        <animationNodes>
            <animationNode node="leftDrum" rotSpeed="-2500" rotAxis="1" turnOnFadeTime="2" turnOffFadeTime="8" />
            <animationNode node="rightDrum"  rotSpeed="-2500" rotAxis="1" turnOnFadeTime="2" turnOffFadeTime="8" />
        </animationNodes>

        <sounds>
            <start template="dischargeStart" />
            <work template="dischargeLoop" />
            <stop template="dischargeStop" />
        </sounds>
    </turnOnVehicle>

	<ai>
        <needsLowering value="true"/>
        <areaMarkers leftNode="aiMarkerLeft" rightNode="aiMarkerRight" backNode="aiMarkerBack"/>
        <collisionTrigger node="aiCollisionTrigger" width="6.6" height="1.6"/>
        <agentAttachment width="2.5" height="3.8" length="2.2" lengthOffset="0.05"/>
    </ai>
	

    <foliageBending>
        <bendingNode minX="-1.9" maxX="1.9" minZ="-0.9" maxZ="1.1" yOffset="-0.15" node="1>" />
        <bendingNode minX="-1.9" maxX="1.9" minZ="-0.9" maxZ="1.1" yOffset="-0.15" node="2>" />
    </foliageBending>

    <baseMaterial>
        <material name="seppiM_mat" baseNode="S9Multipla_vis">
            <shaderParameter name="colorMat0" value="SEPPI_RED"/>
            <shaderParameter name="colorMat1" value="SEPPI_RED"/>
            <shaderParameter name="colorMat2" value="AGRISEM_YELLOW1"/>
            <shaderParameter name="colorMat6" value="SEPPI_RED"/>
        </material>
    </baseMaterial>
	
	<designConfigurations>
        <designConfiguration name="$l10n_configuration_Red" price="0" >
            <material name="seppiM_mat" shaderParameter="colorMat0" color="SEPPI_RED"/>
            <material name="seppiM_mat" shaderParameter="colorMat1" color="SEPPI_RED"/>
            <material name="seppiM_mat" shaderParameter="colorMat2" color="AGRISEM_YELLOW1"/>
            <material name="seppiM_mat" shaderParameter="colorMat6" color="SEPPI_RED"/>
        </designConfiguration>
        <designConfiguration name="$l10n_configuration_black" price="1000" >
            <material name="seppiM_mat" shaderParameter="colorMat0" color="SEPPI_RED"/>
            <material name="seppiM_mat" shaderParameter="colorMat1" color="SEPPI_BLACK"/>
            <material name="seppiM_mat" shaderParameter="colorMat2" color="SEPPI_BLACK"/>
            <material name="seppiM_mat" shaderParameter="colorMat6" color="SHARED_GREY1"/>
        </designConfiguration>
	</designConfigurations>

    <wearable wearDuration="480" workMultiplier="5" fieldMultiplier="2"/>
    <washable dirtDuration="90" washDuration="1" workMultiplier="4" fieldMultiplier="2"/>

    <i3dMappings>
        <i3dMapping id="S9_main_component1" node="0>" />
        <i3dMapping id="S9Multipla_vis" node="0>0" />
        <i3dMapping id="drawbar" node="0>0|0|0" />
        <i3dMapping id="drawbarHydRef" node="0>0|0|0|1" />
        <i3dMapping id="inputAttacherJoint" node="0>0|0|0|0" />
        <i3dMapping id="ptoInputNode" node="0>0|0|1" />
        <i3dMapping id="axis" node="0>0|1" />
        <i3dMapping id="leftWheel" node="0>0|1|0|0" />
        <i3dMapping id="rightWheel" node="0>0|1|0|1" />
		<i3dMapping id="attacherJointBackRot" node="0>0|1|1|0" />
        <i3dMapping id="attacherJointBackRot2" node="0>0|1|1|0|0" />
        <i3dMapping id="attacherJointBack" node="0>0|1|1|0|0|0" />
        <i3dMapping id="attacherJointBackArmBottom" node="0>0|1|1|1" />
        <i3dMapping id="bottomArm" node="0>0|1|1|1|0" />
        <i3dMapping id="referencePointBackBottom" node="0>0|1|1|1|0|0" />
		<i3dMapping id="lowerLinkHydraulicRef" node="0>0|1|1|1|0|1" />
        <i3dMapping id="topArm" node="0>0|5|0" />
        <i3dMapping id="ptoOutputNodeBack" node="0>0|5|1" />
        <i3dMapping id="axisRef" node="0>0|1|2" />
        <i3dMapping id="localPowerTakeOff01Start" node="0>0|2|2" />
        <i3dMapping id="localPowerTakeOff02Start" node="0>0|2|3" />
        <i3dMapping id="leftArmJoint" node="0>0|2|6" />
        <i3dMapping id="leftComponentJoint" node="0>0|2|6|0" />
        <i3dMapping id="leftArm" node="0>0|2|0" />
        <i3dMapping id="leftMower" node="0>0|2|0|2|0" />
        <i3dMapping id="leftDrum" node="0>0|2|0|2|0|0" />
        <i3dMapping id="leftRoller" node="0>0|2|0|2|0|1" />
        <i3dMapping id="leftWorkAreaStart" node="0>0|2|0|2|0|2|0" />
        <i3dMapping id="leftWorkAreaWidth" node="0>0|2|0|2|0|2|1" />
        <i3dMapping id="leftWorkAreaHeight" node="0>0|2|0|2|0|2|2" />
        <i3dMapping id="leftDropAreaStart" node="0>0|2|0|2|0|2|3" />
        <i3dMapping id="leftDropAreaWidth" node="0>0|2|0|2|0|2|4" />
        <i3dMapping id="leftDropAreaHeight" node="0>0|2|0|2|0|2|5" />
        <i3dMapping id="aiMarkerLeft" node="0>0|2|0|2|0|3|0" />
        <i3dMapping id="sizeMarkerLeft" node="0>0|2|0|2|0|3|1" />
        <i3dMapping id="localPowerTakeOff02End" node="0>0|2|0|2|0|4" />
        <i3dMapping id="hydraulicLeftArmRef" node="0>0|2|0|0" />
        <i3dMapping id="leftSpringRef" node="0>0|2|0|1" />
        <i3dMapping id="leftSpring" node="0>0|3|6" />
        <i3dMapping id="leftSpringPart" node="0>0|3|6|0" />
        <i3dMapping id="leftLock" node="0>0|2|4" />
        <i3dMapping id="hydraulicLockLeftRef" node="0>0|2|4|0" />
        <i3dMapping id="hydraulicLockLeft" node="0>0|3|2" />
        <i3dMapping id="hydraulicLockLeftPunch" node="0>0|3|2|0" />
        <i3dMapping id="rightArmJoint" node="0>0|2|7" />
        <i3dMapping id="rightComponentJoint" node="0>0|2|7|0" />
        <i3dMapping id="rightArm" node="0>0|2|1" />
        <i3dMapping id="rightMower" node="0>0|2|1|2|0" />
        <i3dMapping id="rightDrum" node="0>0|2|1|2|0|0" />
        <i3dMapping id="rightRoller" node="0>0|2|1|2|0|1" />
        <i3dMapping id="rightSpringRef" node="0>0|2|1|1" />
        <i3dMapping id="rightWorkAreaStart" node="0>0|2|1|2|0|2|0" />
        <i3dMapping id="rightWorkAreaWidth" node="0>0|2|1|2|0|2|1" />
        <i3dMapping id="rightWorkAreaHeight" node="0>0|2|1|2|0|2|2" />
        <i3dMapping id="rightDropAreaStart" node="0>0|2|1|2|0|2|3" />
        <i3dMapping id="rightDropAreaWidth" node="0>0|2|1|2|0|2|4" />
        <i3dMapping id="rightDropAreaHeight" node="0>0|2|1|2|0|2|5" />
        <i3dMapping id="aiMarkerRight" node="0>0|2|1|2|0|3|0" />
        <i3dMapping id="sizeMarkerRight" node="0>0|2|1|2|0|3|1" />
        <i3dMapping id="localPowerTakeOff01End" node="0>0|2|1|2|0|4" />
        <i3dMapping id="hydraulicRightArmRef" node="0>0|2|1|0" />
        <i3dMapping id="rightSpring" node="0>0|3|7" />
        <i3dMapping id="rightSpringPart" node="0>0|3|7|0" />
        <i3dMapping id="rightLock" node="0>0|2|5" />
        <i3dMapping id="hydraulicLockRightRef" node="0>0|2|5|0" />
        <i3dMapping id="hydraulicLockRight" node="0>0|3|4" />
        <i3dMapping id="hydraulicLockRightPunch" node="0>0|3|4|0" />
        <i3dMapping id="hydraulicLeftArm" node="0>0|3|1" />
        <i3dMapping id="hydraulicLeftArmPunch" node="0>0|3|1|0" />
        <i3dMapping id="hydraulicRightArm" node="0>0|3|3" />
        <i3dMapping id="hydraulicRightArmPunch" node="0>0|3|3|0" />
        <i3dMapping id="aiMarkerBack" node="0>0|4|0" />
        <i3dMapping id="sizeMarkerBack" node="0>0|4|1" />
        <i3dMapping id="aiCollisionTrigger" node="0>0|4|2" />
        <i3dMapping id="S9_leftMower_component2" node="1>" />
        <i3dMapping id="S9_rightMower_component3" node="2>" />
        <i3dMapping id="hydraulicLifter" node="0>0|3|8" />
        <i3dMapping id="hydraulicLifterPunch" node="0>0|3|8|0" />
		<i3dMapping id="hydraulicAxis" node="0>0|3|0" />
        <i3dMapping id="hydraulicAxisPunch" node="0>0|3|0|0" />
		<i3dMapping id="hydraulicDrawbar" node="0>0|3|5" />
        <i3dMapping id="hydraulicDrawbarPunch" node="0>0|3|5|0" />
        <i3dMapping id="sharedLeft" node="0>0|1|4|0|0" />
        <i3dMapping id="sharedRight" node="0>0|1|4|0|1" />
        <i3dMapping id="brakeLight" node="0>0|1|4|1" />
        <i3dMapping id="turnLeft" node="0>0|1|4|2" />
        <i3dMapping id="turnRight" node="0>0|1|4|3" />
        <i3dMapping id="backLow" node="0>0|1|4|4" />
        <i3dMapping id="leftRef" node="1>0" />
        <i3dMapping id="leftRef2" node="1>1" />
        <i3dMapping id="wheelRollerSX" node="1>0|0" />
        <i3dMapping id="groundRefNodeSx" node="1>0|1" />
        <i3dMapping id="rightRef" node="2>0" />
        <i3dMapping id="rightRef2" node="2>1" />
        <i3dMapping id="wheelRollerDX" node="2>0|0" />
        <i3dMapping id="groundRefNodeDx" node="2>0|1" />
        <i3dMapping id="inputHose1In" node="0>0|0|2|0|0" />
        <i3dMapping id="inputHose1Out" node="0>0|0|2|0|1" />
        <i3dMapping id="inputHose2In" node="0>0|0|2|0|2" />
        <i3dMapping id="inputHose2Out" node="0>0|0|2|0|3" />
		<i3dMapping id="inputHose3In" node="0>0|0|2|1|0" />
        <i3dMapping id="inputHose3Out" node="0>0|0|2|1|1" />
        <i3dMapping id="inputHose4In" node="0>0|0|2|1|2" />
        <i3dMapping id="inputHose4Out" node="0>0|0|2|1|3" />
        <i3dMapping id="inputHose3InRef" node="0>0|3|8|1" />
        <i3dMapping id="inputHose3OutRef" node="0>0|3|8|2" />
        <i3dMapping id="inputHose4InRef" node="0>0|3|8|3" />
        <i3dMapping id="inputHose4OutRef" node="0>0|3|8|4" />
        <i3dMapping id="cableBundle" node="0>0|0|2|1|4" />
        <i3dMapping id="cableBundleEnd" node="0>0|0|2|1|5" />
        <i3dMapping id="hoses" node="0>0|0|2|2" />
        <i3dMapping id="hoses1" node="0>0|0|2|2|0" />
        <i3dMapping id="hoses2" node="0>0|0|2|2|1" />
        <i3dMapping id="hoses3" node="0>0|0|2|2|2" />
        <i3dMapping id="hoses4" node="0>0|0|2|2|3" />
        <i3dMapping id="support" node="0>0|7" />
        <i3dMapping id="mulcherEffectNodeLeft" node="0>0|2|0|2|0|9|0" />
        <i3dMapping id="smokeEmitterLeft" node="0>0|2|0|2|0|9|1" />
		<i3dMapping id="mulcherEffectNodeRight" node="0>0|2|1|2|0|9|0" />
        <i3dMapping id="smokeEmitterRight" node="0>0|2|1|2|0|9|1" />
    </i3dMappings>
</vehicle>
