<?xml version="1.0" encoding="utf-8" standalone="no" ?>
<modDesc descVersion="62">
    <author>Keksi</author>
    <version>1.1.0.0</version>
    <title>
        <en>Cow Barn</en>
		<de>Kuhstall Groß + Fütterungsroboter</de>
    </title>
    <description>
        <de>Umgebaute Kuhställe aus dem Spiel. Erweitert um Ballentrigger für Stroh und den Fütterungsroboter</de>
        
    
    </description>
    <iconFilename>giants_256x256_modhub.dds</iconFilename>
    <multiplayer supported="true" />

    <storeItems>
        <storeItem xmlFilename="cowBarnBig.xml" />
        <storeItem xmlFilename="cowBarnBigVector.xml" />
    </storeItems>
</modDesc>
