﻿<?xml version="1.0" encoding="utf-8" standalone="no" ?>
<vehicle type="dynamicMountAttacherShovel" xmlns:xsi="http://www.w3.org/2001/XMLSchema-instance" xsi:noNamespaceSchemaLocation="$shared/xml/schema/vehicle.xsd">
    <annotation>Copyright (C) GIANTS Software GmbH, All Rights Reserved.</annotation>

    <storeData>
        <name>$l10n_shopItem_frontloaderManureFork</name>
        <specs>
            <combination filterCategory="frontLoaders" />
            <combination filterCategory="frontLoaderVehicles" />
        </specs>
		<functions>
            <function>$l10n_function_frontloaderManureFork</function>
        </functions>
        <image>store/store_stollToolManureFork.dds</image>
        <price>1000</price>
        <lifetime>600</lifetime>
        <rotation>0</rotation>
        <brand>STOLL</brand>
        <category>frontLoaderTools</category>
		<shopTranslationOffset>0 0 0</shopTranslationOffset>
        <shopRotationOffset>0 0 0</shopRotationOffset>
        <vertexBufferMemoryUsage>69624</vertexBufferMemoryUsage>
        <indexBufferMemoryUsage>14520</indexBufferMemoryUsage>
        <textureMemoryUsage>8563512</textureMemoryUsage>
        <instanceVertexBufferMemoryUsage>0</instanceVertexBufferMemoryUsage>
        <instanceIndexBufferMemoryUsage>0</instanceIndexBufferMemoryUsage>
		<audioMemoryUsage>0</audioMemoryUsage>
    </storeData>

    <base>
        <typeDesc>$l10n_typeDesc_frontloaderTool</typeDesc>
        <filename>vehicles/stollToolManureFork.i3d</filename>
        <size width="2.5" length="2" />
        <components>
            <component centerOfMass="0 0.2 -0.1" solverIterationCount="10" mass="165" />
        </components>
        <schemaOverlay attacherJointPosition="0 0" name="IMPLEMENT" />
    </base>

    <attachable>
        <inputAttacherJoints>
            <inputAttacherJoint node="attacherJoint" jointType="frontloader" />
        </inputAttacherJoints>
    </attachable>

    <fillUnit>
        <fillUnitConfigurations>
            <fillUnitConfiguration>
                <fillUnits>
                    <fillUnit shopDisplayUnit="LITER" fillTypeCategories="FORK" capacity="750">
                        <exactFillRootNode node="exactFillRootNode" />
                    </fillUnit>
                </fillUnits>
            </fillUnitConfiguration>
        </fillUnitConfigurations>
    </fillUnit>

    <fillVolume>
        <fillVolumeConfigurations>
            <fillVolumeConfiguration>
                <volumes>
                    <volume node="fillVolume" maxAllowedHeapAngle="20" fillUnitIndex="1" maxSubDivEdgeLength="0.6" />
                </volumes>
            </fillVolumeConfiguration>
        </fillVolumeConfigurations>

        <loadInfos>
            <loadInfo>
                <node node="fillVolumeLoadNode" width="0.9" length="0.2" />
            </loadInfo>
        </loadInfos>

        <unloadInfos>
            <unloadInfo>
                <node node="fillVolumeUnloadNode" width="0.9" length="0.2" />
            </unloadInfo>
        </unloadInfos>
    </fillVolume>

    <dischargeable requiresTipOcclusionArea="false">
        <dischargeNode node="dischargeNode" fillUnitIndex="1" emptySpeed="1200">
            <raycast node="dischargeNode" maxDistance="30" useWorldNegYDirection="true" yOffset="2"/>
            <info width="1.8" length="1" zOffset="0.5"/>

            <effects>
                <effectNode effectClass="TipEffect">
                    <effectNode effectNode="emitterShape" effectClass="ParticleEffect" materialType="unloadingParticle" />
                    <effectNode effectNode="grainEffect" materialType="unloading" fadeTime="0.5" alignXAxisToWorldY="true" />
                </effectNode>
                <effectNode effectNode="smokeEffect" materialType="unloadingSmoke" fadeTime="0.5" />
            </effects>
        </dischargeNode>
    </dischargeable>

    <shovel>
        <shovelNode node="pickUpNode" fillUnitIndex="1" loadInfoIndex="1" width="1.2" length="0.4" needsMovement="true" maxPickupAngle="105" />
        <dischargeInfo node="dischargeNode" minSpeedAngle="105" maxSpeedAngle="155" />
    </shovel>

    <dynamicMountAttacher node="0>">
        <mountCollisionMask node="backCollision" collisionMask="134225920" />
    </dynamicMountAttacher>

	<ai>
        <agentAttachment width="1.8" height="0.9" length="1.0" lengthOffset="0.05" />
    </ai>

    <baseMaterial>
        <material name="stollFrontLoaderImplements_mat" baseNode="stollManureFork">
            <shaderParameter name="colorMat0" value="STOLL_GREY1" />
        </material>
    </baseMaterial>

    <baseMaterialConfigurations price="200" useDefaultColors="true">
        <baseMaterialConfiguration color="STOLL_GREY1" />
        <material name="stollFrontLoaderImplements_mat" shaderParameter="colorMat0" />
    </baseMaterialConfigurations>

	<foliageBending>
        <bendingNode minX="-0.95" maxX="0.95" minZ="-0.45" maxZ="0.5" yOffset="0.05" />
    </foliageBending>

    <wearable wearDuration="480" workMultiplier="5" fieldMultiplier="2" />
    <washable dirtDuration="90" washDuration="1" workMultiplier="6" fieldMultiplier="2" />

    <i3dMappings>
        <i3dMapping id="stollToolManureFork_main_component1" node="0>" />
        <i3dMapping id="attacherJoint" node="0>0" />
        <i3dMapping id="stollManureFork" node="0>1" />
        <i3dMapping id="dischargeNode" node="0>1|0" />
        <i3dMapping id="exactFillRootNode" node="0>1|1" />
        <i3dMapping id="fillVolume" node="0>1|2|0" />
        <i3dMapping id="fillVolumeLoadNode" node="0>1|2|1" />
        <i3dMapping id="fillVolumeUnloadNode" node="0>1|2|2" />
        <i3dMapping id="emitterShape" node="0>1|3" />
        <i3dMapping id="grainEffect" node="0>1|4|0" />
        <i3dMapping id="smokeEffect" node="0>1|4|1" />
        <i3dMapping id="pickUpNode" node="0>1|5" />
        <i3dMapping id="backCollision" node="0>3" />
    </i3dMappings>
</vehicle>
