﻿<?xml version="1.0" encoding="utf-8" standalone="no" ?>
<vehicle type="implementDynamicMountAttacher" xmlns:xsi="http://www.w3.org/2001/XMLSchema-instance" xsi:noNamespaceSchemaLocation="$shared/xml/schema/vehicle.xsd">
    <annotation>Copyright (C) GIANTS Software GmbH, All Rights Reserved.</annotation>

    <storeData>
        <name>$l10n_shopItem_frontloaderPalletFork</name>
        <specs>
            <combination filterCategory="frontLoaders" />
            <combination filterCategory="frontLoaderVehicles" />
        </specs>
		<functions>
            <function>$l10n_function_frontloaderPalletFork</function>
        </functions>
        <storePacks>
            <storePack>STARTER_TRANSPORT</storePack>
        </storePacks>
        <image>store/store_stollToolPalletFork.dds</image>
        <price>800</price>
        <lifetime>600</lifetime>
        <rotation>0</rotation>
        <brand>STOLL</brand>
        <category>frontLoaderTools</category>
		 <shopTranslationOffset>0 0 0</shopTranslationOffset>
        <shopRotationOffset>0 0 0</shopRotationOffset>
        <vertexBufferMemoryUsage>52240</vertexBufferMemoryUsage>
        <indexBufferMemoryUsage>7272</indexBufferMemoryUsage>
        <textureMemoryUsage>8563512</textureMemoryUsage>
        <instanceVertexBufferMemoryUsage>0</instanceVertexBufferMemoryUsage>
        <instanceIndexBufferMemoryUsage>0</instanceIndexBufferMemoryUsage>
		<audioMemoryUsage>0</audioMemoryUsage>
    </storeData>

    <base>
        <typeDesc>$l10n_typeDesc_frontloaderTool</typeDesc>
        <filename>vehicles/stollToolPalletFork.i3d</filename>
        <size width="2.5" length="2" />
		<supportsPickUp>false</supportsPickUp>
        <components>
            <component centerOfMass="0 0.2 -0.4" solverIterationCount="10" mass="187" />
        </components>
        <schemaOverlay attacherJointPosition="0 0" name="IMPLEMENT" />
    </base>

    <attachable>
        <inputAttacherJoints>
            <inputAttacherJoint node="attacherJoint" jointType="frontloader" />
        </inputAttacherJoints>
    </attachable>

    <dynamicMountAttacher node="0>">
        <mountCollisionMask node="colPartBack1" collisionMask="134225920" />
        <mountCollisionMask node="colPartBack2" collisionMask="134225920" />
    </dynamicMountAttacher>

	<ai>
        <agentAttachment width="1.3" height="0.9" length="1.3" lengthOffset="0" />
    </ai>

    <foliageBending>
        <bendingNode minX="-0.65" maxX="0.65" minZ="-0.7" maxZ="-0.53" yOffset="0.15" />
        <bendingNode minX="-0.07" maxX="0.07" minZ="0"    maxZ="1.25"  yOffset="-0.34" node="colPartBack1" />
        <bendingNode minX="-0.07" maxX="0.07" minZ="0"    maxZ="1.25"  yOffset="-0.34" node="colPartBack2" />
    </foliageBending>

	<baseMaterial>
        <material name="stollFrontLoaderImplements_mat" baseNode="stollPalletFork">
            <shaderParameter name="colorMat0" value="STOLL_GREY1" />
        </material>
    </baseMaterial>

    <baseMaterialConfigurations price="200" useDefaultColors="true">
        <baseMaterialConfiguration color="STOLL_GREY1" />
        <material name="stollFrontLoaderImplements_mat" shaderParameter="colorMat0" />
    </baseMaterialConfigurations>

    <wearable wearDuration="480" workMultiplier="5" fieldMultiplier="2" />
    <washable dirtDuration="90" washDuration="1" workMultiplier="2" fieldMultiplier="2" />

    <i3dMappings>
        <i3dMapping id="stollToolPalletFork_main_component1" node="0>" />
        <i3dMapping id="attacherJoint" node="0>0" />
        <i3dMapping id="stollPalletFork" node="0>1" />
        <i3dMapping id="colPartBack1" node="0>4" />
        <i3dMapping id="colPartBack2" node="0>5" />
    </i3dMappings>
</vehicle>
