﻿<?xml version="1.0" encoding="utf-8" standalone="no" ?>
<vehicle type="baleGrab" xmlns:xsi="http://www.w3.org/2001/XMLSchema-instance" xsi:noNamespaceSchemaLocation="$shared/xml/schema/vehicle.xsd">
    <annotation>Copyright (C) GIANTS Software GmbH, All Rights Reserved.</annotation>

    <storeData>
        <name>$l10n_shopItem_frontloaderBaleGrab</name>
        <specs>
			<combination filterCategory="frontLoaders" />
            <combination filterCategory="frontLoaderVehicles" />
        </specs>
		<functions>
            <function>$l10n_function_frontloaderBaleFork</function>
        </functions>
        <image>store/store_stollToolBaleGrab.dds</image>
        <price>1700</price>
        <lifetime>600</lifetime>
        <rotation>0</rotation>
        <brand>STOLL</brand>
        <category>frontLoaderTools</category>
		<shopTranslationOffset>0 0 0</shopTranslationOffset>
        <shopRotationOffset>0 0 0</shopRotationOffset>
        <vertexBufferMemoryUsage>86784</vertexBufferMemoryUsage>
        <indexBufferMemoryUsage>13788</indexBufferMemoryUsage>
        <textureMemoryUsage>8563512</textureMemoryUsage>
        <instanceVertexBufferMemoryUsage>0</instanceVertexBufferMemoryUsage>
        <instanceIndexBufferMemoryUsage>0</instanceIndexBufferMemoryUsage>
		<audioMemoryUsage>0</audioMemoryUsage>
    </storeData>

    <base>
        <typeDesc>$l10n_typeDesc_frontloaderTool</typeDesc>
        <filename>vehicles/stollToolBaleGrab.i3d</filename>
        <size width="2.5" length="2" />
        <supportsPickUp>false</supportsPickUp>
        <components>
            <component centerOfMass="0 0.2 0" solverIterationCount="20" mass="125" />
            <component solverIterationCount="15" mass="50" />
            <component solverIterationCount="15" mass="50" />
            <joint component1="1" component2="2" node="leftGrabJoint" rotLimit="0 0 0" transLimit="0 0 0" rotLimitSpring="0 180 0" rotLimitDamping="0 10 0" rotLimitForceLimit="-1 10 -1" />
            <joint component1="1" component2="3" node="rightGrabJoint" rotLimit="0 0 0" transLimit="0 0 0" rotLimitSpring="0 180 0" rotLimitDamping="0 10 0" rotLimitForceLimit="-1 10 -1" />
        </components>
        <schemaOverlay attacherJointPosition="0 0" name="IMPLEMENT" />
    </base>

    <attachable>
        <inputAttacherJoints>
            <inputAttacherJoint node="attacherJoint" jointType="frontloader" />
        </inputAttacherJoints>
    </attachable>

    <cylindered>
        <movingTools>
            <movingTool node="rightGrabJoint" playSound="true">
                <controls axis="AXIS_FRONTLOADER_TOOL2" invertAxis="true" mouseSpeedFactor="0.5" iconName="TOOL_OPEN_CLOSE" />
				<componentJoint index="2" anchorActor="0" />
                <rotation rotationAxis="2" rotSpeed="70" rotAcceleration="250" rotMax="43" rotMin="0" />
                <dependentMovingTool node="leftGrabJoint" speedScale="-1" />
            </movingTool>
            <movingTool node="leftGrabJoint">
                <componentJoint index="1" anchorActor="0" />
				<rotation rotationAxis="2" rotSpeed="70" rotAcceleration="250" rotMax="0" rotMin="-17"/>
            </movingTool>
        </movingTools>

        <movingParts>
            <movingPart node="leftGrabArm" referencePoint="leftGrabArmRef" referenceFrame="leftGrabArmRef" limitedAxis="2" isActiveDirty="true" maxUpdateDistance="100">
                <dependentPart node="hydraulicGrab" />
            </movingPart>
            <movingPart node="rightGrabArm" referencePoint="rightGrabArmRef" referenceFrame="rightGrabArmRef" limitedAxis="2" isActiveDirty="true" maxUpdateDistance="100">
                <dependentPart node="hydraulicGrab" />
            </movingPart>
            <movingPart node="hydraulicGrab" referencePoint="hydraulicGrabRef" referenceFrame="hydraulicGrabRef">
                <translatingPart node="hydraulicGrabPunch" />
            </movingPart>
        </movingParts>

        <sounds>
            <actionSound template="defaultHydraulicSound" pitchScale="0.6" volumeScale="2"   linkNode="rightGrabJoint" actionNames="TOOL_MOVE_POS TOOL_MOVE_NEG" nodes="rightGrabJoint" />
			<actionSound template="clackVar6"             pitchScale="0.9" volumeScale="1.4" linkNode="rightGrabJoint" actionNames="TOOL_MOVE_END_POS_LIMIT"     nodes="rightGrabJoint" />
            <actionSound template="cylinderPunch"         pitchScale="2"   volumeScale="0.5" linkNode="rightGrabJoint" actionNames="TOOL_MOVE_END_POS_LIMIT"     nodes="rightGrabJoint" />
            <actionSound template="clackVar6"             pitchScale="0.8" volumeScale="1.7" linkNode="rightGrabJoint" actionNames="TOOL_MOVE_END_NEG_LIMIT"     nodes="rightGrabJoint" />
            <actionSound template="thudVar2"              pitchScale="2"   volumeScale="1"   linkNode="rightGrabJoint" actionNames="TOOL_MOVE_END_NEG_LIMIT"     nodes="rightGrabJoint" />
        </sounds>
    </cylindered>

	<baleGrab triggerNode="dynamicMountTrigger" rootNode="0>" jointNode="dynamicMountTrigger" jointType="TYPE_AUTO_ATTACH_XYZ" forceAcceleration="30" grabRefComponentJointIndex1="0" grabRefComponentJointIndex2="1" rotDiffThreshold1="4" rotDiffThreshold2="-4" />

	<ai>
        <agentAttachment width="1.4" height="1.3" length="1.4" lengthOffset="0.05" />
    </ai>

    <baseMaterial>
        <material name="stollFrontLoaderImplements_mat" baseNode="stollBaleGrab_vis">
            <shaderParameter name="colorMat0" value="STOLL_GREY1" />
        </material>
    </baseMaterial>

	<foliageBending>
        <bendingNode minX="-0.75" maxX="0.75" minZ="-0.6" maxZ="-0.35" yOffset="0.05" />
        <bendingNode minX="-0.5" maxX="0.5" minZ="-0.2" maxZ="0.02" yOffset="-0.7" node="leftGrabArm" />
    </foliageBending>

    <baseMaterialConfigurations price="200" useDefaultColors="true">
        <baseMaterialConfiguration color="STOLL_GREY1" />
        <material name="stollFrontLoaderImplements_mat" shaderParameter="colorMat0" />
    </baseMaterialConfigurations>

    <wearable wearDuration="480" workMultiplier="5" fieldMultiplier="2" />
    <washable dirtDuration="90" washDuration="1" workMultiplier="3" fieldMultiplier="2" />

    <i3dMappings>
        <i3dMapping id="stollToolBraleGrab_main_component1" node="0>" />
        <i3dMapping id="attacherJoint" node="0>0" />
        <i3dMapping id="leftGrabJoint" node="0>1" />
        <i3dMapping id="rightGrabJoint" node="0>2" />
        <i3dMapping id="dynamicMountTrigger" node="0>3" />
        <i3dMapping id="stollBaleGrab_vis" node="0>4" />
        <i3dMapping id="leftGrabArm" node="0>4|0" />
        <i3dMapping id="hydraulicGrabRef" node="0>4|0|0" />
        <i3dMapping id="rightGrabArm" node="0>4|1" />
        <i3dMapping id="hydraulicGrab" node="0>4|1|0" />
        <i3dMapping id="hydraulicGrabPunch" node="0>4|1|0|0" />
        <i3dMapping id="stollToolBraleGrab_leftGrab_component2" node="1>" />
        <i3dMapping id="leftGrabArmRef" node="1>0" />
        <i3dMapping id="stollToolBraleGrab_rightGrab_component3" node="2>" />
        <i3dMapping id="rightGrabArmRef" node="2>0" />
    </i3dMappings>
</vehicle>
