﻿<?xml version="1.0" encoding="utf-8" standalone="no" ?>
<vehicle type="implementDynamicMountAttacher" xmlns:xsi="http://www.w3.org/2001/XMLSchema-instance" xsi:noNamespaceSchemaLocation="$shared/xml/schema/vehicle.xsd">
    <annotation>Copyright (C) GIANTS Software GmbH, All Rights Reserved.</annotation>

    <storeData>
        <name>$l10n_shopItem_frontloaderRoundBaleFork</name>
        <specs>
            <combination filterCategory="frontLoaders" />
            <combination filterCategory="frontLoaderVehicles" />
        </specs>
		<functions>
            <function>$l10n_function_frontloaderRoundBaleFork</function>
        </functions>
        <image>store/store_stollToolRoundBaleFork.dds</image>
        <price>1100</price>
        <lifetime>600</lifetime>
        <rotation>0</rotation>
        <brand>STOLL</brand>
        <category>frontLoaderTools</category>
		<shopTranslationOffset>0 0 0</shopTranslationOffset>
        <shopRotationOffset>0 0 0</shopRotationOffset>
        <vertexBufferMemoryUsage>41168</vertexBufferMemoryUsage>
        <indexBufferMemoryUsage>5580</indexBufferMemoryUsage>
        <textureMemoryUsage>8563512</textureMemoryUsage>
        <instanceVertexBufferMemoryUsage>0</instanceVertexBufferMemoryUsage>
        <instanceIndexBufferMemoryUsage>0</instanceIndexBufferMemoryUsage>
		<audioMemoryUsage>0</audioMemoryUsage>
    </storeData>

    <base>
        <typeDesc>$l10n_typeDesc_frontloaderTool</typeDesc>
        <filename>vehicles/stollToolRoundBaleFork.i3d</filename>
        <size width="2.5" length="2" />
        <components>
            <component centerOfMass="0 0.2 0.4" solverIterationCount="10" mass="245" />
        </components>
        <schemaOverlay attacherJointPosition="0 0" name="IMPLEMENT" />
    </base>

    <attachable>
        <inputAttacherJoints>
            <inputAttacherJoint node="attacherJoint" jointType="frontloader" />
        </inputAttacherJoints>
    </attachable>

    <connectionHoses />

	<dynamicallyLoadedParts />

    <cylindered>
        <movingTools>
            <movingTool node="leftArmCol" delayedNode="leftArm" playSound="true">
                <controls axis="AXIS_FRONTLOADER_TOOL2" invertAxis="false" mouseSpeedFactor="0.5" iconName="TOOL_OPEN_CLOSE" />
				<dependentMovingTool node="rightArmCol" speedScale="-1" />
                <rotation rotationAxis="3" rotSpeed="70" rotAcceleration="250" rotMax="0" rotMin="-40" />
                <dependentPart node="hydraulic" /> 
            </movingTool>

            <movingTool node="rightArmCol" delayedNode="rightArm">
                <rotation rotationAxis="3" rotSpeed="70" rotAcceleration="250" rotMax="40" rotMin="0" />
                <dependentPart node="hydraulic" />
            </movingTool>
        </movingTools>

        <movingParts>
            <movingPart node="hydraulic" referencePoint="hydraulicRef" referenceFrame="0>" isActiveDirty="true" maxUpdateDistance="50">
                <translatingPart node="hydraulicPunch" />
            </movingPart>
        </movingParts>

        <sounds>
            <actionSound template="defaultHydraulicSound" pitchScale="0.6" volumeScale="2"   linkNode="leftArmCol" actionNames="TOOL_MOVE_POS TOOL_MOVE_NEG" nodes="leftArmCol" />
            <actionSound template="clackVar6"             pitchScale="0.9" volumeScale="1.4" linkNode="leftArmCol" actionNames="TOOL_MOVE_END_POS_LIMIT"     nodes="leftArmCol" />
            <actionSound template="cylinderPunch"         pitchScale="2"   volumeScale="0.5" linkNode="leftArmCol" actionNames="TOOL_MOVE_END_POS_LIMIT"     nodes="leftArmCol" />
            <actionSound template="clackVar6"             pitchScale="0.6" volumeScale="1.7" linkNode="leftArmCol" actionNames="TOOL_MOVE_END_NEG_LIMIT"     nodes="leftArmCol" />
            <actionSound template="sheetImp02"            pitchScale="0.8" volumeScale="2"   linkNode="leftArmCol" actionNames="TOOL_MOVE_END_NEG_LIMIT"     nodes="leftArmCol" />
        </sounds>
    </cylindered>

	<dynamicMountAttacher node="0>" />

	<ai>
        <agentAttachment width="1.6" height="0.9" length="1.4" lengthOffset="-0.05" />
    </ai>

	<foliageBending>
        <bendingNode minX="-0.85" maxX="0.85"  minZ="-0.8" maxZ="-0.4" yOffset="0.05" />
        <bendingNode minX="0.2"   maxX="0.38"  minZ="0.15" maxZ="1.25" yOffset="-0.4" node="leftArmCol" />
        <bendingNode minX="-0.2"  maxX="-0.38" minZ="0.15" maxZ="1.25" yOffset="-0.4" node="rightArmCol" />
    </foliageBending>

    <baseMaterial>
        <material name="stollFrontLoaderImplements_mat" baseNode="stollRotatingBaleHandler">
            <shaderParameter name="colorMat0" value="STOLL_GREY1" />
        </material>
    </baseMaterial>

    <baseMaterialConfigurations price="200" useDefaultColors="true">
        <baseMaterialConfiguration color="STOLL_GREY1" />
        <material name="stollFrontLoaderImplements_mat" shaderParameter="colorMat0" />
    </baseMaterialConfigurations>

    <wearable wearDuration="480" workMultiplier="5" fieldMultiplier="2" />
    <washable dirtDuration="90" washDuration="1" workMultiplier="2" fieldMultiplier="2"/>

    <i3dMappings>
        <i3dMapping id="stollToolRoundBaleFork_main_component1" node="0>" />
        <i3dMapping id="attacherJoint" node="0>0" />
        <i3dMapping id="stollRotatingBaleHandler" node="0>1" />
        <i3dMapping id="leftArm" node="0>1|0" />
        <i3dMapping id="hydraulicRef" node="0>1|0|0" />
        <i3dMapping id="rightArm" node="0>1|1" />
        <i3dMapping id="hydraulic" node="0>1|1|0" />
        <i3dMapping id="hydraulicPunch" node="0>1|1|0|0" />
        <i3dMapping id="leftArmCol" node="0>2" />
        <i3dMapping id="rightArmCol" node="0>3" />
    </i3dMappings>
</vehicle>
