﻿<?xml version="1.0" encoding="utf-8" standalone="no" ?>
<vehicle type="implementDynamicMountAttacher" xmlns:xsi="http://www.w3.org/2001/XMLSchema-instance" xsi:noNamespaceSchemaLocation="$shared/xml/schema/vehicle.xsd">
    <annotation>Copyright (C) GIANTS Software GmbH, All Rights Reserved.</annotation>

    <storeData>
        <name>$l10n_shopItem_frontloaderBaleFork</name>
        <specs>
            <combination filterCategory="frontLoaders" />
            <combination filterCategory="frontLoaderVehicles" />
        </specs>
		 <functions>
            <function>$l10n_function_frontloaderBaleFork</function>
        </functions>
		<storePacks>
            <storePack>STARTER_FORAGE</storePack>
        </storePacks>
        <image>store/store_stollToolBaleFork.dds</image>
        <price>600</price>
        <lifetime>600</lifetime>
        <rotation>0</rotation>
        <brand>STOLL</brand>
        <category>frontLoaderTools</category>
		<shopTranslationOffset>0 0 0</shopTranslationOffset>
        <shopRotationOffset>0 0 0</shopRotationOffset>
        <vertexBufferMemoryUsage>31648</vertexBufferMemoryUsage>
        <indexBufferMemoryUsage>4596</indexBufferMemoryUsage>
        <textureMemoryUsage>8563512</textureMemoryUsage>
        <instanceVertexBufferMemoryUsage>0</instanceVertexBufferMemoryUsage>
        <instanceIndexBufferMemoryUsage>0</instanceIndexBufferMemoryUsage>
		<audioMemoryUsage>0</audioMemoryUsage>
    </storeData>

    <base>
        <typeDesc>$l10n_typeDesc_frontloaderTool</typeDesc>
        <filename>vehicles/stollToolBaleFork.i3d</filename>
        <size width="2.5" length="2" />
        <components>
            <component centerOfMass="0 0.2 -0.3" solverIterationCount="10" mass="94" />
        </components>
        <schemaOverlay attacherJointPosition="0 0" name="IMPLEMENT" />
    </base>

    <attachable>
        <inputAttacherJoints>
            <inputAttacherJoint node="attacherJoint" jointType="frontloader" />
        </inputAttacherJoints>
    </attachable>

    <dynamicMountAttacher node="stollToolBaleFork_main_component1">
        <mountCollisionMask node="colBack01" collisionMask="134225920" />
        <mountCollisionMask node="colBack02" collisionMask="134225920" />
    </dynamicMountAttacher>

	<ai>
        <agentAttachment width="1.6" height="0.9" length="1.1" lengthOffset="0.1" />
    </ai>

    <baseMaterial>
        <material name="stollFrontLoaderImplements_mat" baseNode="stollBaleFork_vis">
            <shaderParameter name="colorMat0" value="STOLL_GREY1" />
        </material>
    </baseMaterial>

    <baseMaterialConfigurations price="200" useDefaultColors="true">
        <baseMaterialConfiguration color="STOLL_GREY1" />
        <material name="stollFrontLoaderImplements_mat" shaderParameter="colorMat0" />
    </baseMaterialConfigurations>

	<foliageBending>
        <bendingNode minX="-0.8" maxX="0.8" minZ="-0.5" maxZ="-0.2" yOffset="0.05" />
    </foliageBending>

    <wearable wearDuration="480" workMultiplier="5" fieldMultiplier="2" />
    <washable dirtDuration="90" washDuration="1" workMultiplier="2" fieldMultiplier="2" />

    <i3dMappings>
        <i3dMapping id="stollToolBaleFork_main_component1" node="0>" />
        <i3dMapping id="attacherJoint" node="0>0" />
        <i3dMapping id="stollBaleFork_vis" node="0>1" />
        <i3dMapping id="colBack01" node="0>4" />
        <i3dMapping id="colBack02" node="0>5" />
    </i3dMappings>
</vehicle>
