<?xml version="1.0" encoding="utf-8" standalone="no" ?>
<modDesc descVersion="61">
    <author>Kamilos0397</author>
    <version>1.0.0.0</version>
    <title>
        <en>Water Hydrant</en>
        <de>Wasserhydrant</de>
        <fr>Borne Fontaine</fr>
    </title>
    <description>
        <en>
            <![CDATA[Water Hydrant.
Cheap water source

Price: 1000 $
Daily upkeep: 5$ /day
]]>
        </en>
        <de>
            <![CDATA[Wasser Hydrant.
Preiswerte Wasserquelle

Preis: 1000
Täglicher Unterhalt: 5€ / Tag
]]>
        </de>
    </description>
    <iconFilename>icon.dds</iconFilename>
    <multiplayer supported="true" />
    <storeItems>
        <storeItem xmlFilename="hydrant.xml"/>
    </storeItems>

</modDesc>