<?xml version="1.0" encoding="utf-8" standalone="no"?>
<vehicle type="tippingAugerWagon">
    <annotation>Copyright (C) GIANTS Software GmbH, All Rights Reserved.</annotation>

    <storeData>
        <name>Canavieiro Semi</name>
        <specs>
            <combination filterCategory="trucks" />
            <combination xmlFilename="$data/vehicles/krampe/dolly10L/dolly10L.xml"/>
            <combination filterCategory="sugarCaneHarvesting" />
            <combination filterCategory="forageHarvesters" />
            <combination filterCategory="forageHarvesterCutters" />
        </specs>
        <functions>
            <function>$l10n_function_sugarCaneTrailer</function>
        </functions>
        <image>store_canavieiroSemi.png</image>
        <price>82000</price>
        <lifetime>600</lifetime>
        <rotation>0</rotation>
        <brand>RANDON</brand>
        <category>sugarCaneHarvesting</category>
        <shopTranslationOffset>0 0.06 0</shopTranslationOffset>
        <shopRotationOffset>0 0 0</shopRotationOffset>
        <vertexBufferMemoryUsage>1248360</vertexBufferMemoryUsage>
        <indexBufferMemoryUsage>209430</indexBufferMemoryUsage>
        <textureMemoryUsage>12932680</textureMemoryUsage>
        <instanceVertexBufferMemoryUsage>0</instanceVertexBufferMemoryUsage>
        <instanceIndexBufferMemoryUsage>0</instanceIndexBufferMemoryUsage>
    </storeData>

    <base>
        <typeDesc>$l10n_typeDesc_tipper</typeDesc>
        <filename>canavieiroSemi.i3d</filename>
        <size width="3.2" length="11" lengthOffset="0.6"/>
        <components>
            <component centerOfMass="0.0 0.65 0.0" solverIterationCount="10" mass="9000"/>
        </components>
        <schemaOverlay attacherJointPosition="0 0" name="IMPLEMENT" />
        <mapHotspot type="TRAILER" />
    </base>

    <wheels>
        <wheelConfigurations>
            <wheelConfiguration name="$l10n_configuration_valueDefault" price="0">
                <wheels>
                    <wheel filename="$data/shared/wheels/tires/lizard/implement/315_80R22_5.xml" configId="dual" isLeft="false">
                        <physics tipOcclusionAreaGroupId="1" restLoad="1.7" repr="wheelFrontLeft"  forcePointRatio="0.5" initialCompression="30" suspTravel="0.15" spring="30" damper="30" rotationDamping="0.001"/>
                        <additionalWheel filename="$data/shared/wheels/tires/lizard/implement/315_80R22_5.xml" isLeft="true" configId="dualConnector" offset="0.1" hasParticles="true"/>
                        <wheelChock parkingNode="wheelChock01" />
                        <wheelChock parkingNode="wheelChock02" isInverted="true" />
                    </wheel>
                    <wheel filename="$data/shared/wheels/tires/lizard/implement/315_80R22_5.xml" configId="dual" isLeft="true">
                        <physics tipOcclusionAreaGroupId="1" restLoad="1.7" repr="wheelFrontRight" forcePointRatio="0.5" initialCompression="30" suspTravel="0.15" spring="30" damper="30" rotationDamping="0.001"/>
                        <additionalWheel filename="$data/shared/wheels/tires/lizard/implement/315_80R22_5.xml" isLeft="false" configId="dualConnector" offset="0.1" hasParticles="true"/>
                    </wheel>
                    <wheel filename="$data/shared/wheels/tires/lizard/implement/315_80R22_5.xml" configId="dual" isLeft="false" hasTireTracks="true">
                        <physics tipOcclusionAreaGroupId="1" restLoad="1.4" repr="wheelBackLeft"  forcePointRatio="0.5" initialCompression="30" suspTravel="0.15" spring="30" damper="30" rotationDamping="0.001"/>
                        <additionalWheel filename="$data/shared/wheels/tires/lizard/implement/315_80R22_5.xml" isLeft="true" configId="dualConnector" offset="0.1"/>
                    </wheel>
                    <wheel filename="$data/shared/wheels/tires/lizard/implement/315_80R22_5.xml" configId="dual" isLeft="true" hasTireTracks="true">
                        <physics tipOcclusionAreaGroupId="1" restLoad="1.4" repr="wheelBackRight" forcePointRatio="0.5" initialCompression="30" suspTravel="0.15" spring="30" damper="30" rotationDamping="0.001"/>
                        <additionalWheel filename="$data/shared/wheels/tires/lizard/implement/315_80R22_5.xml" isLeft="false" configId="dualConnector" offset="0.1"/>
                    </wheel>
                </wheels>
            </wheelConfiguration>
        </wheelConfigurations>
    </wheels>

    <dynamicallyLoadedParts>
        <dynamicallyLoadedPart node="0" linkNode="chockSupport01" filename="$data/shared/assets/wheelChocks/wheelChockSupport01.i3d"/>
        <dynamicallyLoadedPart node="0" linkNode="chockSupport02" filename="$data/shared/assets/wheelChocks/wheelChockSupport01.i3d"/>
    </dynamicallyLoadedParts>

    <attachable>
        <inputAttacherJoints>
            <inputAttacherJoint node="attacherJoint" jointType="semitrailer" attacherHeight="0.65"/>
        </inputAttacherJoints>
        <support animationName="moveSupport"/>
        <brakeForce force="1"/>
    </attachable>

    <attacherJoints>
        <attacherJoint node="trailerAttacherJoint" jointType="trailer" lowerRotLimit="10 80 80" upperRotationOffset="0" allowsJointLimitMovement="false" canTurnOnImplement="false">
            <schema position="1 0" rotation="0" invertX="false"/>
        </attacherJoint>
        <sounds>
            <attach template="ATTACH_01" linkNode="0>" />
        </sounds>
    </attacherJoints>

    <lights>
        <sharedLight linkNode="rearMultipointLight_01_left"     filename="$data/shared/assets/lights/lizard/rearLight31_left.xml" />
        <sharedLight linkNode="rearMultipointLight_01_right"    filename="$data/shared/assets/lights/lizard/rearLight31_right.xml" />
        <sharedLight linkNode="yellowRound_02_1"       			filename="$data/shared/assets/lights/lizard/sideMarker06Red.xml" />
        <sharedLight linkNode="yellowRound_02_2"       			filename="$data/shared/assets/lights/lizard/sideMarker06Red.xml" />
        <sharedLight linkNode="yellowRound_02_3"       			filename="$data/shared/assets/lights/lizard/sideMarker06Red.xml" />
        <sharedLight linkNode="yellowRound_02_4"       			filename="$data/shared/assets/lights/lizard/sideMarker06Red.xml" />
        <sharedLight linkNode="yellowRound_02_5"       			filename="$data/shared/assets/lights/lizard/sideMarker06Red.xml" />
        <sharedLight linkNode="yellowRound_02_6"       			filename="$data/shared/assets/lights/lizard/sideMarker06Red.xml" />
        <sharedLight linkNode="yellowRound_02_7"       			filename="$data/shared/assets/lights/lizard/sideMarker06Red.xml" />
        <sharedLight linkNode="yellowRound_02_8"       			filename="$data/shared/assets/lights/lizard/sideMarker06Red.xml" />
        <realLights>
            <high>
                <light node="backLightsHigh" lightTypes="0"/>
                <turnLightLeft node="turnLightLeftBack"/>
                <turnLightRight node="turnLightRightBack"/>
                <brakeLight node="backLightsHigh"/>
                <reverseLight node="reverseLight"/>
            </high>
        </realLights>
    </lights>

    <animations>
        <animation name="moveSupport">
            <part node="support" startTime="0" endTime="0.2" startTrans="0 -0.431 -0.081" endTrans="0 -0.722 -0.081"/>
            <part node="supportRot" startTime="0" endTime="0.2" startRot="90 0 0" endRot="0 0 0"/>
            <part node="supportPlate" startTime="0" endTime="0.2" startRot="-90 0 0" endRot="0 0 0"/>
        </animation>
    </animations>

    <cylindered>
        <movingTools>
            <movingTool node="cage" playSound="true">
                <controls axis="AXIS_FRONTLOADER_TOOL" invertAxis="true" mouseSpeedFactor="0.6" iconName="FRONTLOADER_ARM_ROTATE_TOOL"/>
                <rotation rotSpeed="25" rotAcceleration="100" rotMax="0" rotMin="-120" rotationAxis="3" startRot="0"/>
            </movingTool>
        </movingTools>

        <movingParts>
            <movingPart node="supportScalePart" referencePoint="supportScalePartRef" referenceFrame="supportScalePartRef" isActiveDirty="true"  maxUpdateDistance="150"/>

            <movingPart node="dischargeNodeRot" referenceFrame="0>" isActiveDirty="true" maxUpdateDistance="150"/>
        </movingParts>

        <sounds>
            <hydraulic template="defaultHydraulicSound" linkNode="0>"/>
        </sounds>
    </cylindered>

    <fillUnit>
        <fillUnitConfigurations>
            <fillUnitConfiguration>
                <fillUnits>
                    <fillUnit shopDisplayUnit="LITER" fillTypes="GRASS_WINDROW SUGARCANE WOODCHIPS STRAW SILAGE DRYGRASS_WINDROW CHAFF GRAPE OLIVE SUGARBEET POTATO" capacity="66500" >
                        <exactFillRootNode node="exactFillRootNode"/>
                        <autoAimTargetNode node="fillAutoAimTarget" startZ="4.2" endZ="-3.0" invert="false" startPercentage="25"/>
                    </fillUnit>
                </fillUnits>
            </fillUnitConfiguration>
        </fillUnitConfigurations>
    </fillUnit>

    <fillVolume>
        <fillVolumeConfigurations>
            <fillVolumeConfiguration>
                <volumes>
                    <volume node="fillVolume" allSidePlanes="true" maxAllowedHeapAngle="60" fillUnitIndex="1"/>
                </volumes>
            </fillVolumeConfiguration>
        </fillVolumeConfigurations>
        <unloadInfos>
            <unloadInfo>
                <node node="fillVolumeUnloadNode01" width="9.5" length="2"/>
            </unloadInfo>
        </unloadInfos>
    </fillVolume>

    <dischargeable>
        <dischargeNode node="dischargeNode" fillUnitIndex="1" emptySpeed="4750" >
            <raycast node="dischargeNode" maxDistance="6" />
            <info width="8.0" length="2.0"/>

            <effects>
                <effectNode effectClass="TipEffect">
                    <effectNode effectNode="effectParticles" effectClass="ParticleEffect" lifespan="0.11"/>
                    <effectNode effectNode="effectGrain" materialType="unloading" materialTypeId="3" fadeTime="0.5" alignXAxisToWorldY="true" />
                </effectNode>

                <effectNode effectNode="effectSmoke" materialType="smoke"     materialTypeId="1" fadeTime="0.5" />
            </effects>
        </dischargeNode>
    </dischargeable>

    <shovel>
        <dischargeInfo node="dischargeInfoNode" minSpeedAngle="110" maxSpeedAngle="165" />
    </shovel>

    <tipOccluder>
        <occlusionArea start="occlusionAreaStart" width="occlusionAreaWidth" height="occlusionAreaHeight"/>
    </tipOccluder>

    <foliageBending>
        <bendingNode minX="-1.4" maxX="1.4" minZ="-4.5" maxZ="5.3 " yOffset="0.6" />
    </foliageBending>

    <ai>
        <allowTurnBackward value="false"/>
        <turningRadiusLimitation radius="6"/>
    </ai>

    <baseMaterial>
        <material name="randonCanavieiro_mat" baseNode="canavieiro_vis">
            <shaderParameter name="colorMat0" value="RANDON_ORANGE1"/>
            <shaderParameter name="colorMat1" value="RANDON_RED1"/>
            <shaderParameter name="colorMat2" value="RANDON_ORANGE2"/>
        </material>
        <material name="cageWalls_mat" baseNode="cageWalls_vis">
            <shaderParameter name="colorMat0" value="RANDON_ORANGE1"/>
        </material>
        <material name="alphaParts_mat" baseNode="alphaParts_vis">
            <shaderParameter name="colorMat0" value="RANDON_ORANGE1"/>
        </material>
    </baseMaterial>

    <baseMaterialConfigurations useDefaultColors="true" price="2500">
        <material name="randonCanavieiro_mat" shaderParameter="colorMat0" />
        <material name="cageWalls_mat" shaderParameter="colorMat0" />
        <material name="alphaParts_mat" shaderParameter="colorMat0" />
        <baseMaterialConfiguration name="$l10n_ui_colorOrange"		color="RANDON_ORANGE2"		material="0" price="0"/>
        <baseMaterialConfiguration name="$l10n_ui_colorYellow"		color="RANDON_ORANGE1"		material="0" price="0"/>
        <baseMaterialConfiguration name="$l10n_ui_colorRed"			color="RANDON_RED1"			material="0" price="0"/>
        <baseMaterialConfiguration name="$l10n_colorStainless"		color="SHARED_WHITE2" 		material="8" price="5000"/>
		<baseMaterialConfiguration name="$l10n_ui_colorBeige" 		color="STARA_BEIGE" 		material="0" price="2500"/>
		<baseMaterialConfiguration name="$l10n_ui_colorGrey" 		color="DEMCO_GREY1" 		material="0" price="2500"/>
		<baseMaterialConfiguration name="$l10n_ui_colorBlack" 		color="SHARED_BLACK0" 		material="0" price="2500"/>
		<baseMaterialConfiguration name="$l10n_ui_colorBrown" 		color="SHARED_BROWN2" 		material="0" price="2500"/>
		<baseMaterialConfiguration name="$l10n_ui_colorWhite" 		color="SHARED_WRAP_WHITE" 	material="0" price="2500"/>
    </baseMaterialConfigurations>

    <rimColorConfigurations useDefaultColors="true" price="500">
        <rimColorConfiguration name="$l10n_ui_colorOrange"		color="RANDON_ORANGE2"			material="0" price="0"/>
        <rimColorConfiguration name="$l10n_ui_colorYellow"		color="RANDON_ORANGE1"			material="0" price="0"/>
        <rimColorConfiguration name="$l10n_ui_colorRed"			color="RANDON_RED1"				material="0" price="0"/>
        <rimColorConfiguration name="$l10n_ui_colorSilver"  	color="SHARED_WHITE1" 			material="18" price="1500"/>
        <rimColorConfiguration name="$l10n_ui_colorChrome" 		color="SHARED_WHITE1" 			material="3" price="3000"/>
    </rimColorConfigurations>

    <wearable wearDuration="480" workMultiplier="5" fieldMultiplier="2"/>
    <washable dirtDuration="90" washDuration="1" workMultiplier="3" fieldMultiplier="2"/>

    <i3dMappings>
        <i3dMapping id="attacherJoint" node="0>0" />
        <i3dMapping id="trailerAttacherJoint" node="0>1" />
        <i3dMapping id="chockSupport01" node="0>2|0" />
        <i3dMapping id="chockSupport02" node="0>2|1" />
        <i3dMapping id="wheelChock01" node="0>2|2" />
        <i3dMapping id="wheelChock02" node="0>2|3" />
        <i3dMapping id="wheels" node="0>3" />
        <i3dMapping id="wheelFrontLeft" node="0>3|0" />
        <i3dMapping id="wheelFrontRight" node="0>3|1" />
        <i3dMapping id="wheelBackLeft" node="0>3|2" />
        <i3dMapping id="wheelBackRight" node="0>3|3" />
        <i3dMapping id="supportRot" node="0>4" />
        <i3dMapping id="support" node="0>4|0" />
        <i3dMapping id="supportPlate" node="0>4|0|0" />
        <i3dMapping id="supportScalePart" node="0>4|1" />
        <i3dMapping id="cage" node="0>5" />
        <i3dMapping id="fillVolume" node="0>5|0|0" />
        <i3dMapping id="fillVolumeUnloadNodes" node="0>5|0|1" />
        <i3dMapping id="fillVolumeUnloadNode01" node="0>5|0|1|0" />
        <i3dMapping id="dischargeInfoNode" node="0>5|0|2" />
        <i3dMapping id="exactFillRootNode" node="0>5|0|3" />
        <i3dMapping id="fillAutoAimTarget" node="0>5|0|4" />
        <i3dMapping id="effectParticles" node="0>5|0|5|0" />
        <i3dMapping id="effectGrain" node="0>5|0|5|1" />
        <i3dMapping id="effectSmoke" node="0>5|0|5|2" />
        <i3dMapping id="dischargeNodeRot" node="0>5|0|6" />
        <i3dMapping id="dischargeNode" node="0>5|0|6|0" />
        <i3dMapping id="cageWalls_vis" node="0>5|1|0" />
        <i3dMapping id="rearMultipointLight_01_left" node="0>6|0|0" />
        <i3dMapping id="rearMultipointLight_01_right" node="0>6|0|1" />
        <i3dMapping id="yellowRound_02_1" node="0>6|0|2" />
        <i3dMapping id="yellowRound_02_2" node="0>6|0|3" />
        <i3dMapping id="yellowRound_02_3" node="0>6|0|4" />
        <i3dMapping id="yellowRound_02_4" node="0>6|0|5" />
        <i3dMapping id="yellowRound_02_5" node="0>6|0|6" />
        <i3dMapping id="yellowRound_02_6" node="0>6|0|7" />
        <i3dMapping id="yellowRound_02_7" node="0>6|0|8" />
        <i3dMapping id="yellowRound_02_8" node="0>6|0|9" />
        <i3dMapping id="backLightsHigh" node="0>6|1" />
        <i3dMapping id="turnLightLeftBack" node="0>6|2" />
        <i3dMapping id="turnLightRightBack" node="0>6|3" />
        <i3dMapping id="reverseLight" node="0>6|4" />
        <i3dMapping id="occlusionAreaStart" node="0>7|0" />
        <i3dMapping id="occlusionAreaWidth" node="0>7|1" />
        <i3dMapping id="occlusionAreaHeight" node="0>7|2" />
        <i3dMapping id="canavieiro_vis" node="0>8|0" />
        <i3dMapping id="alphaParts_vis" node="0>8|1" />
        <i3dMapping id="supportScalePartRef" node="0>10" />
    </i3dMappings>
</vehicle>
