﻿<?xml version="1.0" encoding="utf-8" standalone="no" ?>
<vehicle type="tippingAugerWagon">
    <annotation>Copyright (C) GIANTS Software GmbH, All Rights Reserved.</annotation>

    <storeData>
        <name>Cana Trans 600</name>
        <specs>
            <combination xmlFilename="$data/vehicles/caseIH/a8800MR/a8800MR.xml"/>
            <combination filterCategory="sugarCaneHarvesting" />
            <combination filterCategory="forageHarvesters" />
            <combination filterCategory="forageHarvesterCutters" />
        </specs>
        <functions>
            <function>$l10n_function_sugarCaneTrailer</function>
        </functions>
        <image>store_canaTrans600.png</image>
        <price>23000</price>
        <lifetime>600</lifetime>
        <rotation>0</rotation>
        <brand>BB</brand>
        <category>sugarCaneHarvesting</category>
        <shopTranslationOffset>0 -0.05 0</shopTranslationOffset>
        <shopRotationOffset>-0.15 0 0</shopRotationOffset>
        <vertexBufferMemoryUsage>477096</vertexBufferMemoryUsage>
        <indexBufferMemoryUsage>83856</indexBufferMemoryUsage>
        <textureMemoryUsage>8214040</textureMemoryUsage>
        <instanceVertexBufferMemoryUsage>0</instanceVertexBufferMemoryUsage>
        <instanceIndexBufferMemoryUsage>0</instanceIndexBufferMemoryUsage>
    </storeData>

    <base>
        <typeDesc>$l10n_typeDesc_tipper</typeDesc>
        <filename>canaTrans600.i3d</filename>
        <size width="4" length="7" lengthOffset="0.8"/>
        <components>
            <component centerOfMass="0 0.85 0.5" solverIterationCount="10" mass="2150"/>
            <component centerOfMass="0 0.0 0.0" solverIterationCount="10" mass="250"/>
            <joint component1="1" component2="2" node="componentJoint_axis" rotLimit="8 0 0" transLimit="0 0 0" />
        </components>
        <schemaOverlay attacherJointPosition="0 0" name="IMPLEMENT" />
        <mapHotspot type="TRAILER" />
    </base>

    <wheels>
        <wheelConfigurations>
            <wheelConfiguration name="$l10n_configuration_valueDefault" price="0" brand="MICHELIN">
                <wheels>
                    <wheel filename="$data/shared/wheels/tires/michelin/cargoXBibHD/500_60R22_5.xml" isLeft="true" hasParticles="true">
                        <physics tipOcclusionAreaGroupId="1" restLoad="0.6" repr="physWheelFrontLeft" forcePointRatio="0.5" initialCompression="10" suspTravel="0.15" spring="30" damper="50"/>
                        <wheelChock parkingNode="wheelChock01" />
                        <wheelChock parkingNode="wheelChock02" isInverted="true" />
                    </wheel>
                    <wheel filename="$data/shared/wheels/tires/michelin/cargoXBibHD/500_60R22_5.xml" isLeft="false" hasParticles="true">
                        <physics tipOcclusionAreaGroupId="1" restLoad="0.6" repr="physWheelFrontRight" forcePointRatio="0.5" initialCompression="10" suspTravel="0.15" spring="30" damper="50"/>
                    </wheel>

                    <wheel filename="$data/shared/wheels/tires/michelin/cargoXBibHD/500_60R22_5.xml" isLeft="true" hasParticles="true">
                        <physics tipOcclusionAreaGroupId="1" restLoad="0.6" repr="physWheelBackLeft" forcePointRatio="0.5" initialCompression="10" suspTravel="0.15" spring="30" damper="50"/>
                    </wheel>
                    <wheel filename="$data/shared/wheels/tires/michelin/cargoXBibHD/500_60R22_5.xml" isLeft="false" hasParticles="true">
                        <physics tipOcclusionAreaGroupId="1" restLoad="0.6" repr="physWheelBackRight" forcePointRatio="0.5" initialCompression="10" suspTravel="0.15" spring="30" damper="50"/>
                    </wheel>
                </wheels>
            </wheelConfiguration>
            <wheelConfiguration name="$l10n_configuration_valueWheelBroad" price="3000" brand="MICHELIN">
                <wheels>
                    <wheel filename="$data/shared/wheels/tires/michelin/cargoXBib/600_50R22_5.xml" isLeft="true" hasParticles="true">
                        <physics tipOcclusionAreaGroupId="1" restLoad="0.6" repr="physWheelFrontLeft" forcePointRatio="0.5" initialCompression="10" suspTravel="0.15" spring="30" damper="50"/>
                        <wheelChock parkingNode="wheelChock01" />
                        <wheelChock parkingNode="wheelChock02" isInverted="true" />
                    </wheel>
                    <wheel filename="$data/shared/wheels/tires/michelin/cargoXBib/600_50R22_5.xml" isLeft="false" hasParticles="true">
                        <physics tipOcclusionAreaGroupId="1" restLoad="0.6" repr="physWheelFrontRight" forcePointRatio="0.5" initialCompression="10" suspTravel="0.15" spring="30" damper="50"/>
                    </wheel>

                    <wheel filename="$data/shared/wheels/tires/michelin/cargoXBib/600_50R22_5.xml" isLeft="true" hasParticles="true">
                        <physics tipOcclusionAreaGroupId="1" restLoad="0.6" repr="physWheelBackLeft" forcePointRatio="0.5" initialCompression="10" suspTravel="0.15" spring="30" damper="50"/>
                    </wheel>
                    <wheel filename="$data/shared/wheels/tires/michelin/cargoXBib/600_50R22_5.xml" isLeft="false" hasParticles="true">
                        <physics tipOcclusionAreaGroupId="1" restLoad="0.6" repr="physWheelBackRight" forcePointRatio="0.5" initialCompression="10" suspTravel="0.15" spring="30" damper="50"/>
                    </wheel>
                </wheels>
            </wheelConfiguration>
            <wheelConfiguration name="$l10n_configuration_valueDefault" price="1000" brand="NOKIAN">
                <wheels>
                    <wheel filename="$data/shared/wheels/tires/nokian/forestKingF2/600_50__22_5.xml" isLeft="true" hasParticles="true">
                        <physics tipOcclusionAreaGroupId="1" restLoad="0.6" repr="physWheelFrontLeft" forcePointRatio="0.5" initialCompression="10" suspTravel="0.15" spring="30" damper="50"/>
                        <wheelChock parkingNode="wheelChock01" />
                        <wheelChock parkingNode="wheelChock02" isInverted="true" />
                    </wheel>
                    <wheel filename="$data/shared/wheels/tires/nokian/forestKingF2/600_50__22_5.xml" isLeft="false" hasParticles="true">
                        <physics tipOcclusionAreaGroupId="1" restLoad="0.6" repr="physWheelFrontRight" forcePointRatio="0.5" initialCompression="10" suspTravel="0.15" spring="30" damper="50"/>
                    </wheel>

                    <wheel filename="$data/shared/wheels/tires/nokian/forestKingF2/600_50__22_5.xml" isLeft="true" hasParticles="true">
                        <physics tipOcclusionAreaGroupId="1" restLoad="0.6" repr="physWheelBackLeft" forcePointRatio="0.5" initialCompression="10" suspTravel="0.15" spring="30" damper="50"/>
                    </wheel>
                    <wheel filename="$data/shared/wheels/tires/nokian/forestKingF2/600_50__22_5.xml" isLeft="false" hasParticles="true">
                        <physics tipOcclusionAreaGroupId="1" restLoad="0.6" repr="physWheelBackRight" forcePointRatio="0.5" initialCompression="10" suspTravel="0.15" spring="30" damper="50"/>
                    </wheel>
                </wheels>
            </wheelConfiguration>
            <wheelConfiguration name="$l10n_configuration_valueWheelBroad" price="3000" brand="NOKIAN">
                <wheels>
                    <wheel filename="$data/shared/wheels/tires/nokian/forestKingF2/710_40__22_5.xml" isLeft="true" hasParticles="true">
                        <physics tipOcclusionAreaGroupId="1" restLoad="0.6" repr="physWheelFrontLeft" forcePointRatio="0.5" initialCompression="10" suspTravel="0.15" spring="30" damper="50"/>
                        <wheelChock parkingNode="wheelChock01" />
                        <wheelChock parkingNode="wheelChock02" isInverted="true" />
                    </wheel>
                    <wheel filename="$data/shared/wheels/tires/nokian/forestKingF2/710_40__22_5.xml" isLeft="false" hasParticles="true">
                        <physics tipOcclusionAreaGroupId="1" restLoad="0.6" repr="physWheelFrontRight" forcePointRatio="0.5" initialCompression="10" suspTravel="0.15" spring="30" damper="50"/>
                    </wheel>

                    <wheel filename="$data/shared/wheels/tires/nokian/forestKingF2/710_40__22_5.xml" isLeft="true" hasParticles="true">
                        <physics tipOcclusionAreaGroupId="1" restLoad="0.6" repr="physWheelBackLeft" forcePointRatio="0.5" initialCompression="10" suspTravel="0.15" spring="30" damper="50"/>
                    </wheel>
                    <wheel filename="$data/shared/wheels/tires/nokian/forestKingF2/710_40__22_5.xml" isLeft="false" hasParticles="true">
                        <physics tipOcclusionAreaGroupId="1" restLoad="0.6" repr="physWheelBackRight" forcePointRatio="0.5" initialCompression="10" suspTravel="0.15" spring="30" damper="50"/>
                    </wheel>
                </wheels>
            </wheelConfiguration>
        </wheelConfigurations>
        <hubs>
            <color0>SHARED_BLACK0</color0>
            <color1>SHARED_GREY1</color1>
            <hub linkNode="physWheelFrontLeft"  filename="$data/shared/wheels/hubs/hub_n8_6.xml" isLeft="true"  scale="0.285 0.285 0.285" />
            <hub linkNode="physWheelFrontRight" filename="$data/shared/wheels/hubs/hub_n8_6.xml" isLeft="false" scale="0.285 0.285 0.285" />
            <hub linkNode="physWheelBackLeft"   filename="$data/shared/wheels/hubs/hub_n8_6.xml" isLeft="true"  scale="0.285 0.285 0.285" />
            <hub linkNode="physWheelBackRight"  filename="$data/shared/wheels/hubs/hub_n8_6.xml" isLeft="false" scale="0.285 0.285 0.285" />
        </hubs>
		<rimColor>SHARED_WHITE1</rimColor>
    </wheels>

    <dynamicallyLoadedParts>
        <dynamicallyLoadedPart node="0" linkNode="chockSupport01" filename="$data/shared/assets/wheelChocks/wheelChockSupport01.i3d"/>
        <dynamicallyLoadedPart node="0" linkNode="chockSupport02" filename="$data/shared/assets/wheelChocks/wheelChockSupport01.i3d"/>
    </dynamicallyLoadedParts>

    <attachable>
        <inputAttacherJoints>
            <inputAttacherJoint node="attacherJoint" jointType="trailerLow" attacherHeight="0.65"/>
        </inputAttacherJoints>
        <brakeForce force="0.25" maxForce="1" maxForceMass="11400"/>
        <airConsumer usage="0.3" />
        <support animationName="moveSupport" />
    </attachable>

    <attacherJoints>
        <attacherJoint node="trailerAttacherJoint" jointType="trailerLow" lowerRotLimit="10 80 80" upperRotationOffset="0" allowsJointLimitMovement="false" canTurnOnImplement="false" >
            <schema position="1 0" rotation="0" invertX="false" />
        </attacherJoint>
        <sounds>
            <attach template="ATTACH_01" />
        </sounds>
    </attacherJoints>

    <lights>
        <sharedLight linkNode="backlightLeft"       filename="$data/shared/assets/lights/lizard/rearLight19Red.xml" />
        <sharedLight linkNode="backlightRight"       filename="$data/shared/assets/lights/lizard/rearLight19Red.xml" />
        <sharedLight linkNode="turnlightLeft"       filename="$data/shared/assets/lights/lizard/rearLight21Orange_left.xml" />
        <sharedLight linkNode="turnlightRight"       filename="$data/shared/assets/lights/lizard/rearLight21Orange_right.xml" />
        <sharedLight linkNode="reverselightLeft"       filename="$data/shared/assets/lights/lizard/rearLight22White.xml" />
        <sharedLight linkNode="reverselightRight"       filename="$data/shared/assets/lights/lizard/rearLight22White.xml" />
        <realLights>
            <high>
                <light node="backLightsHigh" lightTypes="0"/>
                <turnLightLeft node="turnLightLeftBack" />
                <turnLightRight node="turnLightRightBack" />
                <brakeLight node="backLightsHigh" />
                <reverseLight node="reverseLight" />
            </high>
        </realLights>
    </lights>

    <animations>
        <animation name="moveSupport">
            <part node="support" startTime="0"  endTime="0.2" startRot="90 0 0" endRot="0 0 0" />
        </animation>
    </animations>

    <cylindered>
        <movingTools>
            <movingTool node="cageLift" >
                <controls axis="AXIS_FRONTLOADER_ARM" invertAxis="false" mouseSpeedFactor="1.0" iconName="FRONTLOADER_ARM_ROTATE" />
                <translation transSpeed="0.5" transAcceleration="5" transMax="4.256" transMin="2.366" startTrans="2.366" translationAxis="2" />
                <dependentMovingTool node="cageSwing" minRotLimits="-120 -80" maxRotLimits="0 0" />
                <dependentPart node="hydraulicsCageLift"/>
                <dependentPart node="hydraulicsCageLift2"/>
            </movingTool>
            <movingTool node="cageSwing" >
                <controls axis="AXIS_FRONTLOADER_TOOL" invertAxis="true" mouseSpeedFactor="0.6" iconName="FRONTLOADER_ARM_ROTATE_TOOL" />
                <rotation rotSpeed="30" rotAcceleration="100" rotMax="0" rotMin="-120" startRot="0" rotationAxis="3" />
                <dependentPart node="hydraulicsCageBody"/>
                <dependentPart node="effectNodeRot"/>
            </movingTool>
        </movingTools>

        <movingParts>
            <movingPart node="axis" referencePoint="axis_ref" referenceFrame="axis_ref" isActiveDirty="true" maxUpdateDistance="100"/>
            <movingPart node="hydraulicsCageLift" referencePoint="hydraulicsCageLiftRef" referenceFrame="hydraulicsCageLiftRef" playSound="true">
                <translatingPart node="hydraulicsCageLift_punch" />
            </movingPart>
            <movingPart node="hydraulicsCageLift2" referencePoint="hydraulicsCageLift2Ref" localReferencePoint="hydraulicsCageLift2_localReference" referenceFrame="hydraulicsCageLift2Ref" >
                <dependentPart node="hydraulicsCageLift2_localReference" />
            </movingPart>
            <movingPart node="hydraulicsCageLift2_localReference" referencePoint="hydraulicsCageLift2Ref" referenceFrame="canaTrans600_main_component1" />
            <movingPart node="hydraulicsCageBody" referencePoint="hydraulicsCageBodyRef" referenceFrame="hydraulicsCageBodyRef" playSound="true" >
                <translatingPart node="hydraulicsCageBodyPunch" />
            </movingPart>

            <movingPart node="effectNodeRot" referenceFrame="canaTrans600_main_component1" />
        </movingParts>
        <sounds>
            <hydraulic template="defaultHydraulicSound" linkNode="0>"/>
        </sounds>
    </cylindered>

    <fillUnit>
        <fillUnitConfigurations>
            <fillUnitConfiguration>
                <fillUnits>
                    <fillUnit shopDisplayUnit="LITER" fillTypes="GRASS_WINDROW SUGARCANE WOODCHIPS STRAW SILAGE DRYGRASS_WINDROW CHAFF GRAPE OLIVE SUGARBEET POTATO" capacity="15000" >
                        <fillRootNode node="canaTrans600_main_component1" />
                        <exactFillRootNode node="exactFillRootNode" />
                        <autoAimTargetNode node="fillAutoAimTargetNode" startZ="0.7" endZ="-1.5" invert="false" fillUnitIndex="1" startPercentage="25"/>
                    </fillUnit>
                </fillUnits>
            </fillUnitConfiguration>
        </fillUnitConfigurations>
    </fillUnit>

    <fillVolume>
        <fillVolumeConfigurations>
            <fillVolumeConfiguration>
                <volumes>
                    <volume node="fillVolume" maxDelta="0.23" fillUnitIndex="1"/>
                </volumes>
            </fillVolumeConfiguration>
        </fillVolumeConfigurations>

        <unloadInfos>
            <unloadInfo>
                <node node="unloadInfoNode" width="1.3" length="0.6" />
            </unloadInfo>
        </unloadInfos>
    </fillVolume>

    <dischargeable>
        <dischargeNode emptySpeed="3000" node="dischargeNode" fillUnitIndex="1" unloadInfoIndex="1" >
            <raycast maxDistance="30" useWorldNegYDirection="true" />
            <info width="1.3" length="1.0" />

            <effects>
                <effectNode effectClass="TipEffect">
                    <effectNode effectNode="effectParticleEmitter" effectClass="ParticleEffect" extraDistance="0.4"/>
                    <effectNode effectNode="effectGrainUnloading" materialType="unloading" materialTypeId="3" fadeTime="0.5" />
                </effectNode>

                <effectNode effectNode="effectSmoke" materialType="smoke" materialTypeId="1" fadeTime="0.5" />
            </effects>
        </dischargeNode>
    </dischargeable>

    <shovel>
        <dischargeInfo node="dischargeInfoNode" minSpeedAngle="70" maxSpeedAngle="130" />
    </shovel>

    <foliageBending>
        <bendingNode minX="-1.25" maxX="1.25" minZ="-2.0" maxZ="1.4 " yOffset="0.6" />
    </foliageBending>

    <ai>
        <agentAttachment jointNode="attacherJoint" rotCenterWheelIndices="1 2 3 4" width="3.6" height="4" length="5" lengthOffset="0"/>
    </ai>

    <baseMaterial>
        <material name="canaTrans600_mat" baseNode="canaTrans600_vis">
            <shaderParameter name="colorMat0" value="FLIEGL_GREEN2"/>
            <shaderParameter name="colorMat1" value="KRAMPE_GREY1"/>
            <shaderParameter name="colorMat2" value="SHARED_BLACK0"/>
        </material>
        <material name="canaTrans600Grid_mat" baseNode="cageBodyGrid_vis1">
            <shaderParameter name="colorMat0" value="SHARED_BLACK0"/>
            <shaderParameter name="colorMat1" value="SHARED_BLACK0"/>
            <shaderParameter name="colorMat2" value="SHARED_BLACK0"/>
            <shaderParameter name="colorMat3" value="SHARED_BLACK0"/>
            <shaderParameter name="colorMat4" value="SHARED_BLACK0"/>
        </material>
    </baseMaterial>

    <baseMaterialConfigurations defaultColorIndex="0" useDefaultColors="true" price="2500" title="$l10n_configuration_baseColor">
        <baseMaterialConfiguration color="FLIEGL_GREEN2" name="$l10n_ui_colorGreen" price="0"/>
        <material name="canaTrans600_mat" shaderParameter="colorMat0"/>
        <baseMaterialConfiguration name="$l10n_colorStainless"			color="SHARED_WHITE2" 		material="8" price="5000"/>
		<baseMaterialConfiguration name="$l10n_ui_colorBeige" 			color="STARA_BEIGE" 		material="0" price="2500"/>
		<baseMaterialConfiguration name="$l10n_ui_colorOrange" 			color="STARA_ORANGE" 		material="0" price="2500"/>
		<baseMaterialConfiguration name="$l10n_ui_colorYellow" 			color="STARA_COLOYELLOW" 	material="0" price="2500"/>
		<baseMaterialConfiguration name="$l10n_ui_colorRed" 			color="STARA_COLORED1" 		material="0" price="2500"/>
		<baseMaterialConfiguration name="$l10n_ui_colorGrey" 			color="DEMCO_GREY1" 		material="0" price="2500"/>
		<baseMaterialConfiguration name="$l10n_ui_colorBlack" 			color="SHARED_BLACK0" 		material="0" price="2500"/>
		<baseMaterialConfiguration name="$l10n_ui_colorBrown" 			color="SHARED_BROWN2" 		material="0" price="2500"/>
		<baseMaterialConfiguration name="$l10n_ui_colorWhite" 			color="SHARED_WRAP_WHITE" 	material="0" price="2500"/>
	</baseMaterialConfigurations>

    <designMaterialConfigurations defaultColorIndex="0" useDefaultColors="true" price="3000" title="$l10n_configuration_designColor">
        <designMaterialConfiguration color="SHARED_BLACK0" name="$l10n_ui_colorBlack" price="0"/>
        <material name="canaTrans600Grid_mat" shaderParameter="colorMat0"/>
        <material name="canaTrans600Grid_mat" shaderParameter="colorMat1"/>
        <material name="canaTrans600Grid_mat" shaderParameter="colorMat2"/>
        <material name="canaTrans600Grid_mat" shaderParameter="colorMat3"/>
        <material name="canaTrans600Grid_mat" shaderParameter="colorMat4"/>
        <designMaterialConfiguration name="$l10n_colorStainless"		color="SHARED_WHITE2" 		material="8" price="5000"/>
		<designMaterialConfiguration name="$l10n_ui_colorBeige" 		color="STARA_BEIGE" 		material="0" price="3000"/>
		<designMaterialConfiguration name="$l10n_ui_colorGreen" 		color="STARA_GREEN" 		material="0" price="3000"/>
		<designMaterialConfiguration name="$l10n_ui_colorYellow"		color="STARA_COLOYELLOW" 	material="0" price="3000"/>
		<designMaterialConfiguration name="$l10n_ui_colorRed" 			color="STARA_COLORED1" 		material="0" price="3000"/>
		<designMaterialConfiguration name="$l10n_ui_colorOrange" 		color="STARA_ORANGE" 		material="0" price="3000"/>
		<designMaterialConfiguration name="$l10n_ui_colorGrey" 			color="DEMCO_GREY1" 		material="0" price="3000"/>
		<designMaterialConfiguration name="$l10n_ui_colorBrown" 		color="SHARED_BROWN2" 		material="0" price="3000"/>
		<designMaterialConfiguration name="$l10n_ui_colorWhite" 		color="SHARED_WRAP_WHITE" 	material="0" price="3000"/>
    </designMaterialConfigurations>

    <rimColorConfigurations defaultColorIndex="0" useDefaultColors="true">
        <rimColorConfiguration name="$l10n_ui_colorSilver"		color="SHARED_WHITE1"			material="18" price="0"/>
        <rimColorConfiguration name="$l10n_ui_colorChrome"		color="SHARED_WHITE1"			material="3" price="2000"/>
        <rimColorConfiguration name="$l10n_ui_colorOrange"		color="RANDON_ORANGE2"			material="0" price="1000"/>
        <rimColorConfiguration name="$l10n_ui_colorYellow"		color="RANDON_ORANGE1"			material="0" price="1000"/>
        <rimColorConfiguration name="$l10n_ui_colorRed"			color="RANDON_RED1"				material="0" price="1000"/>
    </rimColorConfigurations>

    <wearable wearDuration="480" workMultiplier="5" fieldMultiplier="2"/>
    <washable dirtDuration="90" washDuration="1" workMultiplier="3" fieldMultiplier="2"/>

    <i3dMappings>
        <i3dMapping id="canaTrans600_main_component1" node="0>" />
        <i3dMapping id="canaTrans600_vis" node="0>0" />
        <i3dMapping id="attacherJoint" node="0>0|0|0" />
        <i3dMapping id="trailerAttacherJoint" node="0>0|0|1" />
        <i3dMapping id="support" node="0>0|0|2" />
        <i3dMapping id="chockSupport01" node="0>0|0|3|0" />
        <i3dMapping id="chockSupport02" node="0>0|0|3|1" />
        <i3dMapping id="wheelChock01" node="0>0|0|3|2" />
        <i3dMapping id="wheelChock02" node="0>0|0|3|3" />
        <i3dMapping id="componentJoint_axis" node="0>0|1" />
        <i3dMapping id="axis" node="0>0|2|0" />
        <i3dMapping id="wheelFrontLeft" node="0>0|2|0|0|0" />
        <i3dMapping id="wheelFrontRight" node="0>0|2|0|0|1" />
        <i3dMapping id="wheelBackLeft" node="0>0|2|0|0|2" />
        <i3dMapping id="wheelBackRight" node="0>0|2|0|0|3" />
        <i3dMapping id="hydraulicsCageLift" node="0>0|2|1|0" />
        <i3dMapping id="hydraulicsCageLift_punch" node="0>0|2|1|0|0" />
        <i3dMapping id="hydraulicsCageLift2" node="0>0|2|1|1" />
        <i3dMapping id="hydraulicsCageLift2_localReference" node="0>0|2|1|1|0" />
        <i3dMapping id="cageLift" node="0>0|2|2|0" />
        <i3dMapping id="cageBody" node="0>0|2|2|0|0" />
        <i3dMapping id="cageSwing" node="0>0|2|2|0|0|0" />
        <i3dMapping id="hydraulicsCageBodyRef" node="0>0|2|2|0|0|0|0" />
        <i3dMapping id="fillVolume" node="0>0|2|2|0|0|0|1|0" />
        <i3dMapping id="unloadInfoNode" node="0>0|2|2|0|0|0|1|1" />
        <i3dMapping id="dischargeNode" node="0>0|2|2|0|0|0|1|2" />
        <i3dMapping id="dischargeInfoNode" node="0>0|2|2|0|0|0|1|3|0" />
        <i3dMapping id="cageBodyGrid_vis1" node="0>0|2|2|0|0|0|2|0" />
        <i3dMapping id="effectNodeRot" node="0>0|2|2|0|0|0|3|0" />
        <i3dMapping id="effectParticleEmitter" node="0>0|2|2|0|0|0|3|0|0" />
        <i3dMapping id="effectGrainUnloading" node="0>0|2|2|0|0|0|3|0|1" />
        <i3dMapping id="effectSmoke" node="0>0|2|2|0|0|0|3|0|2" />
        <i3dMapping id="exactFillRootNode" node="0>0|2|2|0|0|0|4" />
        <i3dMapping id="fillAutoAimTargetNode" node="0>0|2|2|0|0|0|5" />
        <i3dMapping id="cageBody_collisions" node="0>0|2|2|0|0|0|6" />
        <i3dMapping id="hydraulicsCageBody" node="0>0|2|2|0|1" />
        <i3dMapping id="hydraulicsCageBodyPunch" node="0>0|2|2|0|1|0" />
        <i3dMapping id="hydraulicsCageLiftRef" node="0>0|2|2|0|2" />
        <i3dMapping id="hydraulicsCageLift2Ref" node="0>0|2|2|0|3" />
        <i3dMapping id="backLightsHigh" node="0>0|3|0" />
        <i3dMapping id="backLightHighRight" node="0>0|3|0|0" />
        <i3dMapping id="turnLightLeftBack" node="0>0|3|1" />
        <i3dMapping id="turnLightRightBack" node="0>0|3|2" />
        <i3dMapping id="reverseLight" node="0>0|3|3" />
        <i3dMapping id="backlightLeft" node="0>0|3|4|0" />
        <i3dMapping id="backlightRight" node="0>0|3|4|1" />
        <i3dMapping id="turnlightLeft" node="0>0|3|4|2" />
        <i3dMapping id="turnlightRight" node="0>0|3|4|3" />
        <i3dMapping id="reverselightRight" node="0>0|3|4|4" />
        <i3dMapping id="reverselightLeft" node="0>0|3|4|5" />
        <i3dMapping id="canaTrans600_axis_component2" node="1>" />
        <i3dMapping id="physWheelFrontLeft" node="1>0|0" />
        <i3dMapping id="physWheelFrontRight" node="1>0|1" />
        <i3dMapping id="physWheelBackLeft" node="1>0|2" />
        <i3dMapping id="physWheelBackRight" node="1>0|3" />
        <i3dMapping id="axis_ref" node="1>1" />
    </i3dMappings>
</vehicle>
