﻿<?xml version="1.0" encoding="utf-8" standalone="no" ?>
<modDesc descVersion="61">
    <author>GIANTS Software, Barthi powered by BARTH BROTHERS MOD DESIGN</author>
    <version>1.0.2+</version>
    <title>
        <en>Canavieiro + Cana Trans 600 Pack</en>
    </title>
    <description>
        <en>
            <![CDATA[Price: 82.000€ - 92.000€
Capacity: 66500l
]]>
        </en>
        <de>
            <![CDATA[Preis: 82.000€ - 92.000€
Kapazität: 66500l
]]>
        </de>
        <fr>
            <![CDATA[Price: 82.000€ - 92.000€
Capacité: 66500l
]]>
        </fr>
    </description>
    <iconFilename>icon_canavieiro.dds</iconFilename>
    <multiplayer supported="true" />

    <storeItems>
        <storeItem xmlFilename="canaTrans600.xml" />
        <storeItem xmlFilename="canavieiroSemi.xml"/>
        <storeItem xmlFilename="canavieiro.xml"/>
    </storeItems>
    <brands>
        <brand name="BB" title="Barth Brothers" image="Textures/Icons/brand_barthBrothers.dds"/>
    </brands>
	<l10n>
		<text name="colorStainless"><en>Stainless</en><de>Edelstahl</de><fr>Inoxydable</fr></text>
	</l10n>
</modDesc>
