<?xml version="1.0" encoding="utf-8" standalone="no"?>

<modDesc descVersion="60">
  <author>Nordfriese</author>
  <title>
    <de>Schafstall mit großer Wiese</de>
    <en>Sheepbarn with a large meadow</en>
  </title>
  <description>
    <en>
      <![CDATA[..]]>
    </en>
  </description>
  <version>1.0</version>
  <multiplayer supported="true" />
  <iconFilename>store_sheepBarnBig.dds</iconFilename>

    <storeItems>
        <storeItem xmlFilename="sheepBarnBig.xml"/>
    </storeItems>
</modDesc>