<?xml version="1.0" encoding="utf-8" standalone="no" ?>
<modDesc descVersion="63">
    <author>Achimobil</author>
    <version>1.0.0.0</version>
    <title>
		<en>Pallet Autoload Specialization</en>
		<de>Paletten Autoloader Spezialisierung</de>
		<ru>C автопогрузкой</ru>
    </title>
    <description>
        <en>
            <![CDATA[Base Mod for using Mods with Pallet Autoload Specialization

An example of how to use in your own mod you will find in the Strautmann SEK 802 Pallet Autoload.
Currently only default Euro pallets, liquidTanks, bigbag pallets and Cotton Square Bales are possible, more will follow.

How to use:
Drive next to the pallets and then with R you can load one pallet after the other.
Make sure you have selected the correct pallet type.
The pallets are then as loaded by hand on the loading area. 
Fasten with straps before you drive, otherwise it fell of.
You can choose the unloading side and unload it.
]]>
</en>
        <de>
            <![CDATA[Basis Mod für die Verwendung von Mods mit Paletten Autoloader Spezialisierung.

Ein Vorbild wie die Spezialisierung einzubauen ist findest du im Strautmann SEK 802 Paletten Autoloader.
Aktuell sind nur Standard Europaletten, Flüssigkeitentanks, Bigbag Paletten und Baumwollrundballen möglich, weiteres wird folgen.

Bedienung:
Fahrt neben die Paletten und dann mit R die Paletten nacheinander Laden.
Achtet aber darauf, dass ihr auch dir richtigen Paletten ausgewählt habt.
Die Paletten liegen dann wie von Hand geladen auf der Ladefläche. 
Mit Gurten befestigen bevor ihre weiter fahrt, sonst rutscht das weg.
Ihr könnt die Entladeseite wählen und entladen.
]]>
</de>
    </description>
    <iconFilename>modIcon.dds</iconFilename>
    <multiplayer supported="true" />

	<extraSourceFiles>
        <sourceFile filename="main.lua" />
    </extraSourceFiles>
		
	<l10n>
		<text name="aPalletAutoLoader_nothingToLoad"> 
			<en>Autoload: nothing</en>
			<de>Autoload: nichts zu laden</de>
			<ru>Автопогрузка: отключена</ru>
		</text>
		<text name="aPalletAutoLoader_loadPallets">
			<en>enable Autoload</en>
			<de>Autoload Paletten</de>
			<ru>Автопогрузка загрузить</ru>
		</text>
		<text name="function_PalletAutoload_Trailer"> 
			<en>Trailer with Autoload for pallets</en> 
			<de>Anhänger mit Autoload für Paletten</de> 
			<ru>Прицеп с автопогрузкой поддонов</ru>
		</text>
		<text name="PalletAutoload_Trailer"> 
			<en>Pallet Autoload</en>
			<de>Paletten Autoloader</de>
			<ru>Автопогрузка поддонов</ru>
		</text>
		<text name="aPalletAutoLoader_LoadingType"> 
			<en>LoadingType</en> 
			<de>Ladegut</de> 
			<ru>Автопогрузка</ru>
		</text>
		<text name="aPalletAutoLoader_liquidTank"> 
			<en>liquidTank</en> 
			<de>Flüssigkeitstanks</de> 
			<ru>Поддоны для жидкости</ru>
		</text>
		<text name="aPalletAutoLoader_euroPallet"> 
			<en>euroPallet</en> 
			<de>Euro Paletten</de> 
			<ru>Поддоны</ru>
		</text>
		<text name="aPalletAutoLoader_bigBagPallet"> 
			<en>bigBag Pallet</en> 
			<de>Bigbag Paletten</de> 
			<ru>Поддоны с МКР</ru>
		</text>
		<text name="aPalletAutoLoader_cottonRoundbale238"> 
			<en>Cotton Squarebale</en> 
			<de>Baumwollrundballen</de> 
			<ru>Хлопок квадратный тюк</ru>
		</text>
		<text name="aPalletAutoLoader_tipside"> 
			<en>Tipside</en> 
			<de>Abladeseite</de> 
			<ru>Сторона разгрузки</ru>
		</text>
		<text name="aPalletAutoLoader_left"> 
			<en>left</en> 
			<de>Links</de> 
			<ru>Слева</ru>
		</text>
		<text name="aPalletAutoLoader_right"> 
			<en>right</en> 
			<de>Rechts</de> 
			<ru>Справа</ru>
		</text>
	</l10n>
</modDesc>