﻿<?xml version="1.0" encoding="utf-8" standalone="no" ?>
<modDesc descVersion="60">
    <author>Zombold</author>
    <version>1.1.0.0</version>
    <title>
        <en>Tree planting Pack</en>
    </title>
    <description>
        <en>Pack for tree planting.

Variable capacity
Written saplingtype</en>
        <de>Pack für die Baumpflanzung

- Variable Palettenkapazität (20/40/60/80/100 Stück)
- Beschriftung für die Baumart
- Baumsetzmaschinen mit unterschiedlichen Setzweiten und Farbwahl</de>
    </description>
    <iconFilename>icon.dds</iconFilename>
    <multiplayer supported="true" />
    <storeItems>
        <storeItem xmlFilename="pl75/pl75.xml"/>
        <storeItem xmlFilename="pl75/pl752.xml"/>
        <storeItem xmlFilename="pl75/pl754.xml"/>
        <storeItem xmlFilename="pl75/pl756.xml"/>
        <storeItem xmlFilename="pl75/pl758.xml"/>
        <storeItem xmlFilename="sapling/treeSaplingPallet.xml"/>
    </storeItems>
</modDesc>
