﻿<?xml version="1.0" encoding="utf-8" standalone="no"?>
<modDesc descVersion="62">
    <author>Th3_Ghostrider</author>
    <version>1.2.0.0</version>
    <title>
        <en>ITRunner Pack</en>
    </title>
    <description>
        <en><![CDATA[ITR 26.33 HD: Price: 55.000€
                        
			HT 50 container: Price: 28.000€
				Capacity: 48 m³

			Grain container: Price: 10.000€
				Capacity: 45 m³

			Skip container: Price: 8.500€
				Capacity: 3 m³

			Fortis 2000: Price: 38.000€
				Capacity: 32 m³
				Working width: 15m

			Slurry container: Price: 34.000€
				Capacity: 15 m³
				Working width: 12m

			Bale container: Price: 7.000€

			Wood container: Price: 7.500€]]></en>
        <de><![CDATA[ITR 26.33 HD: Preis: 55.000€
                        
			HT 50 container: Preis: 28.000€
				Kapazität: 48 m³

			Getreidecontainer: Preis: 10.000€
				Kapazität: 45 m³

			Mulde: Preis: 8.500€
				Kapazität: 3 m³

			Fortis 2000: Preis: 38.000€
				Kapazität: 32 m³
				Arbeitsbreite: 15m

			Güllecontainer: Preis: 34.000€
				Kapazität: 15 m³
				Arbeitsbreite: 12m

			Ballencontainer: Preis: 7.000€

			Holzcontainer: Preis: 7.500]]></de>
        </description>
    
	<iconFilename>store/icon_itRunnerPack.png</iconFilename>
    
	<multiplayer supported="true"/>
    
	<l10n filenamePrefix="translations/l10n"/>
    
	<brands>
        <brand name="ITRUNNER" title="IT Runner" image="brand/brand_itrunner.png"/>
    </brands>
	
	<extraSourceFiles>
		<sourceFile filename="scripts/AddStoreCategory.lua" />
	</extraSourceFiles>
	
	<specializations>
		<specialization name="hookLiftTrailerFixedTexts" className="HookLiftTrailerFixedTexts"  filename="scripts/HookLiftTrailerFixedTexts.lua"/>
	</specializations>
    
	<vehicleTypes>
        <type name="hookLiftContainerTrailerSpreader" parent="manureSpreader" filename="$dataS/scripts/vehicles/Vehicle.lua">
            <specialization name="hookLiftContainer"/>
        </type>
        <type name="hookLiftContainerTrailerBarrel" parent="manureBarrel" filename="$dataS/scripts/vehicles/Vehicle.lua">
            <specialization name="hookLiftContainer"/>
        </type>		
		<type name="hookLiftTrailerDH" parent="baseAttachable" filename="$dataS/scripts/vehicles/Vehicle.lua">
            <specialization name="hookLiftTrailerFixedTexts" />
        </type>
    </vehicleTypes>
	
    <storeItems>
		<newStoreCategories>
            <newStoreCategory type="TOOL" name="ITRunnerPack" title="$l10n_category_ITRunnerPack" image="store/icon_itRunnerPack.dds" />
        </newStoreCategories>
		
        <storeItem xmlFilename="xml/itRunner2633HD.xml"/>
        <storeItem xmlFilename="xml/containerDumper.xml"/>
        <storeItem xmlFilename="xml/containerChaff.xml"/>
        <storeItem xmlFilename="xml/containerSilage.xml"/>
        <storeItem xmlFilename="xml/containerWood.xml"/>
        <storeItem xmlFilename="xml/containerBales.xml"/>
        <storeItem xmlFilename="xml/containerSlurry.xml"/>
        <storeItem xmlFilename="xml/containerManureSpreader.xml"/>
    </storeItems>
</modDesc>
