﻿<?xml version="1.0" encoding="utf-8" standalone="no" ?>
<modDesc descVersion="62">
    <author>Giants, luki</author>
	<version>1.0.0.0</version>
    <iconFilename>store_longNeckCombiPlus.dds</iconFilename>
    <storeItems>
        <storeItem rootNode="vehicle" xmlFilename="longNeckCombiPlus.xml"/>
    </storeItems>
	<title>
		<en>Fliegl mouse controlled Attacher</en>
        <de>Fliegl Mausgesteuerte Dreipunkt</de>
    </title>
    <description>
        <de>Mausgesteuerte Dreipunkt Hydraulik</de>
        <en>Mouse controlled attacher</en>
    </description>
	<multiplayer supported="true" />
</modDesc>
