﻿<?xml version="1.0" encoding="utf-8" standalone="no" ?>
<vehicle type="trailer" xmlns:xsi="http://www.w3.org/2001/XMLSchema-instance" xsi:noNamespaceSchemaLocation="https://validation.gdn.giants-software.com/xml/fs22/vehicle.xsd">
    <annotation>Copyright (C) GIANTS Software GmbH, All Rights Reserved.</annotation>

    <storeData>
        <name>$l10n_name_RandonDumper</name>
        <specs>
            <combination filterCategory="trucks" />
            <combination xmlFilename="$data/vehicles/krampe/dolly10L/dolly10L.xml"/>
        </specs>
        <functions>
            <function>$l10n_function_tipper</function>
            <function>$l10n_function_semiTrailer</function>
        </functions>
        <image>textures/Store.dds</image>
        <price>75000</price>
        <lifetime>600</lifetime>
        <rotation>0</rotation>
        <brand>RANDON</brand>
        <category>trailers</category>
    </storeData>

	    <base>
        <typeDesc>$l10n_typeDesc_trailer</typeDesc>
        <filename>Basculante.i3d</filename>
        <size width="3.0" length="12" />
		<sounds volumeFactor="1.8"/>
        <components maxMass="60000">
            <component centerOfMass="0 0.6 -0.9" solverIterationCount="10" mass="7000" />
			<component centerOfMass="0 -0.1 0" solverIterationCount="10" mass="500" />
			<component centerOfMass="0 -0.3 0" solverIterationCount="10" mass="10" />
			<component centerOfMass="0 -0.3 0" solverIterationCount="10" mass="10" />
			<component centerOfMass="0 -0.3 0" solverIterationCount="10" mass="10" />
			<component centerOfMass="0 -0.3 0" solverIterationCount="10" mass="10" />
			<joint component1="1" component2="2" node="TampaRef" rotLimit="100 0 0" transLimit="0 0 0" enableCollision="true"/>
			<joint component1="1" component2="3" node="Joint1_Esq" rotLimit="20 0 5" transLimit="0 0 0"/>
			<joint component1="1" component2="4" node="Joint2_Esq" rotLimit="15 0 5" transLimit="0 0 0"/>
			<joint component1="1" component2="5" node="Joint3_Esq" rotLimit="20 0 5" transLimit="0 0 0"/>
			<joint component1="1" component2="6" node="Joint4_Esq" rotLimit="15 0 5" transLimit="0 0 0"/> 
        </components>
        <schemaOverlay attacherJointPosition="0 0" name="IMPLEMENT" />
        <mapHotspot type="TRAILER" />
    </base>
	
	
    <wheels>
        <wheelConfigurations>
		        <wheelConfiguration name="$l10n_configuration_americanas" price="0" brand="LIZARD" saveId="American">
					 <wheels>
					<wheel filename="$data/shared/wheels/tires/lizard/truck/_11R24_5.xml" configId="dual" isLeft="true" >
                        <physics tipOcclusionAreaGroupId="1" restLoad="1.8" repr="wheelFrontLeft"  forcePointRatio="0.4"  initialCompression="10" suspTravel="0.15" spring="105" damper="50" yOffset="-0.13" />
                        <additionalWheel filename="$data/shared/wheels/tires/lizard/truck/_11R24_5.xml" configId="dualRim" isLeft="true" offset="0.1" />
                    </wheel>
                    <wheel filename="$data/shared/wheels/tires/lizard/truck/_11R24_5.xml" configId="dual" isLeft="false" >
                        <physics tipOcclusionAreaGroupId="1" restLoad="1.8" repr="wheelFrontRight" forcePointRatio="0.4"  initialCompression="10" suspTravel="0.15" spring="105" damper="50" yOffset="-0.13" />
                        <additionalWheel filename="$data/shared/wheels/tires/lizard/truck/_11R24_5.xml" configId="dualRim" isLeft="false" offset="0.1" />
                    </wheel>
                    <wheel filename="$data/shared/wheels/tires/lizard/truck/_11R24_5.xml" configId="dual" isLeft="true" hasTireTracks="true" hasParticles="true" >
                        <physics tipOcclusionAreaGroupId="1" restLoad="1.8" repr="wheelMiddleLeft"   forcePointRatio="0.4"  initialCompression="10" suspTravel="0.15" spring="105" damper="50" yOffset="-0.13" />
                        <additionalWheel filename="$data/shared/wheels/tires/lizard/truck/_11R24_5.xml" configId="dualRim" isLeft="true" offset="0.1" />
                    </wheel>
                    <wheel filename="$data/shared/wheels/tires/lizard/truck/_11R24_5.xml" configId="dual" isLeft="false" hasTireTracks="true" hasParticles="true" >
                        <physics tipOcclusionAreaGroupId="1" restLoad="1.8" repr="wheelMiddleRight"  forcePointRatio="0.4"  initialCompression="10" suspTravel="0.15" spring="105" damper="50" yOffset="-0.13" />
                        <additionalWheel filename="$data/shared/wheels/tires/lizard/truck/_11R24_5.xml" configId="dualRim" isLeft="false" offset="0.1" />
                    </wheel>
					    <wheel filename="$data/shared/wheels/tires/lizard/truck/_11R24_5.xml" configId="dual" isLeft="true" hasTireTracks="true" hasParticles="true" >
                        <physics tipOcclusionAreaGroupId="1" restLoad="1.8" repr="wheelBackLeft"   forcePointRatio="0.4"  initialCompression="10" suspTravel="0.15" spring="105" damper="50" yOffset="-0.14" />
                        <additionalWheel filename="$data/shared/wheels/tires/lizard/truck/_11R24_5.xml" configId="dualRim" isLeft="true" offset="0.1" />
                    </wheel>
                    <wheel filename="$data/shared/wheels/tires/lizard/truck/_11R24_5.xml" configId="dual" isLeft="false" hasTireTracks="true" hasParticles="true" >
                        <physics tipOcclusionAreaGroupId="1" restLoad="1.8" repr="wheelBackRight"  forcePointRatio="0.4"  initialCompression="10" suspTravel="0.15" spring="105" damper="50" yOffset="-0.14" />
                        <additionalWheel filename="$data/shared/wheels/tires/lizard/truck/_11R24_5.xml" configId="dualRim" isLeft="false" offset="0.1" />
                    </wheel>
                </wheels>
            </wheelConfiguration>
            <wheelConfiguration name="$l10n_configuration_brasil" price="0" brand="LIZARD" saveId="Brazilian"  isDefault="true">
                <wheels>
                    <wheel filename="Rodas/wheels.xml" configId="dual" isLeft="true" >
                        <physics restLoad="1.2" repr="wheelFrontLeft"  forcePointRatio="0.5" initialCompression="20" suspTravel="0.15" spring="33" damper="50" yOffset="-0.13" />
                        <additionalWheel filename="Rodas/wheels.xml" configId="dualConnector" isLeft="true" offset="-0.69" />
                    </wheel>
                    <wheel filename="Rodas/wheels.xml" configId="dual" isLeft="false" >
                        <physics restLoad="1.2" repr="wheelFrontRight" forcePointRatio="0.5" initialCompression="20" suspTravel="0.15" spring="33" damper="50" yOffset="-0.13" />
                        <additionalWheel filename="Rodas/wheels.xml" configId="dualConnector" isLeft="false" offset="-0.69" />
                    </wheel>
					<wheel filename="Rodas/wheels.xml" configId="dual" isLeft="true" hasTireTracks="true" hasParticles="true" >
                        <physics restLoad="1.2" repr="wheelMiddleLeft"   forcePointRatio="0.5" initialCompression="20" suspTravel="0.15" spring="33" damper="50" yOffset="-0.13" />
                        <additionalWheel filename="Rodas/wheels.xml" configId="dualConnector" isLeft="true" offset="-0.69" />
                    </wheel>
                    <wheel filename="Rodas/wheels.xml" configId="dual" isLeft="false" hasTireTracks="true" hasParticles="true" >
                        <physics restLoad="1.2" repr="wheelMiddleRight"  forcePointRatio="0.5" initialCompression="20" suspTravel="0.15" spring="33" damper="50" yOffset="-0.13" />
                        <additionalWheel filename="Rodas/wheels.xml" configId="dualConnector" isLeft="false" offset="-0.69" />
                    </wheel>
                    <wheel filename="Rodas/wheels.xml" configId="dual" isLeft="true" hasTireTracks="true" hasParticles="true" >
                        <physics restLoad="1.2" repr="wheelBackLeft"   forcePointRatio="0.5" initialCompression="20" suspTravel="0.15" spring="33" damper="50" yOffset="-0.14" />
                        <additionalWheel filename="Rodas/wheels.xml" configId="dualConnector" isLeft="true" offset="-0.69" />
                    </wheel>
                    <wheel filename="Rodas/wheels.xml" configId="dual" isLeft="false" hasTireTracks="true" hasParticles="true" >
                        <physics restLoad="1.2" repr="wheelBackRight"  forcePointRatio="0.5" initialCompression="20" suspTravel="0.15" spring="33" damper="50" yOffset="-0.14" />
                        <additionalWheel filename="Rodas/wheels.xml" configId="dualConnector" isLeft="false" offset="-0.69" />
                    </wheel>
                </wheels>
            </wheelConfiguration>
        </wheelConfigurations>
		
			 <dynamicallyLoadedWheels>
            <dynamicallyLoadedWheel linkNode="Step1"  filename="$data/shared/wheels/tires/continental/contiCrossTracHS3/315_80R22_5.xml"  isLeft="false" />
            <dynamicallyLoadedWheel linkNode="Step2"  filename="$data/shared/wheels/tires/continental/contiCrossTracHS3/315_80R22_5.xml"  isLeft="false" />
        </dynamicallyLoadedWheels>
		
    </wheels>

   <rimColorConfigurations useDefaultColors="true" price="300" >
        <rimColorConfiguration name="Chrome" color="SHARED_WHITE2" material="2"/>
		<rimColorConfiguration name="Silver Metallic" color="ITRUNNER_WHITE1" material="27"/>
		<rimColorConfiguration name="Black Chrome" color="SHARED_BLACK2" material="2" />
    </rimColorConfigurations>

    <attachable>
        <inputAttacherJoints>
            <inputAttacherJoint node="Engate1" jointType="semitrailer" attacherHeight="1.33" />
        </inputAttacherJoints>
        <steeringAxleAngleScale startSpeed="1" endSpeed="90" />
        <brakeForce force="0.9" maxForce="3" maxForceMass="39000"/>
        <support animationName="moveSupport" />
    </attachable>

	<attacherJoints>
	<attacherJointConfigurations>
            <attacherJointConfiguration name="$l10n_configuration_valueNo" price="0" />
            <attacherJointConfiguration name="$l10n_configuration_trailerAttacherBack" price="1000" >
  	   <attacherJoint node="0>0|11|0" jointType="trailer" allowsJointLimitMovement="false" allowsLowering="false" lowerRotLimit="190 190 190">
                    <schema position="1 0" rotation="0" invertX="false" />
                    <attachSound template="TRUCK_ATTACH_01" linkNode="0>" />
	     </attacherJoint>
                <objectChange node="0>0|11" visibilityActive="true" visibilityInactive="false"/>
                <objectChange node="0>1|0|2" visibilityActive="false" visibilityInactive="true"/>
		<objectChange node="0>0|11" translationActive="-0.037 -0.14187132 3.54210997" />
            </attacherJointConfiguration>
        </attacherJointConfigurations>
    </attacherJoints>
	
	  <licensePlates>
        <licensePlate node="0>4" position="BACK" preferedType="SQUARISH" placementArea="0.08 0.15 0.08 0.15"/>
    </licensePlates>


    <powerTakeOffs>
        <input inputNode="ForceMotor" detachNode="ForceMotor" inputAttacherJointIndices="1" aboveAttacher="true"/>
    </powerTakeOffs>
	
	<powerConsumer ptoRpm="1400" neededMaxPtoPower="50"/>

	<lights>
        <states>
            <state lightTypes="0" />
        </states>
		
        <realLights>
            <low>
                <light node="LuzStatic" lightTypes="0"/>
                <turnLightLeft node="SetaEsqStatic"/>
                <turnLightRight node="SetaDirStatic"/>
                <brakeLight node="FreioStatic"/>
                <reverseLight node="reStatic"/>
            </low> 
			<high>
                 <light node="LuzStatic" lightTypes="0"/>
                <turnLightLeft node="SetaEsqStatic"/>
                <turnLightRight node="SetaDirStatic"/>
                <brakeLight node="FreioStatic"/>
                <reverseLight node="reStatic"/>
            </high>
        </realLights>

        <defaultLights>
            <defaultLight shaderNode="Luz" lightTypes="0"/>
            <defaultLight shaderNode="0>1|0|9|1" lightTypes="0"/>
            <defaultLight shaderNode="Marias1" lightTypes="0"/>
            <defaultLight shaderNode="Marias2" lightTypes="0"/>
            <defaultLight shaderNode="Marias3" lightTypes="0"/>
            <defaultLight shaderNode="Marias4" lightTypes="0"/>
            <defaultLight shaderNode="Marias5" lightTypes="0"/>
        </defaultLights>

        <brakeLights>
            <brakeLight shaderNode="Freio" />
        </brakeLights>

        <reverseLights>
            <reverseLight shaderNode="Re" />
        </reverseLights>

        <turnLights>
            <turnLightLeft shaderNode="SetaEsq" />
            <turnLightRight shaderNode="SetaDir" />
        </turnLights>
    </lights>
	

	<connectionHoses>
        <hose inputAttacherJointIndices="1" type="airDoubleRed"  node="hydraulicIn01"  length="4" diameter="0.02" straighteningFactor="2" isTwoPointHose="true" minDeltaY="-0.410" color="SALFORD_RED1" >
            <objectChange node="attachedCab" visibilityActive="true"  visibilityInactive="false" />
            <objectChange node="dettachedCab" visibilityActive="false" visibilityInactive="true" />
        </hose>
        <hose inputAttacherJointIndices="1" type="airDoubleYellow"  node="hydraulicIn02"  length="4" diameter="0.02" straighteningFactor="2" isTwoPointHose="true" minDeltaY="-0.410" color="SHARED_YELLOW1" >
            <objectChange node="attachedCab2" visibilityActive="true"  visibilityInactive="false" />
            <objectChange node="dettachedCab2" visibilityActive="false" visibilityInactive="true" />
        </hose>
        <hose inputAttacherJointIndices="1" type="electric"  node="electricIn" length="4" diameter="0.02" straighteningFactor="2" isTwoPointHose="true" >
            <objectChange node="Tampinha" rotationActive="0 0 0" rotationInactive="-90 0 0" />
        </hose>
        <hose inputAttacherJointIndices="1" type="hydraulicIn"  node="hydraulicIn" length="4" diameter="0.02" straighteningFactor="2" isTwoPointHose="true" >
            <objectChange node="hydraulictampa" rotationActive="0 0 0" rotationInactive="-95 0 0" />
        </hose>
		
		<target attacherJointIndices="1" type="airDoubleYellow" node="hydraulic01_in"/>
        <target attacherJointIndices="1" type="airDoubleRed" node="hydraulic01_out"/>
        <target attacherJointIndices="1" type="hydraulicIn" node="hydraulic04_in"/>
        <target attacherJointIndices="1" type="electric" node="electric_in"/>
    </connectionHoses>

	
	  <fillUnit>
        <fillUnitConfigurations>
            <fillUnitConfiguration name="$l10n_configuration_valueDefault" price="0">
                <fillUnits>
                    <fillUnit shopDisplayUnit="CUBICMETER" fillTypeCategories="BULK" capacity="60000" allowAILoading="true">
                        <exactFillRootNode node="exactFillRootNode" />
                        <autoAimTargetNode node="fillAutoAimTargetNode" startZ="3.3" endZ="-2.65" invert="false" startPercentage="25"/>
                    </fillUnit>
                </fillUnits>
            </fillUnitConfiguration>
        </fillUnitConfigurations>
    </fillUnit>

    <fillVolume>
        <fillVolumeConfigurations>
            <fillVolumeConfiguration>
                <volumes>
                    <volume node="fillVolume" maxDelta="0.23" maxAllowedHeapAngle="18" fillUnitIndex="1">
                        <deformNode node="fillVolumeDeformNode01"/>
                        <deformNode node="fillVolumeDeformNode02"/>
                        <deformNode node="fillVolumeDeformNode03"/>
                        <deformNode node="fillVolumeDeformNode04"/>
                    </volume>
                </volumes>
            </fillVolumeConfiguration>
        </fillVolumeConfigurations>

        <unloadInfos>
            <unloadInfo>
                <node node="fillVolumeUnloadInfo" width="1.5" length="1.0" />
            </unloadInfo>
        </unloadInfos>

        <heightNodes>
            <heightNode fillVolumeIndex="1">
                <refNode node="heightNode01" />
                <refNode node="heightNode02" />
                <node node="grainNorm" baseScale="1 1 1" transAxis="0 0 0" orientateToWorldY="true"/>
                <node node="particleEmitter" baseScale="1 0.1 1" scaleAxis="0 0.4 0" />
            </heightNode>
        </heightNodes>
    </fillVolume>

    <trailer>
        <trailerConfigurations>
            <trailerConfiguration>
                <trailer>
                    <tipSide name="$l10n_info_tipSideBack" dischargeNodeIndex="1">
                        <animation name="tipAnimationBack" speedScale="0.9" startTipTime="0.05"/>
                    </tipSide>
                </trailer>
            </trailerConfiguration>
        </trailerConfigurations>
    </trailer>
	
    <dischargeable>
        <dischargeNode node="dischargeNodeBack" emptySpeed="1557" fillUnitIndex="1" unloadInfoIndex="1" allowAIDischarge="true">
            <info width="2.3" length="0.5" zOffset="-1" />
            <effects>
                <effectNode effectClass="TipEffect">
                    <effectNode effectNode="particleEmitter" effectClass="ParticleEffect" materialType="unloadingParticle"/>
                    <effectNode effectNode="grainNorm" materialType="unloading"  fadeTime="0.5" extraDistanceNode="dischargeNodeBack" extraDistance="0.2"/>
                </effectNode>
                <effectNode effectNode="smokeNorm" materialType="unloadingSmoke" fadeTime="0.5"/>
            </effects>
        </dischargeNode>
    </dischargeable>

	<cover>
        <coverConfigurations title="$l10n_configuration_foguin">
            <coverConfiguration name="$l10n_configuration_valueNo" price="0" openCoverWhileTipping="true">
			<cover openAnimation="toggleCover" fillUnitIndices="1" />
			</coverConfiguration>
            <coverConfiguration name="$l10n_configuration_valueYes" price="300" openCoverWhileTipping="true">
                <cover openAnimation="toggleCover" fillUnitIndices="1" />
				<objectChange node="0>1|0|9" visibilityActive="true"/>
            </coverConfiguration>
        </coverConfigurations>
    </cover>
	
	
    <designConfigurations>
        <designConfiguration name="$l10n_configuration_Curto" price="500">
		</designConfiguration>
        <designConfiguration name="$l10n_configuration_Longo" price="800">	
		<objectChange node="Curto" visibilityActive="false"/>	
		<objectChange node="Longo" visibilityActive="true"/>	
		</designConfiguration>
    </designConfigurations>
	
    <animations>
	<animation name="tipAnimationBack">
            <part node="Bascula"       startTime="0" endTime="24" startRot="0 0 0" endRot="30 0 0" />
            <part node="Trava"       startTime="0" endTime="5" startRot="4.184 0 0" endRot="-3.942 0 0" />  
            <part node="Granpo"       startTime="0" endTime="8" startTrans="0 0 0" endTrans="0 0 0.136" />  
            <part node="TampaRef"       startTime="0" endTime="24" startTrans="-0.018 3.31028414 -4.83428621" endTrans="-0.018 2.66899872 -5.7709384" />
		<part componentJointIndex="1"  startTime="0"    endTime="24"  startRotLimit="0 0 0" endRotLimit="100 0 0" />   

            <sound template="metalLowVar2"           startTime="0.15"  direction="-1"  volumeScale="2.2" pitchScale="1.2"/>
            <sound template="metalClose"             startTime="0.15"  direction="-1"  volumeScale="1.2" pitchScale="0.8"/>
            <sound template="metalOpen"              startTime="0.15"  direction="1"   volumeScale="1.5" pitchScale="0.6"/>
            <sound template="metalLowVar2"           startTime="23.99" direction="1"   volumeScale="2.5" pitchScale="1.2"/>
            <sound template="metalClose"             startTime="23.99" direction="1"   volumeScale="1.2" pitchScale="0.7"/>
            <sound template="thudVar2"               startTime="23.9"  direction="-1"  volumeScale="1.4" pitchScale="0.7"/>
            <sound template="clackVar6"              startTime="23.99" direction="-1"  volumeScale="0.7" pitchScale="0.3"/>
            <sound template="latchSmall"             startTime="0.01"  direction="-1"  volumeScale="0.1" pitchScale="0.9"/>
            <sound template="clackVar2"              startTime="0.01"  direction="0"   volumeScale="1.0" pitchScale="1.7"/>
            <sound template="metalOpen"              startTime="10.1"   direction="1"   volumeScale="2.5" pitchScale="0.7"/>
            <sound template="metalClose"             startTime="0.01"  direction="-1"  volumeScale="1.5" pitchScale="0.7"/>
            <sound template="hingeMedium"            startTime="10.1"   direction="1"   volumeScale="1.4" pitchScale="0.8"/>
            <sound template="cylinderPunch" startTime="0.01"  direction="0"/>
            <sound template="cylinderPunch" startTime="29.99" direction="1"/>
        </animation>
        <animation name="moveSupport">
            <part node="Pe"   startTime="0" endTime="0.3" startTrans="-0.004 0.646 -2.518" endTrans="-0.004 0.07 -2.518" />
			
			<sound template="foldStopSm02" startTime="0.24" direction="1" volumeScale="1.5" pitchScale="1" linkNode="Engate1"/>
            <sound template="foldStopSm01" startTime="0.24" direction="-1" volumeScale="1.5" pitchScale="0.7" linkNode="Engate1"/>
        </animation>
		<animation name="toggleCover">
			<part node="Lona" startTime="0" endTime="0.05" visibility="true" />
			<part node="LonaDobrada" startTime="0" endTime="0.05" visibility="false" />
			<part node="Lona" startTime="0.05" endTime="0.1"  visibility="false" />
			<part node="LonaDobrada" startTime="0.05" endTime="0.1"  visibility="true" />
			
			
            <sound template="fabricCover2" startTime="0.01" direction="1"  volumeScale="1.4" pitchScale="1.5"/>
            <sound template="fabricCover1" startTime="0.05" direction="-1" volumeScale="1.4" pitchScale="1.8"/>
        </animation>
		<animation name="folding">
					<part node="Front"  startTime="0" endTime="5" startTrans="0 0.50800002 -2.81531" endTrans="0 0.7 -2.81531" />
					<part node="Back"  startTime="0" endTime="5" startTrans="0 0.50800002 -5.34787989" endTrans="0 0.7 -5.34787989" />

                    <sound template="BALER_KNOT_CLEANING"  direction="-1" startTime="4.99"  volumeScale="1.5" pitchScale="0.7" linkNode="Front"/>
                    <sound template="BALER_KNOT_CLEANING" direction="1" startTime="0.01"  volumeScale="1.5" pitchScale="0.7" linkNode="Front"/>
            
        </animation>
    </animations>
	
	

	
		<vehicleTypeConfigurations title="$l10n_configuration_DesignRoda">
        <vehicleTypeConfiguration name="$l10n_configuration_valueNo" price="0" vehicleType="trailer"/>
		<vehicleTypeConfiguration name="$l10n_configuration_calota" price="500" vehicleType="trailer">
		<objectChange node="0>0|10|0|0" visibilityActive="true"/>	
		<objectChange node="0>0|10|1|0" visibilityActive="true"/>	
		<objectChange node="0>0|10|4|0|0" visibilityActive="true"/>	
		<objectChange node="0>0|10|4|1|0" visibilityActive="true"/>	
		<objectChange node="0>0|10|5|0|0" visibilityActive="true"/>	
		<objectChange node="0>0|10|5|1|0" visibilityActive="true"/>	
        </vehicleTypeConfiguration>
			<vehicleTypeConfiguration name="$l10n_configuration_rodoar" price="1800" vehicleType="trailer">
		<objectChange node="0>0|10|0|0" visibilityActive="true"/>	
		<objectChange node="0>0|10|1|0" visibilityActive="true"/>	
		<objectChange node="0>0|10|4|0|0" visibilityActive="true"/>	
		<objectChange node="0>0|10|4|1|0" visibilityActive="true"/>	
		<objectChange node="0>0|10|5|0|0" visibilityActive="true"/>	
		<objectChange node="0>0|10|5|1|0" visibilityActive="true"/>	
		
		<objectChange node="0>0|10|6" visibilityActive="true"/>	
		<objectChange node="0>0|10|0|0|3" visibilityActive="true"/>	
		<objectChange node="0>0|10|1|0|3" visibilityActive="true"/>	
		<objectChange node="0>0|10|4|0|0|3" visibilityActive="true"/>	
		<objectChange node="0>0|10|4|1|0|3" visibilityActive="true"/>	
		<objectChange node="0>0|10|5|0|0|3" visibilityActive="true"/>	
		<objectChange node="0>0|10|5|1|0|3" visibilityActive="true"/>	
        </vehicleTypeConfiguration>
	</vehicleTypeConfigurations>

	<foldable>
        <foldingConfigurations title="$l10n_configuration_Arquear">
		
			<foldingConfiguration name="$l10n_configuration_valueNo" price="0" >
    <foldingParts posDirectionText="$l10n_EixoElevar" negDirectionText="$l10n_EixoBaixar" startMoveDirection="1" turnOffOnFold="true" >
        <foldingPart animationName="folding" speedScale="1" />
    </foldingParts>						
            </foldingConfiguration>	
	
						<foldingConfiguration name="$l10n_configuration_valueYes" price="19000" >
    <foldingParts posDirectionText="$l10n_EixoElevar" negDirectionText="$l10n_EixoBaixar" startMoveDirection="1" turnOffOnFold="true" >
        <foldingPart animationName="folding" speedScale="1" />
    </foldingParts>					
			<objectChange node="0>0|10"  translationActive="0 -0.09 1.43044996" rotationActive="-1.8 0 0"   /> 
			<objectChange node="0>0|10|6"  translationActive="0 0.305 0" /> 
			<objectChange node="0>1|0|5"  translationActive="0 -0.173 0" /> 
			<objectChange node="2>2"  translationActive="-0.024 -1 0.00467285" /> 
			<objectChange node="5>2"  translationActive="0.045 -1 0.00526441" /> 
            </foldingConfiguration>	
        </foldingConfigurations> 
    </foldable>
	
	
    <cylindered>
        <movingTools>
		<movingTool node="Bascula" playSound="true" >
                <dependentPart node="Pistao" />
            </movingTool>
			
			<movingTool node="Front" wheelIndices="1 2 3 4 5 6" playSound="true"  >
            </movingTool>
			
            <movingTool node="TampaRef" playSound="true" >
                <componentJoint index="1" anchorActor="0"/>
            </movingTool>
        </movingTools>

        <movingParts>
            <movingPart node="Pistao" referencePoint="PistaoRef" referenceFrame="PistaoRef" isActiveDirty="true" maxUpdateDistance="20">
                <translatingPart node="Pistao1" />
                <translatingPart node="Pistao2" />
                <translatingPart node="Pistao3" />
                <translatingPart node="Pistao4" />
            </movingPart>
			<movingPart node="MovingCambao" referencePoint="MovingCambaoRef" referenceFrame="MovingCambaoRef" scaleZ="true" isActiveDirty="true" maxUpdateDistance="20"/>
			
			<movingPart node="0>0|10|4|0|0|3" referencePoint="0>0|10|6|6" referenceFrame="0>0|10|6|6" scaleZ="true" isActiveDirty="true" maxUpdateDistance="20"/>
			<movingPart node="0>0|10|6|4|0" referencePoint="0>0|10|4|0|0|3|0" referenceFrame="0>0|10|4|0|0|3|0" scaleZ="true" isActiveDirty="true" maxUpdateDistance="20"/>
			
			<movingPart node="0>0|10|0|0|3" referencePoint="0>0|10|6|7" referenceFrame="0>0|10|6|7" scaleZ="true" isActiveDirty="true" maxUpdateDistance="20"/>
			<movingPart node="0>0|10|6|0|0" referencePoint="0>0|10|0|0|3|0" referenceFrame="0>0|10|0|0|3|0" scaleZ="true" isActiveDirty="true" maxUpdateDistance="20"/>
			
			<movingPart node="0>0|10|5|0|0|3" referencePoint="0>0|10|6|8" referenceFrame="0>0|10|6|8" scaleZ="true" isActiveDirty="true" maxUpdateDistance="20"/>
			<movingPart node="0>0|10|6|2|0" referencePoint="0>0|10|5|0|0|3|0" referenceFrame="0>0|10|5|0|0|3|0" scaleZ="true" isActiveDirty="true" maxUpdateDistance="20"/>
			
			<movingPart node="0>0|10|4|1|0|3" referencePoint="0>0|10|6|9" referenceFrame="0>0|10|6|9" scaleZ="true" isActiveDirty="true" maxUpdateDistance="20"/>
			<movingPart node="0>0|10|6|5|0" referencePoint="0>0|10|4|1|0|3|0" referenceFrame="0>0|10|4|1|0|3|0" scaleZ="true" isActiveDirty="true" maxUpdateDistance="20"/>
			
			<movingPart node="0>0|10|1|0|3" referencePoint="0>0|10|6|10" referenceFrame="0>0|10|6|10" scaleZ="true" isActiveDirty="true" maxUpdateDistance="20"/>
			<movingPart node="0>0|10|6|1|0" referencePoint="0>0|10|1|0|3|0" referenceFrame="0>0|10|1|0|3|0" scaleZ="true" isActiveDirty="true" maxUpdateDistance="20"/>
			
			<movingPart node="0>0|10|5|1|0|3" referencePoint="0>0|10|6|11" referenceFrame="0>0|10|6|11" scaleZ="true" isActiveDirty="true" maxUpdateDistance="20"/>
			<movingPart node="0>0|10|6|3|0" referencePoint="0>0|10|5|1|0|3|0" referenceFrame="0>0|10|5|1|0|3|0" scaleZ="true" isActiveDirty="true" maxUpdateDistance="20"/>
        </movingParts>

        <sounds>			
            <actionSound template="defaultHydraulicSound" pitchScale="0.4" volumeScale="1" linkNode="Pistao" actionNames="TRANSLATING_NEG" nodes="Pistao"/>
            <actionSound template="hydraulicLayerTone" pitchScale="0.5" volumeScale="1" linkNode="Pistao" actionNames="TRANSLATING_POS" nodes="Pistao">
                <pitch dropOffFactor="1.1" dropOffTime="0.2" />
            </actionSound>		
            <actionSound template="cylinderPunch" pitchScale="0.7" linkNode="Pistao" actionNames="TRANSLATING_END_NEG" nodes="Pistao1"/>
            <actionSound template="cylinderPunch" pitchScale="0.7" linkNode="Pistao" actionNames="TRANSLATING_END_NEG" nodes="Pistao2"/>
            <actionSound template="cylinderPunch" pitchScale="0.7" linkNode="Pistao" actionNames="TRANSLATING_END_NEG" nodes="Pistao3"/>
            <actionSound template="cylinderPunch" pitchScale="0.7" linkNode="Pistao" actionNames="TRANSLATING_END_NEG" nodes="Pistao4"/>
            <actionSound template="cylinderPunch" pitchScale="0.7" linkNode="TampaRef" actionNames="TRANSLATING_END_NEG" nodes="TampaRef"/>
        </sounds>
    </cylindered>


    <baseMaterial>
        <material name="Cacamba_mat" baseNode="BasculantePaint">
            <shaderParameter name="colorMat0" value="1 1 1 27"/>
        </material>
		<material name="Gancho_mat" baseNode="Trava_Paint">
            <shaderParameter name="colorMat0" value="1 1 1 27"/>
        </material>
		<material name="TravaGranpo_mat" baseNode="Granpo_Paint">
            <shaderParameter name="colorMat0" value="1 1 1 27"/>
        </material>
		<material name="Cambao_mat" baseNode="Cambao_Paint">
            <shaderParameter name="colorMat0" value="1 1 1 27"/>
        </material>
		<material name="Tampa_mat" baseNode="Tampa_Paint">
            <shaderParameter name="colorMat0" value="1 1 1 27"/>
        </material>
    </baseMaterial>
	
    <baseMaterialConfigurations price="2500" useDefaultColors="true">	    
	    <baseMaterialConfiguration name="$l10n_RedColor1" color="CASEIH_RED1"  material="0" price="1000"/>
		<baseMaterialConfiguration name="$l10n_Red2Color1" color="0.09 0 0"  material="0" price="1000"/>		
		<baseMaterialConfiguration name="$l10n_BlueColor1" color="NEWHOLLAND_BLUE1"  material="0" price="1000"/>		
		<baseMaterialConfiguration name="$l10n_Blue2Color1" color="GOLDHOFER_BLUE"  material="0" price="1000"/>		
		<baseMaterialConfiguration name="$l10n_GreenColor1" color="0 0.28 0"  material="0" price="1000"/>
		<baseMaterialConfiguration name="$l10n_OrangeColor1" color="STARA_ORANGE"  material="0" price="1000"/>
		<baseMaterialConfiguration name="$l10n_YellowColor1" color="JOHNDEERE_YELLOW1"  material="0" price="1000"/>
		<baseMaterialConfiguration name="$l10n_WhiteColor1" olor="1 1 1"  material="0" price="1000"/>
		
		<baseMaterialConfiguration name="$l10n_RedColor1" color="CASEIH_RED1"  material="32" price="1000"/>
		<baseMaterialConfiguration name="$l10n_Red2Color1" color="0.09 0 0"  material="32" price="1000"/>		
		<baseMaterialConfiguration name="$l10n_BlueColor1" color="NEWHOLLAND_BLUE1"  material="32" price="1000"/>		
		<baseMaterialConfiguration name="$l10n_Blue2Color1" color="GOLDHOFER_BLUE"  material="32" price="1000"/>		
		<baseMaterialConfiguration name="$l10n_GreenColor1" color="0 0.28 0"  material="32" price="1000"/>
		<baseMaterialConfiguration name="$l10n_OrangeColor1" color="STARA_ORANGE"  material="32" price="1000"/>
		<baseMaterialConfiguration name="$l10n_YellowColor1" color="JOHNDEERE_YELLOW1"  material="32" price="1000"/>
		<baseMaterialConfiguration name="$l10n_WhiteColor1" olor="1 1 1"  material="32" price="1000" />
		
		<baseMaterialConfiguration name="$l10n_RedColor1" color="CASEIH_RED1"  material="27" price="1000"/>
		<baseMaterialConfiguration name="$l10n_Red2Color1" color="0.09 0 0"  material="27" price="1000"/>		
		<baseMaterialConfiguration name="$l10n_BlueColor1" color="NEWHOLLAND_BLUE1"  material="27" price="1000"/>		
		<baseMaterialConfiguration name="$l10n_Blue2Color1" color="GOLDHOFER_BLUE"  material="27" price="1000"/>		
		<baseMaterialConfiguration name="$l10n_GreenColor1" color="0 0.28 0"  material="27" price="1000"/>
		<baseMaterialConfiguration name="$l10n_OrangeColor1" color="STARA_ORANGE"  material="27" price="1000"/>
		<baseMaterialConfiguration name="$l10n_YellowColor1" color="JOHNDEERE_YELLOW1"  material="27" price="1000"/>
		<baseMaterialConfiguration name="$l10n_WhiteColor1" olor="1 1 1"  material="27" price="1000" isDefault="true"/>
			
		<baseMaterialConfiguration name="$l10n_RedColor1" color="CASEIH_RED1"  material="3" price="1000"/>
		<baseMaterialConfiguration name="$l10n_Red2Color1" color="0.09 0 0"  material="3" price="1000"/>		
		<baseMaterialConfiguration name="$l10n_BlueColor1" color="NEWHOLLAND_BLUE1"  material="3" price="1000"/>		
		<baseMaterialConfiguration name="$l10n_Blue2Color1" color="GOLDHOFER_BLUE"  material="3" price="1000"/>		
		<baseMaterialConfiguration name="$l10n_GreenColor1" color="0 0.28 0"  material="3" price="1000"/>
		<baseMaterialConfiguration name="$l10n_OrangeColor1" color="STARA_ORANGE"  material="3" price="1000"/>
		<baseMaterialConfiguration name="$l10n_YellowColor1" color="JOHNDEERE_YELLOW1"	material="3" price="1000"/>
		<baseMaterialConfiguration name="$l10n_WhiteColor1" olor="1 1 1"  material="3" price="1000"/>
		
		<material name="Cacamba_mat" shaderParameter="colorMat0"/>
		<material name="Gancho_mat" shaderParameter="colorMat0"/>
		<material name="TravaGranpo_mat" shaderParameter="colorMat0"/>
		<material name="Cambao_mat" shaderParameter="colorMat0"/>
		<material name="Tampa_mat" shaderParameter="colorMat0"/>
	</baseMaterialConfigurations>
	

    <ai>
        <allowTurnBackward value="false"/>
        <turningRadiusLimitation radius="9"/>
        <agentAttachment jointNode="Engate1" rotCenterWheelIndices="1 2 3 4 5 6" width="2.7" height="3.2" length="13.5" lengthOffset="0.65"/>
    </ai>

    <foliageBending>
        <bendingNode minX="-1.3" maxX="1.3" minZ="-2.3" maxZ="0.2" yOffset="0.6" />
    </foliageBending>

    <wearable wearDuration="480" workMultiplier="5" fieldMultiplier="2"/>
    <washable dirtDuration="90" washDuration="1" workMultiplier="3" fieldMultiplier="2"/>
	
    <i3dMappings>
        <!-- Principais -->
        <i3dMapping id="Randon" node="0>" />
        <i3dMapping id="Basculante" node="0>1" />
        <i3dMapping id="Engate1" node="0>0|6|0" />
        <i3dMapping id="Engate2" node="0>0|6|1" />
        <i3dMapping id="ForceMotor" node="0>0|8" />
        <i3dMapping id="BasculantePaint" node="0>1|0|0|0|1" />
        <i3dMapping id="Pe" node="0>0|1|1" />
        <i3dMapping id="Curto" node="0>2" />
        <i3dMapping id="Longo" node="0>3" />
        <i3dMapping id="Cambao_Paint" node="0>1|0|0|0|6|0|0|0|0" />
        <i3dMapping id="Trava_Paint" node="0>1|0|0|0|6|2|0|0" />
        <i3dMapping id="Granpo_Paint" node="0>1|0|0|0|6|3|0|0" />
        <i3dMapping id="Tampa_Paint" node="0>1|0|0|0|6|3|0|0" />
        <i3dMapping id="Lona" node="0>1|0|0|0|2|1" />
        <i3dMapping id="LonaDobrada" node="0>1|0|0|0|2|2" />
						<!-- Badana  -->
		<i3dMapping id="Joint1_Esq" node="2>" />
		<i3dMapping id="Joint2_Esq" node="3>" />
		<i3dMapping id="Joint3_Esq" node="4>" />
		<i3dMapping id="Joint4_Esq" node="5>" />
		
		<!-- Mangueiras -->
		<i3dMapping id="hydraulicIn01" node="0>0|4|1|0" />
        <i3dMapping id="attachedCab" node="0>0|4|1|2" />
        <i3dMapping id="dettachedCab" node="0>0|4|1|1" />
        <i3dMapping id="hydraulicIn02" node="0>0|4|2|0" />
        <i3dMapping id="attachedCab2" node="0>0|4|2|2" />
        <i3dMapping id="dettachedCab2" node="0>0|4|2|1" />
        <i3dMapping id="electricIn" node="0>0|4|0|0" />
        <i3dMapping id="Tampinha" node="0>0|4|0|1" />
        <i3dMapping id="hydraulicIn" node="0>0|4|3|0" />
        <i3dMapping id="hydraulictampa" node="0>0|4|3|1" />		
        <i3dMapping id="hydraulic01_in" node="0>0|11|1|0|0" />
        <i3dMapping id="hydraulic01_out" node="0>0|11|1|2|0" />
        <i3dMapping id="hydraulic04_in" node="0>0|11|1|3|0" />
        <i3dMapping id="electric_in" node="0>0|11|1|1|0" />
		
		<!-- LightsStatic -->
        <i3dMapping id="SetaEsq" node="0>0|2|0|0" />
        <i3dMapping id="SetaDir" node="0>0|2|0|1" />
        <i3dMapping id="Re" node="0>0|2|0|2" />
        <i3dMapping id="Luz" node="0>0|2|0|3" />
        <i3dMapping id="Freio" node="0>0|2|0|4" />
        <i3dMapping id="Marias1" node="0>1|0|4|4|0|1" />
        <i3dMapping id="Marias2" node="0>1|0|4|4|1|1" />
        <i3dMapping id="Marias3" node="0>1|0|4|4|2|1" />
        <i3dMapping id="Marias4" node="0>1|0|4|4|3|1" />
        <i3dMapping id="Marias5" node="0>1|0|4|4|4|1" />
		<!-- Lights -->
		<i3dMapping id="LuzStatic" node="0>0|5|0|0" />
		<i3dMapping id="FreioStatic" node="0>0|5|0|1" />
		<i3dMapping id="reStatic" node="0>0|5|0|2" />
		<i3dMapping id="SetaDirStatic" node="0>0|5|0|3" />
		<i3dMapping id="SetaEsqStatic" node="0>0|5|0|4" />
		<!-- SistemTampa -->
		<i3dMapping id="TampaRef" node="0>0|9|0" />
		<i3dMapping id="PistaoRef" node="0>1|0|0|0|4" />
		<i3dMapping id="Bascula" node="0>1|0|0|0" />
		<i3dMapping id="Pistao" node="0>0|0|0|0" />
		<i3dMapping id="Pistao1" node="0>0|0|0|0|0|0" />
		<i3dMapping id="Pistao2" node="0>0|0|0|0|0|0|0" />
		<i3dMapping id="Pistao3" node="0>0|0|0|0|0|0|0|0" />
		<i3dMapping id="Pistao4" node="0>0|0|0|0|0|0|0|0|0" />
		<i3dMapping id="MovingCambao" node="0>1|0|0|0|6|0|0" />
		<i3dMapping id="MovingCambaoRef" node="0>1|0|0|0|6|1" />
		<i3dMapping id="Trava" node="0>1|0|0|0|6|2|0" />
		<i3dMapping id="Granpo" node="0>1|0|0|0|6|3|0" />
		<!-- FillVolume  -->		

        <i3dMapping id="exactFillRootNode" node="0>1|0|0|0|5|0|0" />
        <i3dMapping id="fillVolume" node="0>1|0|0|0|5|0|1" />
        <i3dMapping id="fillAutoAimTargetNode" node="0>1|0|0|0|5|0|2" />
        <i3dMapping id="fillVolumeUnloadInfo" node="0>1|0|0|0|5|0|3" />
        <i3dMapping id="heightNode01" node="0>1|0|0|0|5|0|4" />
        <i3dMapping id="heightNode02" node="0>1|0|0|0|5|0|5" />
        <i3dMapping id="deformerScaleNodeBack" node="0>1|0|0|0|5|0|6|0" />
        <i3dMapping id="fillVolumeDeformNode01" node="0>1|0|0|0|5|0|6|0|0" />
        <i3dMapping id="fillVolumeDeformNode02" node="0>1|0|0|0|5|0|6|0|1" />
        <i3dMapping id="fillVolumeDeformNode03" node="0>1|0|0|0|5|0|6|0|2" />
        <i3dMapping id="fillVolumeDeformNode04" node="0>1|0|0|0|5|0|6|0|3" />

        <i3dMapping id="effects" node="0>1|0|0|0|5|1" />
        <i3dMapping id="grainNormRot" node="0>1|0|0|0|5|1|0" />
        <i3dMapping id="grainNorm" node="0>1|0|0|0|5|1|0|0" />
        <i3dMapping id="smokeNorm" node="0>1|0|0|0|5|1|1" />
        <i3dMapping id="particleNode" node="0>1|0|0|0|5|3" />
        <i3dMapping id="particleEmitter" node="0>1|0|0|0|5|3|0" />
		
		<i3dMapping id="dischargeNodeBack" node="0>1|0|0|0|5|2|0" />
		<!-- Whels  -->
		<i3dMapping id="wheelFrontLeft" node="0>0|10|4|0" />
        <i3dMapping id="wheelFrontRight" node="0>0|10|4|1" />
        <i3dMapping id="wheelMiddleLeft" node="0>0|10|0" />
        <i3dMapping id="wheelMiddleRight" node="0>0|10|1" />
        <i3dMapping id="wheelBackLeft" node="0>0|10|5|0" />
        <i3dMapping id="wheelBackRight" node="0>0|10|5|1" />
        <i3dMapping id="Step1" node="0>0|12|0" />
        <i3dMapping id="Step2" node="0>0|12|1" />
        <i3dMapping id="Front" node="0>0|10|4" />
        <i3dMapping id="Back" node="0>0|10|5	" />
    </i3dMappings>
</vehicle>
