﻿<?xml version="1.0" encoding="utf-8" standalone="no" ?>
<modDesc descVersion="63">
    <author>Erik Isac, Agro Mods, Lucas Santana</author>
    <version>1.0.0.0</version>

<title>
<en>Randon Dumper</en>
<de>Randon Kipper</de>
<fr>Benne Randon</fr>
<br>Randon Basculante</br>
</title>

	    <multiplayer supported="true" />
	<description>
<en><![CDATA[Randon Tipper, the Amazing Randon available in Farming Simulator 22!
Have fun!

Capacity: 60,000 l
Price: €75000
]]>
</en>
<de><![CDATA[Der großartige Randon Kipper, nun auch im Landwirtschafts Simulator 22.
Viel Spaß!

Kapazität: 60000 l
Preis: 75000 €
]]>
</de>
<fr><![CDATA[Randon Tipper, The Amazing Randon disponible dans Farming Simulator 22 !
S'amuser!

Capacité : 60 000 l
Prix ​​: 75000 €
]]>
</fr>
<br><![CDATA[Basculante Randon, A Incrível Randon disponivel no Farming Simulator 22!
Se divirta!

Capacidade: 60.000 l
Preço: 75000 €
]]>
</br>
</description>


<l10n>
<text name="configuration_Curto">
<en>Short mudguard</en>
<de>Kurzer Schmutzfänger</de>
<fr>Lameiro court</fr>
<br>Lameiro Curto</br>
</text>
<text name="configuration_Longo">
<en>Long mudguard</en>
<de>Langer Schmutzfänger</de>
<fr>Long Lameiro</fr>
<br>Lameiro Longo</br>
</text>
<text name="configuration_calota">
<en>Hubcaps</en>
<de>Radkappen</de>
<fr>Enjoliveurs</fr>
<br>Calotas</br>
</text>
<text name="configuration_Arquear">
<en>Arching</en>
<de>Wölbung</de>
<fr>Cambrure</fr>
<br>Arqueamento</br>
</text>
<text name="configuration_DesignRoda">
<en>Wheel Design</en>
<de>Raddesign</de>
<fr>Conception de roue</fr>
<br>Design da Roda</br>
</text>

<text name="configuration_americanas">
<en>American</en>
<de>Amerikanisch</de>
<fr>Américain</fr>
<br>Americana</br>
</text>
<text name="configuration_brasil">
<en>Brazilian</en>
<de>Brasilianisch</de>
<fr>Brésilien</fr>
<br>Brasileira</br>
</text>

<text name="configuration_foguin">
<en>Decoration lanterns</en>
<de>Deko Zusatzbeleuchtung</de>
<fr>Lanternes de décoration</fr>
<br>Foguinho</br>
</text>
<text name="configuration_rodoar">
<en>Hubcaps + air</en>
<de>Radkappen + Luft</de>
<fr>enjoliveurs + air</fr>
<br>Calotas + Rodoar</br>
</text>
<text name="name_RandonDumper">
<en>Dumper</en>
<de>Kipper</de>
<fr>Benne</fr>
<br>Basculante</br>
</text>
<text name="EixoElevar">
<en>Lifting lift axle</en>
<de>Liftachse heben</de>
<fr>Axe haut</fr>
<br>Subir Eixo</br>
</text>
<text name="EixoBaixar">
<en>Lower lift axle</en>
<de>Liftachse senken</de>
<fr>Télécharger Axis</fr>
<br>Baixar Eixo</br>
</text>
<text name="RedColor1">
<en>Red</en> <de>Rot</de> <fr>Rouge</fr> <br>Vermelho</br>
</text>
<text name="Red2Color1">
<en>Red 2</en> <de>Rot 2</de> <fr>Rouge 2</fr> <br>Vermelho 2</br>
</text>
<text name="BlueColor1">
<en>Red</en> <de>Rot</de> <fr>Bleu</fr> <br>Azul</br>
</text>
<text name="Blue2Color1">
<en>Blue 2</en> <de>Blau 2</de> <fr>Bleu 2</fr> <br>Azul 2</br>
</text>
<text name="GreenColor1">
<en>Green</en> <de>Grün</de> <fr>Vert</fr> <br>Verde</br>
</text>
<text name="OrangeColor1">
<en>Orange</en> <br>Laranja</br>
</text>
<text name="YellowColor1">
<en>Yellow</en> <de>Gelb</de> <fr>Jaune</fr> <br>Amarelo</br>
</text>
<text name="WhiteColor1">
<en>White</en> <de>Weiß</de> <fr>Blanche</fr> <br>Branco</br>
</text>
</l10n>
		
		
    <iconFilename>Icon.dds</iconFilename>
    <storeItems>
        <storeItem xmlFilename="Basculante.xml"/>
    </storeItems>
</modDesc>
