<?xml version="1.0" encoding="utf-8" standalone="no" ?>
<modDesc descVersion="61">
	<title>
		<en>Implement Wear Info Hud</en>
		<de>Werkzeugverschleiß Info Hud</de>
	</title>
	<description>
		<en><![CDATA[A small hud displaying the condition, damage and paint condition of the currently controlled vehicle and its attached implements/tools. Multiplayer supported.

The goal of this mod is to make it easier to keep an eye on the wear and condition of your tools by not having to scroll through the owned vehicles list every time.
The hud shows the name, the 'short-term condition', and the 'long-term damage' of the current vehicle and each of the implements/tools attached.
- The condition of a vehicle is what is also displayed at the top right of the speedometer. In the vanilla game this is only displayed for the vehicle itself or the currently selected implement, but not all at the same time. The wear is only short-term, since it can be fully repaired at the shop.
- The damage of a vehicle is not displayed anywhere, and actually impacts the performance of a vehicle or tool by lowering its horsepower and/or working speed. The damage is now even more important, since discounted vehicles and implements come with a certain level of damage, while brand new vehicles do not. You will be warned when this value drops below a certain percentage.

Vehicles and implements whose condition does not affect the performance yet (condition = 100%) are shown in white. When the condition reaches a level where it affects the performance (condition < 100%) it is shown in orange. Once the wear reaches a point where performance is heavily affected (condition < 50%), it is shown in red.
All three colours and both warning levels are configurable in the settings XML file.

A settings XML file will be created after loading a save with the mod for the first time. These settings are global across all saves.
Settings that can be changed include: Warning level, text colour and size, hud position, and more...

Default Controls: 
- left ctrl + keypad 8 : Switch between display modes (only condition, condition and damage, etc)
- left ctrl + keypad 2 : Reload settings from the XML settings file

Note:
- Some updates might reset your saved settings]]></en>
		<de><![CDATA[Eine kleines HUD, welches den Zustand, den Schaden und den Lackzustand des aktuell geführten Fahrzeugs und seiner angehängten Geräte/Werkzeuge anzeigt. Multiplayer-Unterstützung.

Das Ziel dieses Mods ist es, den Verschleiß und Zustand Ihrer Werkzeuge einfacher im Auge zu behalten, indem Sie nicht jedes Mal durch die Liste der eigenen Fahrzeuge scrollen müssen.
Das Hud zeigt den Namen, den "Kurzzeitzustand" und den "Langzeitschaden" des aktuellen Fahrzeugs und jedes der angebauten Geräte/Werkzeuge an.
- Der Zustand eines Fahrzeugs wird auch oben rechts im Tacho angezeigt. Im Vanilla-Spiel wird dies nur für das Fahrzeug selbst oder das aktuell ausgewählte Arbeitsgerät angezeigt, aber nicht für alle gleichzeitig. Der Verschleiß ist nur kurzfristig, da er im Shop komplett repariert werden kann.
- Der Schaden eines Fahrzeugs wird nirgendwo angezeigt und beeinträchtigt tatsächlich die Leistung eines Fahrzeugs oder Werkzeugs, indem seine Leistung und/oder Arbeitsgeschwindigkeit verringert wird. Der Schaden ist jetzt noch wichtiger, da rabattierte Fahrzeuge und Geräte einen gewissen Schaden haben, brandneue Fahrzeuge jedoch nicht. Sie werden gewarnt, wenn dieser Wert unter einen bestimmten Prozentsatz fällt.

Fahrzeuge und Geräte, deren Zustand die Leistung noch nicht beeinflusst (Zustand = 100%) werden weiß dargestellt. Wenn der Zustand ein Niveau erreicht, das die Leistung beeinträchtigt (Zustand < 100%), wird es orange angezeigt. Sobald der Verschleiß einen Punkt erreicht, an dem die Leistung stark beeinträchtigt ist (Zustand < 50%), wird er rot angezeigt.
Alle drei Farben und beide Warnstufen sind in der XML-Einstellungsdatei konfigurierbar.

Nach dem erstmaligen Laden eines Speicherstandes mit der Mod wird eine Einstellungs-XML-Datei erstellt. Diese Einstellungen gelten global für alle Spielstände.
Zu den Einstellungen, die geändert werden können, gehören: Warnstufe, Textfarbe und -größe, HUD-Position und mehr...

Standard-Steuerelemente:
- linke Strg + Tastatur 8 : Umschalten zwischen Anzeigemodi (nur Zustand, Zustand und Beschädigung usw.)
- linke Strg + Tastatur 2 : Einstellungen aus der XML-Einstellungsdatei neu laden

Notiz:
- Einige Updates setzen Ihre gespeicherten Einstellungen möglicherweise zurück]]></de>
	</description>
	<author>SvenP</author>
	<version>1.0.0.0</version>
	<iconFilename>icon_implementWear.dds</iconFilename>
	<multiplayer supported="true"/>
	<extraSourceFiles>
		<sourceFile filename="implementWear.lua" />
	</extraSourceFiles>
	<l10n>
		<text name="input_IW_debug_print_stats">
			<de><![CDATA[IW HUD: Aktuelles Fahrzeug debuggen]]></de>
			<en><![CDATA[IW HUD: Debug current vehicle]]></en>
		</text>
		<text name="input_IW_switch_display_mode">
			<de><![CDATA[IW HUD: Darstellung umschalten]]></de>
			<en><![CDATA[IW HUD: Switch display mode]]></en>
		</text>
		<text name="input_IW_reload_settings">
			<de><![CDATA[IW HUD: XML Einstellungen neu laden]]></de>
			<en><![CDATA[IW HUD: Reload settings from XML]]></en>
		</text>
	</l10n>
	<actions>
		<action name="IW_debug_print_stats" category="SYSTEM" axisType="HALF" ignoreComboMask="false"/>
		<action name="IW_switch_display_mode" category="SYSTEM" axisType="HALF" ignoreComboMask="false"/>
		<action name="IW_reload_settings" category="SYSTEM" axisType="HALF" ignoreComboMask="false"/>
    </actions>
    <inputBinding>
        <actionBinding action="IW_debug_print_stats" >
            <binding device="KB_MOUSE_DEFAULT" input="" />
        </actionBinding>
        <actionBinding action="IW_switch_display_mode" >
            <binding device="KB_MOUSE_DEFAULT" input="KEY_lctrl KEY_KP_8" />
        </actionBinding>
        <actionBinding action="IW_reload_settings" >
            <binding device="KB_MOUSE_DEFAULT" input="KEY_lctrl KEY_KP_2" />
        </actionBinding>
    </inputBinding>
</modDesc>