<?xml version="1.0" encoding="utf-8" standalone="no" ?>
<vehicle type="treeSaplingPallet" xmlns:xsi="http://www.w3.org/2001/XMLSchema-instance" xsi:noNamespaceSchemaLocation="../../../../shared/xml/schema/vehicle.xsd">
    <annotation>Copyright (C) GIANTS Software GmbH, All Rights Reserved.</annotation>

    <storeData>
        <name>$l10n_fillType_treeSaplings</name>
        <functions>
            <function>$l10n_function_saplingPallet</function>
        </functions>
        <specs>
            <capacity unitTextOverride="$l10n_unit_pieces">20</capacity>
            <fillTypes>treeSaplings</fillTypes>
            <weight ignore="true"/>
        </specs>
        <image>$data/objects/pallets/treeSaplingPallet/store_pallet_saplings.png</image>
        <price>1000</price>
        <allowLeasing>false</allowLeasing>
        <canBeSold>false</canBeSold>
        <rotation>0</rotation>
        <brand>LIZARD</brand>
        <category>pallets</category>
        <financeCategory>PURCHASE_SAPLINGS</financeCategory>
        <shopHeight>2.5</shopHeight>
        <vertexBufferMemoryUsage>52736</vertexBufferMemoryUsage>
        <indexBufferMemoryUsage>6912</indexBufferMemoryUsage>
        <textureMemoryUsage>1245184</textureMemoryUsage>
        <instanceVertexBufferMemoryUsage>0</instanceVertexBufferMemoryUsage>
        <instanceIndexBufferMemoryUsage>0</instanceIndexBufferMemoryUsage>

        <storeIconRendering>
            <settings cameraXRot="-15" cameraYRot="35" />
        </storeIconRendering>
        <audioMemoryUsage>0</audioMemoryUsage>
    </storeData>

    <base>
        <filename>sapling/treeSaplingPallet.i3d</filename>
        <size width="1.6" length="1.2" height="2.7"/>
        <canBeReset>false</canBeReset>
        <supportsPickUp>true</supportsPickUp>
        <input allowed="false"/>
        <components maxMass="850">
            <component centerOfMass="0 0.1 0" solverIterationCount="10" mass="280" />
        </components>
        <showInVehicleMenu>false</showInVehicleMenu>
        <mapHotspot available="false" />
    </base>

    <treeSaplingPallet>
        <treeSaplingTypeConfigurations>
            <treeSaplingTypeConfiguration treeType="spruce1" name="$l10n_treeType_spruce">
				<objectChange node="ttspruce" visibilityActive="true"/>
			</treeSaplingTypeConfiguration>
            <treeSaplingTypeConfiguration treeType="pine" name="$l10n_treeType_pine">
				<objectChange node="ttpine" visibilityActive="true" visibilityInactive="false"/>
			</treeSaplingTypeConfiguration>
            <treeSaplingTypeConfiguration treeType="stonePine" name="$l10n_treeType_stonePine">
				<objectChange node="ttstonepine" visibilityActive="true" visibilityInactive="false"/>
			</treeSaplingTypeConfiguration>
            <treeSaplingTypeConfiguration treeType="birch" name="$l10n_treeType_birch">
				<objectChange node="ttbirch" visibilityActive="true" visibilityInactive="false"/>
			</treeSaplingTypeConfiguration>
            <treeSaplingTypeConfiguration treeType="oak" name="$l10n_treeType_oak">
				<objectChange node="ttoak" visibilityActive="true" visibilityInactive="false"/>
			</treeSaplingTypeConfiguration>
            <treeSaplingTypeConfiguration treeType="willow1" name="$l10n_treeType_willow">
				<objectChange node="ttwillow" visibilityActive="true" visibilityInactive="false"/>
			</treeSaplingTypeConfiguration>
            <treeSaplingTypeConfiguration treeType="maple" name="$l10n_treeType_maple">
				<objectChange node="ttmaple" visibilityActive="true" visibilityInactive="false"/>
			</treeSaplingTypeConfiguration>
            <treeSaplingTypeConfiguration treeType="pagodaDogwood" name="$l10n_treeType_pagodaDogwood">
				<objectChange node="ttdogwood" visibilityActive="true" visibilityInactive="false"/>
			</treeSaplingTypeConfiguration>
            <treeSaplingTypeConfiguration treeType="shagbarkHickory" name="$l10n_treeType_shagbarkHickory">
				<objectChange node="tthickory" visibilityActive="true" visibilityInactive="false"/>
			</treeSaplingTypeConfiguration>
            <treeSaplingTypeConfiguration treeType="americanElm" name="$l10n_treeType_americanElm">
				<objectChange node="ttelm" visibilityActive="true" visibilityInactive="false"/>
			</treeSaplingTypeConfiguration>
            <treeSaplingTypeConfiguration treeType="cypress" name="$l10n_treeType_cypress">
				<objectChange node="ttcypress" visibilityActive="true" visibilityInactive="false"/>
			</treeSaplingTypeConfiguration>
            <treeSaplingTypeConfiguration treeType="downyServiceberry" name="$l10n_treeType_downyServiceberry">
				<objectChange node="ttserviceberry" visibilityActive="true" visibilityInactive="false"/>
			</treeSaplingTypeConfiguration>
        </treeSaplingTypeConfigurations>

        <saplingNodes>
            <saplingNode node="sapling01"/>
            <saplingNode node="sapling02"/>
            <saplingNode node="sapling03"/>
            <saplingNode node="sapling04"/>
            <saplingNode node="sapling05"/>
            <saplingNode node="sapling06"/>
            <saplingNode node="sapling07"/>
            <saplingNode node="sapling08"/>
            <saplingNode node="sapling09"/>
            <saplingNode node="sapling10"/>
            <saplingNode node="sapling11"/>
            <saplingNode node="sapling12"/>
            <saplingNode node="sapling13"/>
            <saplingNode node="sapling14"/>
            <saplingNode node="sapling15"/>
            <saplingNode node="sapling16"/>
            <saplingNode node="sapling17"/>
            <saplingNode node="sapling18"/>
            <saplingNode node="sapling19"/>
            <saplingNode node="sapling20"/>
        </saplingNodes>
    </treeSaplingPallet>

    <fillUnit>
        <fillUnitConfigurations title="Inhalt">
            <fillUnitConfiguration name="20 Setzlinge">
                <fillUnits removeVehicleIfEmpty="true">
                    <fillUnit unitTextOverride="$l10n_unit_literShort" fillTypes="TREESAPLINGS" capacity="20" startFillType="TREESAPLINGS" startFillLevel="20" ignoreFillLimit="true">
                        <exactFillRootNode node="exactFillRootNode" />
                    </fillUnit>
                </fillUnits>
            </fillUnitConfiguration>
            <fillUnitConfiguration name="40 Setzlinge" price="1000">
                <fillUnits removeVehicleIfEmpty="true">
                    <fillUnit unitTextOverride="$l10n_unit_literShort" fillTypes="TREESAPLINGS" capacity="40" startFillType="TREESAPLINGS" startFillLevel="40" ignoreFillLimit="true">
                        <exactFillRootNode node="exactFillRootNode" />
                    </fillUnit>
                </fillUnits>
            </fillUnitConfiguration>
            <fillUnitConfiguration name="60 Setzlinge"price="2000">
                <fillUnits removeVehicleIfEmpty="true">
                    <fillUnit unitTextOverride="$l10n_unit_literShort" fillTypes="TREESAPLINGS" capacity="60" startFillType="TREESAPLINGS" startFillLevel="60" ignoreFillLimit="true">
                        <exactFillRootNode node="exactFillRootNode" />
                    </fillUnit>
                </fillUnits>
            </fillUnitConfiguration>
            <fillUnitConfiguration name="80 Setzlinge" price="3000">
                <fillUnits removeVehicleIfEmpty="true">
                    <fillUnit unitTextOverride="$l10n_unit_literShort" fillTypes="TREESAPLINGS" capacity="80" startFillType="TREESAPLINGS" startFillLevel="80" ignoreFillLimit="true">
                        <exactFillRootNode node="exactFillRootNode" />
                    </fillUnit>
                </fillUnits>
            </fillUnitConfiguration>
            <fillUnitConfiguration name="100 Setzlinge" price="4000">
                <fillUnits removeVehicleIfEmpty="true">
                    <fillUnit unitTextOverride="$l10n_unit_literShort" fillTypes="TREESAPLINGS" capacity="100" startFillType="TREESAPLINGS" startFillLevel="100" ignoreFillLimit="true">
                        <exactFillRootNode node="exactFillRootNode" />
                    </fillUnit>
                </fillUnits>
            </fillUnitConfiguration>
        </fillUnitConfigurations>
    </fillUnit>

    <dischargeable requiresTipOcclusionArea="false" />

    <dynamicMount triggerNode="dynamicMountTrigger" triggerForceAcceleration="6" jointTransY="0.11" jointLimitToRotY="true"/>

    <tensionBeltObject>
        <meshNodes>
            <meshNode node="pallet_vis"/>
            <meshNode node="tensionBeltShape"/>
        </meshNodes>
    </tensionBeltObject>

    <i3dMappings>
        <i3dMapping id="treeSaplingPallet_component1" node="0>" />
        <i3dMapping id="pallet_vis" node="0>0" />
        <i3dMapping id="dynamicMountTrigger" node="0>0|0" />
        <i3dMapping id="treeSaplingsBox" node="0>0|1" />
        <i3dMapping id="tensionBeltShape" node="0>0|1|0" />
        <i3dMapping id="sapling01" node="0>0|1|1|0" />
        <i3dMapping id="sapling02" node="0>0|1|1|1" />
        <i3dMapping id="sapling03" node="0>0|1|1|2" />
        <i3dMapping id="sapling04" node="0>0|1|1|3" />
        <i3dMapping id="sapling05" node="0>0|1|1|4" />
        <i3dMapping id="sapling06" node="0>0|1|1|5" />
        <i3dMapping id="sapling07" node="0>0|1|1|6" />
        <i3dMapping id="sapling08" node="0>0|1|1|7" />
        <i3dMapping id="sapling09" node="0>0|1|1|8" />
        <i3dMapping id="sapling10" node="0>0|1|1|9" />
        <i3dMapping id="sapling11" node="0>0|1|1|10" />
        <i3dMapping id="sapling12" node="0>0|1|1|11" />
        <i3dMapping id="sapling13" node="0>0|1|1|12" />
        <i3dMapping id="sapling14" node="0>0|1|1|13" />
        <i3dMapping id="sapling15" node="0>0|1|1|14" />
        <i3dMapping id="sapling16" node="0>0|1|1|15" />
        <i3dMapping id="sapling17" node="0>0|1|1|16" />
        <i3dMapping id="sapling18" node="0>0|1|1|17" />
        <i3dMapping id="sapling19" node="0>0|1|1|18" />
        <i3dMapping id="sapling20" node="0>0|1|1|19" />
        <i3dMapping id="ttspruce" node="0>0|4|0" />
        <i3dMapping id="ttpine" node="0>0|4|1" />
        <i3dMapping id="ttbirch" node="0>0|4|2" />
        <i3dMapping id="ttoak" node="0>0|4|3" />
        <i3dMapping id="ttwillow" node="0>0|4|4" />
        <i3dMapping id="ttmaple" node="0>0|4|5" />
        <i3dMapping id="ttdogwood" node="0>0|4|6" />
        <i3dMapping id="tthickory" node="0>0|4|7" />
        <i3dMapping id="ttelm" node="0>0|4|8" />
        <i3dMapping id="ttcypress" node="0>0|4|9" />
        <i3dMapping id="ttstonepine" node="0>0|4|10" />
        <i3dMapping id="ttserviceberry" node="0>0|4|11" />
        <i3dMapping id="exactFillRootNode" node="0>0|2" />
    </i3dMappings>
</vehicle>
