﻿<?xml version="1.0" encoding="utf-8" standalone="no"?>
<modDesc descVersion="63">
    <author>Scania_Power und meistro, English edit by Knottypine and updated for FS22</author>
    <version>2.0.0.0</version>
    <title>
        <en>Liquid Semi-Trailer</en>
        <de>Flüssig Auflieger</de>
    </title>
    <description>
        <en>
            <![CDATA[Liquid semi-trailer

Available in three capacities:
- 28000 L
- 32000 L
- 50000 L

Two selectable fill types:
- Water
- Milk

Choice of English or German.
Two wheel configurations.
]]>
        </en>
        <de>
            <![CDATA[Flüssig Auflieger

Erhältlich in drei Kapazitäten:
- 28000 L
- 32000 L
- 50000 L

Zwei wählbare Füllarten:
- Wasser
- Milch

Wahlweise Englisch oder Deutsch
Zwei Radkonfigurationen.
]]>
        </de>
    </description>
	
    <iconFilename>modIcon.png</iconFilename>
    <multiplayer supported="true"/>
	
    <storeItems>
        <storeItem xmlFilename="Wassertrailer.xml" rootNode="vehicle"/>
    </storeItems>
	
    <brands>
        <brand name="SCHMITZ" title="schmitz" image="Store/schmitz.png"/>
    </brands>
	
	<l10n>
		<text name="shopItem_liquidTrailer">
			<en>Liquid Semi-Trailer</en>
			<de>Flüssig Auflieger</de>
		</text>
		<text name="function_liquidTrailer">
			<en>Transport water or milk in three selectable capacities to or from your farm.</en>
			<de>Transportieren Sie Wasser oder Milch in drei wählbaren Kapazitäten zu oder von Ihrem Betrieb.</de>
		</text>
	</l10n>
	
</modDesc>