﻿<?xml version="1.0" encoding="utf-8" standalone="no" ?>
<vehicle type="waterTrailer">
    <annotation>Copyright (C) GIANTS Software GmbH, All Rights Reserved. English edit by Knottypine and updated for FS22</annotation>

    <storeData>
        <name>$l10n_shopItem_liquidTrailer</name>
        <functions>
            <function>$l10n_function_liquidTrailer</function>
        </functions>
        <image>Store/store.png</image>
        <price>68000</price>
        <lifetime>6000</lifetime>
        <rotation>0</rotation>
        <brand>SCHMITZ</brand>
        <category>animals</category>
        <shopTranslationOffset>0 0 0</shopTranslationOffset>
        <shopRotationOffset>0 0 0</shopRotationOffset>
        <vertexBufferMemoryUsage>1878864</vertexBufferMemoryUsage>
        <indexBufferMemoryUsage>342060</indexBufferMemoryUsage>
        <textureMemoryUsage>11534576</textureMemoryUsage>
        <instanceVertexBufferMemoryUsage>0</instanceVertexBufferMemoryUsage>
        <instanceIndexBufferMemoryUsage>0</instanceIndexBufferMemoryUsage>
    </storeData>

    <base>
        <typeDesc>$l10n_typeDesc_trailer</typeDesc>
        <filename>Wassertrailer.i3d</filename>
        <size width="3.5" length="12"/>
        <components>
            <component centerOfMass="0 0.6 0"  solverIterationCount="10" mass="6200"/>
        </components>
        <schemaOverlay attacherJointPosition="0 0" name="IMPLEMENT"/>
    </base>

    <wheels>
        <wheelConfigurations>
          <wheelConfiguration name="$l10n_configuration_valueDefault" price="0" brand="Continental">
                <wheels>
                    <wheel filename="$data/shared/wheels/tires/continental/contiCrossTracHS3/385_65R22_5.xml" configId="truckTrailer02" isLeft="true" hasTireTracks="true" hasParticles="true" >
                        <physics tipOcclusionAreaGroupId="1" rotSpeed="0"  restLoad="1.1" repr="wheelFrontLeft"   forcePointRatio="0.5" initialCompression="10" suspTravel="0.12" spring="73" damper="75" frictionScale="1.8" yOffset="-0.026" />
						<wheelChock parkingNode="wheelChock02" />
                        <wheelChock parkingNode="wheelChock03" isInverted="true" />
                    </wheel>
                    <wheel filename="$data/shared/wheels/tires/continental/contiCrossTracHS3/385_65R22_5.xml" configId="truckTrailer02" isLeft="false" hasTireTracks="true" hasParticles="true" >
                        <physics tipOcclusionAreaGroupId="1" rotSpeed="0"  restLoad="1.1" repr="wheelFrontRight"  forcePointRatio="0.5" initialCompression="10" suspTravel="0.12" spring="73" damper="75" frictionScale="1.8" yOffset="-0.026" />
                    </wheel>
                    <wheel filename="$data/shared/wheels/tires/continental/contiCrossTracHS3/385_65R22_5.xml" configId="truckTrailer02" isLeft="true" hasTireTracks="true" hasParticles="true" >
                        <physics tipOcclusionAreaGroupId="1" rotSpeed="0"  restLoad="1.1" repr="wheelMiddleLeft"  forcePointRatio="0.5" initialCompression="10" suspTravel="0.12" spring="73" damper="75" frictionScale="1.9" yOffset="-0.013" />
                    </wheel>
                    <wheel filename="$data/shared/wheels/tires/continental/contiCrossTracHS3/385_65R22_5.xml" configId="truckTrailer02" isLeft="false" hasTireTracks="true" hasParticles="true" >
                        <physics tipOcclusionAreaGroupId="1" rotSpeed="0"  restLoad="1.1" repr="wheelMiddleRight" forcePointRatio="0.5" initialCompression="10" suspTravel="0.12" spring="73" damper="75" frictionScale="1.9" yOffset="-0.013" />
                    </wheel>
                    <wheel filename="$data/shared/wheels/tires/continental/contiCrossTracHS3/385_65R22_5.xml" configId="truckTrailer02" isLeft="true" hasTireTracks="true" hasParticles="true" >
                        <physics tipOcclusionAreaGroupId="1" rotSpeed="0"  restLoad="1.1" repr="wheelBackLeft"    forcePointRatio="0.5" initialCompression="10" suspTravel="0.12" spring="73" damper="75" frictionScale="2" />
                    </wheel>
                    <wheel filename="$data/shared/wheels/tires/continental/contiCrossTracHS3/385_65R22_5.xml" configId="truckTrailer02" isLeft="false" hasTireTracks="true" hasParticles="true" >
                        <physics tipOcclusionAreaGroupId="1" rotSpeed="0"  restLoad="1.1" repr="wheelBackRight"   forcePointRatio="0.5" initialCompression="10" suspTravel="0.12" spring="73" damper="75" frictionScale="2" />
                    </wheel>
                </wheels>
            </wheelConfiguration>
			<!-- added wheel config -->
			<wheelConfiguration name="$l10n_configuration_valueDefault" price="600" brand="NOKIAN">
                <wheels>
                    <wheel filename="wheels/340_80R24.xml" configId="truck2" isLeft="true" hasTireTracks="true" hasParticles="true" >
                        <physics tipOcclusionAreaGroupId="1" rotSpeed="0"  restLoad="0.8" repr="wheelFrontLeft"   forcePointRatio="0.5" initialCompression="38" suspTravel="0.1" spring="34" damper="30" frictionScale="2" />
						<wheelChock parkingNode="wheelChock02" />
                        <wheelChock parkingNode="wheelChock03" isInverted="true" />
                        <steeringAxle scale="0.2" rotMax="10" rotMin="-10" />
                    </wheel>
                    <wheel filename="wheels/340_80R24.xml" configId="truck2" isLeft="false" hasTireTracks="true" hasParticles="true" >
                        <physics tipOcclusionAreaGroupId="1" rotSpeed="0"  restLoad="0.8" repr="wheelFrontRight"  forcePointRatio="0.5" initialCompression="38" suspTravel="0.1" spring="34" damper="30" frictionScale="2" />
                        <steeringAxle scale="0.2" rotMax="10" rotMin="-10" />
                    </wheel>
                    <wheel filename="wheels/340_80R24.xml" configId="truck2" isLeft="true" hasTireTracks="true" hasParticles="true" >
                        <physics tipOcclusionAreaGroupId="1" rotSpeed="0"  restLoad="0.8" repr="wheelMiddleLeft"  forcePointRatio="0.5" initialCompression="28" suspTravel="0.1" spring="34" damper="30" frictionScale="2" />
                    </wheel>
                    <wheel filename="wheels/340_80R24.xml" configId="truck2" isLeft="false" hasTireTracks="true" hasParticles="true" >
                        <physics tipOcclusionAreaGroupId="1" rotSpeed="0"  restLoad="0.8" repr="wheelMiddleRight" forcePointRatio="0.5" initialCompression="28" suspTravel="0.1" spring="34" damper="30" frictionScale="2" />
                    </wheel>
                    <wheel filename="wheels/340_80R24.xml" configId="truck2" isLeft="true" hasTireTracks="true" hasParticles="true" >
                        <physics tipOcclusionAreaGroupId="1" rotSpeed="0"  restLoad="0.8" repr="wheelBackLeft"    forcePointRatio="0.5" initialCompression="20" suspTravel="0.1" spring="34" damper="30" frictionScale="2" />
						<steeringAxle scale="-0.7" rotMax="10" rotMin="-10" />
                    </wheel>
                    <wheel filename="wheels/340_80R24.xml" configId="truck2" isLeft="false" hasTireTracks="true" hasParticles="true" >
                        <physics tipOcclusionAreaGroupId="1" rotSpeed="0"  restLoad="0.8" repr="wheelBackRight"   forcePointRatio="0.5" initialCompression="20" suspTravel="0.1" spring="34" damper="30" frictionScale="2" />
                        <steeringAxle scale="-0.7" rotMax="10" rotMin="-10" />
                    </wheel>
                </wheels>
            </wheelConfiguration>
			
        </wheelConfigurations>
    </wheels>

    <attachable>
        <inputAttacherJoints>
            <inputAttacherJoint node="attacherJoint" jointType="semitrailer" />
        </inputAttacherJoints>
        <steeringAxleAngleScale startSpeed="1" endSpeed="90" />
        <support animationName="moveSupport" />
        <brakeForce force="0.7" maxForce="2.5" maxForceMass="20500"/>
    </attachable>

	<licensePlates>
        <licensePlate node="licensePlateBack" position="BACK" preferedType="ELONGATED" placementArea="0.06 0.26 0.09 0.26"/>
    </licensePlates>

    <lights>
        <sharedLight linkNode="rear3ChamberLight_03_right01" filename="$data/shared/assets/lights/lizard/rearLight10_right.xml" />
        <sharedLight linkNode="rear3ChamberLight_03_right02" filename="$data/shared/assets/lights/lizard/rearLight10_right.xml" />
        <sharedLight linkNode="rear3ChamberLight_03_right03" filename="$data/shared/assets/lights/lizard/rearLight10_right.xml" />
        <sharedLight linkNode="rear3ChamberLight_03_right04" filename="$data/shared/assets/lights/lizard/rearLight10_right.xml" />
        <sharedLight linkNode="rear3ChamberLight_03_right05" filename="$data/shared/assets/lights/lizard/rearLight10_right.xml" />
        <sharedLight linkNode="rear3ChamberLight_03_right06" filename="$data/shared/assets/lights/lizard/rearLight10_right.xml" />
        <sharedLight linkNode="rear3ChamberLight_03_right07" filename="$data/shared/assets/lights/lizard/rearLight10_right.xml" />
        <sharedLight linkNode="rear3ChamberLight_03_right08" filename="$data/shared/assets/lights/lizard/rearLight10_right.xml" />		
	
        <sharedLight linkNode="rear3ChamberLight_03_left09" filename="$data/shared/assets/lights/lizard/rearLight10_left.xml" />
        <sharedLight linkNode="rear3ChamberLight_03_left10" filename="$data/shared/assets/lights/lizard/rearLight10_left.xml" />
        <sharedLight linkNode="rear3ChamberLight_03_left11" filename="$data/shared/assets/lights/lizard/rearLight10_left.xml" />
        <sharedLight linkNode="rear3ChamberLight_03_left12" filename="$data/shared/assets/lights/lizard/rearLight10_left.xml" />
        <sharedLight linkNode="rear3ChamberLight_03_left13" filename="$data/shared/assets/lights/lizard/rearLight10_left.xml" />
        <sharedLight linkNode="rear3ChamberLight_03_left14" filename="$data/shared/assets/lights/lizard/rearLight10_left.xml" />
        <sharedLight linkNode="rear3ChamberLight_03_left15" filename="$data/shared/assets/lights/lizard/rearLight10_left.xml" />
        <sharedLight linkNode="rear3ChamberLight_03_left16" filename="$data/shared/assets/lights/lizard/rearLight10_left.xml" />	

        <sharedLight linkNode="rearPlateNumberLight_01" filename="$data/shared/assets/lights/lizard/plateNumberLight01.xml" />
        <sharedLight linkNode="rearPlateNumberLight_02" filename="$data/shared/assets/lights/lizard/plateNumberLight01.xml" />	

        <sharedLight linkNode="redTriangle_01" filename="$data/shared/assets/reflectors/lizard/redTriangle_01.xml" />
        <sharedLight linkNode="redTriangle_02" filename="$data/shared/assets/reflectors/lizard/redTriangle_01.xml" />

		<sharedLight linkNode="sideMarker_16Orange1"  	   node="0" filename="$data/shared/assets/lights/lizard/sideMarker16Orange.xml"/>
		<sharedLight linkNode="sideMarker_16Orange2"  	   node="0" filename="$data/shared/assets/lights/lizard/sideMarker16Orange.xml"/>  
		<sharedLight linkNode="sideMarker_16Orange3"  	   node="0" filename="$data/shared/assets/lights/lizard/sideMarker16Orange.xml"/>  
		<sharedLight linkNode="sideMarker_16Orange4"  	   node="0" filename="$data/shared/assets/lights/lizard/sideMarker16Orange.xml"/>  
		<sharedLight linkNode="sideMarker_16Orange5"  	   node="0" filename="$data/shared/assets/lights/lizard/sideMarker16Orange.xml"/>  
		<sharedLight linkNode="sideMarker_16Orange6"  	   node="0" filename="$data/shared/assets/lights/lizard/sideMarker16Orange.xml"/>  
		<sharedLight linkNode="sideMarker_16Orange7"  	   node="0" filename="$data/shared/assets/lights/lizard/sideMarker16Orange.xml"/>  
		<sharedLight linkNode="sideMarker_16Orange8"  	   node="0" filename="$data/shared/assets/lights/lizard/sideMarker16Orange.xml"/> 	

		<sharedLight linkNode="sideMarker_02_left"  	   node="0" filename="$data/shared/assets/lights/lizard/sideMarker02_left.xml"/>  
		<sharedLight linkNode="sideMarker_02_right"  	   node="0" filename="$data/shared/assets/lights/lizard/sideMarker02_right.xml"/>		
		
        <realLights>
            <high>
                <light node="backLightsHigh1" lightTypes="0"/>
                <brakeLight node="backLightsHigh1"/>
                <turnLightLeft  node="turnLightLeftBack" />
                <turnLightRight node="turnLightRightBack" />
                <reverseLight node="reverseLight" />
                <light node="kennzeichen" lightTypes="0"/>				
            </high>
        </realLights>
		
        <reverseLights>
            <reverseLight shaderNode="reverselightStatic1"/>
            <reverseLight shaderNode="reverselightStatic2"/>			
        </reverseLights>		
		
    </lights>

    <animations>
        <animation name="moveSupport">
            <part node="support" startTime="0.0" endTime="0.15" startTrans="0 0.4 -0.142" endTrans="0 -0.18 -0.142" />
        </animation>
		<animation name="toggleCover">
			<part node="Befestigung2" 	startTime="0.0" endTime="0.2" startRot="0 -57.724 0" endRot="-88.83 -57.724 0" />
			<part node="Befestigung3" 	startTime="0.0" endTime="0.2" startRot="0 57.724 0" endRot="-96.914 57.724 0" />
            <part node="coverRight1" 	startTime="0.2" endTime="1.2" startRot="0 0 0" endRot="183 0 0" />
			
			<part node="Befestigung" 	startTime="1.2" endTime="1.5" startRot="0 -57.724 0" endRot="-88.83 -57.724 0" />
			<part node="Befestigung1" 	startTime="1.3" endTime="1.5" startRot="0 57.724 0" endRot="-96.914 57.724 0" />
			<part node="coverLeft1" 	startTime="1.5" endTime="2.5" startRot="0 0 0" endRot="183 0 0" />
			
			<part node="Befestigung4" 	startTime="2.5" endTime="2.7" startRot="0 -57.724 0" endRot="-88.83 -57.724 0" />
			<part node="Befestigung5" 	startTime="2.5" endTime="2.7" startRot="0 57.724 0" endRot="-96.914 57.724 0" />
			<part node="coverLeft2" 	startTime="2.7" endTime="3.7" startRot="0 0 0" endRot="183 0 0" />
			
        </animation>		
    </animations>

    <fillUnit>
        <fillUnitConfigurations>
            <fillUnitConfiguration name="Water Default">
                <fillUnits>
                    <fillUnit unitTextOverride="$l10n_unit_literShort" fillTypes="WATER" capacity="28000" allowAILoading="true">
                        <exactFillRootNode node="exactFillRootNode" />
					</fillUnit>
                </fillUnits>
				<objectChange node="tankM" visibilityActive="false" />
				<objectChange node="polySurfaceM" visibilityActive="false" />
				<objectChange node="tankM2" visibilityActive="false" />
				<objectChange node="polySurfaceM2" visibilityActive="false" />
            </fillUnitConfiguration>
			<fillUnitConfiguration name="Water Extension" price="2500">
                <fillUnits>
                    <fillUnit unitTextOverride="$l10n_unit_literShort" fillTypes="WATER" capacity="32000" allowAILoading="true">
                        <exactFillRootNode node="exactFillRootNode" />
					</fillUnit>
                </fillUnits>
				<objectChange node="tankM" visibilityActive="false" />
				<objectChange node="polySurfaceM" visibilityActive="false" />
				<objectChange node="tankM2" visibilityActive="false" />
				<objectChange node="polySurfaceM2" visibilityActive="false" />
            </fillUnitConfiguration>
			<fillUnitConfiguration name="Water Mega Extension" price="15000">
                <fillUnits>
                    <fillUnit unitTextOverride="$l10n_unit_literShort" fillTypes="WATER" capacity="50000" allowAILoading="true">
                        <exactFillRootNode node="exactFillRootNode" />
					</fillUnit>
                </fillUnits>
				<objectChange node="tankM" visibilityActive="false" />
				<objectChange node="polySurfaceM" visibilityActive="false" />
				<objectChange node="tankM2" visibilityActive="false" />
				<objectChange node="polySurfaceM2" visibilityActive="false" />
            </fillUnitConfiguration>
			<!-- Milk -->
			<fillUnitConfiguration name="Milk Default">
                <fillUnits>
                    <fillUnit unitTextOverride="$l10n_unit_literShort" fillTypes="MILK" capacity="28000" allowAILoading="true">
                        <exactFillRootNode node="exactFillRootNode" />
					</fillUnit>
                </fillUnits>
				<objectChange node="Tank" visibilityActive="false" />
				<objectChange node="polySurface" visibilityActive="false" />
				<objectChange node="Tank2" visibilityActive="false" />
			</fillUnitConfiguration>
			<fillUnitConfiguration name="Milk Extension" price="2500">
                <fillUnits>
                    <fillUnit unitTextOverride="$l10n_unit_literShort" fillTypes="MILK" capacity="32000" allowAILoading="true">
                        <exactFillRootNode node="exactFillRootNode" />
					</fillUnit>
                </fillUnits>
				<objectChange node="Tank" visibilityActive="false" />
				<objectChange node="polySurface" visibilityActive="false" />
				<objectChange node="Tank2" visibilityActive="false" />
            </fillUnitConfiguration>
			<fillUnitConfiguration name="Milk Mega Extension" price="15000">
                <fillUnits>
                    <fillUnit unitTextOverride="$l10n_unit_literShort" fillTypes="MILK" capacity="50000" allowAILoading="true">
                        <exactFillRootNode node="exactFillRootNode" />
					</fillUnit>
                </fillUnits>
				<objectChange node="Tank" visibilityActive="false" />
				<objectChange node="polySurface" visibilityActive="false" />
				<objectChange node="Tank2" visibilityActive="false" />
            </fillUnitConfiguration>
        </fillUnitConfigurations>
    </fillUnit>

    <fillTriggerVehicle triggerNode="fillTrigger" fillUnitIndex="1" litersPerSecond="1000"/>

    <dischargeable>
        <dischargeNode node="dischargeNode" emptySpeed="500" fillUnitIndex="1" canDischargeToGround="false" allowAIDischarge="true">
            <info width="1.0" length="0.5" zOffset="0.4" />
            <trigger node="dischargeTrigger" />
        </dischargeNode>
    </dischargeable>

    <waterTrailer fillUnitIndex="1" fillLitersPerSecond="1000" fillNode="mks32_main_component1">
        <sounds>
            <refill template="DEFAULT_REFUEL_SOUND" linkNode="0>" />
        </sounds>
    </waterTrailer>

    <foliageBending>
        <bendingNode minX="-1.25" maxX="1.25" minZ="0" maxZ="5.7" yOffset="0.8" />
        <bendingNode minX="-1.25" maxX="1.25" minZ="-5.8" maxZ="0.1" yOffset="0.4" />
    </foliageBending>

	<connectionHoses>
        <hose inputAttacherJointIndices="1" type="airDoubleRed"  node="airR"  length="1.4" diameter="0.02" minCenterPointOffset="0 -0.2 0" maxCenterPointOffset="0 0 0" straighteningFactor="1.5" outgoingAdapter="DEFAULT" socket="air_red"/>
        <hose inputAttacherJointIndices="1" type="airDoubleYellow" node="airY" length="1.4" diameter="0.02" minCenterPointOffset="0 -0.2 0" maxCenterPointOffset="0 0 0" straighteningFactor="1.5" outgoingAdapter="DEFAULT" socket="air_yellow"/>
        <hose inputAttacherJointIndices="1" type="electric" node="electric" length="0.75" diameter="0.008" minCenterPointOffset="0 -0.2 0" maxCenterPointOffset="0 0 0" straighteningFactor="1" outgoingAdapter="DEFAULT"/>
        <hose inputAttacherJointIndices="1" type="hydraulicIn"  node="hydraulicIn"  length="1.4" diameter="0.02" minCenterPointOffset="0 -0.2 0" maxCenterPointOffset="0 0 0" straighteningFactor="1.5" outgoingAdapter="DEFAULT"/>
        <hose inputAttacherJointIndices="1" type="hydraulicOut" node="hydraulicOut" length="1.4" diameter="0.02" minCenterPointOffset="0 -0.2 0" maxCenterPointOffset="0 0 0" straighteningFactor="1.5" outgoingAdapter="DEFAULT"/>
    </connectionHoses>	
	
	<cover>
        <coverConfigurations>
            <coverConfiguration name="$l10n_configuration_valueDefault" price="0" openOnBuy="false" openCoverWhileTipping="false" >
                <cover openAnimation="toggleCover" fillUnitIndices="1 2"/>
            </coverConfiguration>
        </coverConfigurations>
    </cover> 	
	
    <wearable wearDuration="480" workMultiplier="5" fieldMultiplier="2"/>
    <washable dirtDuration="90" washDuration="1" workMultiplier="2" fieldMultiplier="2"/>

    <!-- added rim colors -->
	<rimColorConfigurations useDefaultColors="false">
        <rimColorConfiguration name="Polished Metal"	material="3" color="0.98 0.98 0.98"/>
		<rimColorConfiguration name="Steel Warrior"		material="8" color="0.7 0.7 0.7 8" price="500" />
		<rimColorConfiguration name="Chrome Envy"		material="2" color="0.8 0.8 0.8 2" price="1000"/>
	</rimColorConfigurations>
	
	<!-- added configs -->
	<vehicleTypeConfigurations title="Style">
        <vehicleTypeConfiguration name="German" price="0" vehicleType="waterTrailer">
			<objectChange node="Tank2" visibilityActive="false" />
			<objectChange node="tailgate" visibilityActive="false" />
			<objectChange node="tankM2" visibilityActive="false" />
			<objectChange node="polySurfaceM2" visibilityActive="false" />
		</vehicleTypeConfiguration>
        <vehicleTypeConfiguration name="English Canadian" price="0" vehicleType="waterTrailer">
			<objectChange node="Tank" visibilityActive="false" />
			<objectChange node="hecklappen" visibilityActive="false" />
			<objectChange node="tankM" visibilityActive="false" />
			<objectChange node="polySurfaceM" visibilityActive="false" />
		</vehicleTypeConfiguration>
		
	</vehicleTypeConfigurations>
	
	<i3dMappings>
		<i3dMapping id="coverLeft1" node="0>0|4|11|3" />
		<i3dMapping id="coverRight1" node="0>0|4|12|3" />
		<i3dMapping id="coverLeft2" node="0>0|4|13|3" />
		<i3dMapping id="Befestigung" node="0>0|4|11|0" />
		<i3dMapping id="Befestigung1" node="0>0|4|11|1" />
		<i3dMapping id="Befestigung2" node="0>0|4|12|0" />
		<i3dMapping id="Befestigung3" node="0>0|4|12|1" />
		<i3dMapping id="Befestigung4" node="0>0|4|13|0" />
		<i3dMapping id="Befestigung5" node="0>0|4|13|1" />	
		
		<!-- configs -->
		<i3dMapping id="Tank" node="0>0|4|10" />
		<i3dMapping id="hecklappen" node="0>0|4|18|0" />
		<i3dMapping id="Tank2" node="0>0|4|23|0" />
		<i3dMapping id="tailgate" node="0>0|4|18|1" />
		
		<i3dMapping id="tankM" node="0>0|5|0" />
		<i3dMapping id="polySurface" node="0>0|4|14" />
		<i3dMapping id="polySurfaceM" node="0>0|5|1" />
		<i3dMapping id="tankM2" node="0>0|5|2" />
		<i3dMapping id="polySurfaceM2" node="0>0|5|3" />
		
	
		<!-- Licht-->
		<i3dMapping id="rear3ChamberLight_03_right01" 	node="0>0|2|0|0" />	
		<i3dMapping id="rear3ChamberLight_03_right02" 	node="0>0|2|0|1" />
		<i3dMapping id="rear3ChamberLight_03_right03" 	node="0>0|2|0|2" />
		<i3dMapping id="rear3ChamberLight_03_right04" 	node="0>0|2|0|3" />
		<i3dMapping id="rear3ChamberLight_03_right05" 	node="0>0|2|0|4" />
		<i3dMapping id="rear3ChamberLight_03_right06" 	node="0>0|2|0|5" />
		<i3dMapping id="rear3ChamberLight_03_right07" 	node="0>0|2|0|6" />
		<i3dMapping id="rear3ChamberLight_03_right08" 	node="0>0|2|0|7" />
		<i3dMapping id="rear3ChamberLight_03_left09" 	node="0>0|2|0|8" />	
		<i3dMapping id="rear3ChamberLight_03_left10" 	node="0>0|2|0|9" />	
		<i3dMapping id="rear3ChamberLight_03_left11" 	node="0>0|2|0|10" />	
		<i3dMapping id="rear3ChamberLight_03_left12" 	node="0>0|2|0|11" />	
		<i3dMapping id="rear3ChamberLight_03_left13" 	node="0>0|2|0|12" />	
		<i3dMapping id="rear3ChamberLight_03_left14" 	node="0>0|2|0|13" />	
		<i3dMapping id="rear3ChamberLight_03_left15" 	node="0>0|2|0|14" />	
		<i3dMapping id="rear3ChamberLight_03_left16" 	node="0>0|2|0|15" />
		<i3dMapping id="rearPlateNumberLight_01" 		node="0>0|2|0|16" />	
		<i3dMapping id="rearPlateNumberLight_02" 		node="0>0|2|0|17" />
		<i3dMapping id="redTriangle_01" 				node="0>0|2|0|18" />	
		<i3dMapping id="redTriangle_02" 				node="0>0|2|0|19" />
		<i3dMapping id="reverselightStatic1" 			node="0>0|2|0|20|1" />
		<i3dMapping id="reverselightStatic2" 			node="0>0|2|0|21|1" />		
        <i3dMapping id="kennzeichen" 					node="0>0|2|1|1"/>
        <i3dMapping id="sideMarker_16Orange1" 			node="0>0|2|0|22"/>
        <i3dMapping id="sideMarker_16Orange2" 			node="0>0|2|0|23"/>
        <i3dMapping id="sideMarker_16Orange3" 			node="0>0|2|0|24"/>
        <i3dMapping id="sideMarker_16Orange4" 			node="0>0|2|0|25"/>
        <i3dMapping id="sideMarker_16Orange5" 			node="0>0|2|0|26"/>
        <i3dMapping id="sideMarker_16Orange6" 			node="0>0|2|0|27"/>
        <i3dMapping id="sideMarker_16Orange7" 			node="0>0|2|0|28"/>
        <i3dMapping id="sideMarker_16Orange8" 			node="0>0|2|0|29"/>	
        <i3dMapping id="sideMarker_02_left" 			node="0>0|2|0|30"/>
        <i3dMapping id="sideMarker_02_right" 			node="0>0|2|0|31"/>	

		<!-- Hydraulik Anschlüsse -->		
		<i3dMapping id="electric" node="0>1|0|0" />
        <i3dMapping id="hydraulicIn" node="0>1|1|0" />
        <i3dMapping id="airY" node="0>1|2|0" />
        <i3dMapping id="airR" node="0>1|3|0" />
		<i3dMapping id="hydraulicOut" node="0>1|4|0" />
        
        <i3dMapping id="mks32_main_component1" node="0>" />
        <i3dMapping id="mks32_vis" node="0>0" />
        <i3dMapping id="attacherJoint" node="0>0|0|0" />
        <i3dMapping id="wheelChock02" node="0>0|0|1|0" />
        <i3dMapping id="wheelChock03" node="0>0|0|1|1" />
        <i3dMapping id="support" node="0>0|0|2" />
        <i3dMapping id="wheelFrontLeft" node="0>0|1|0" />
        <i3dMapping id="wheelFrontRight" node="0>0|1|1" />
        <i3dMapping id="wheelMiddleLeft" node="0>0|1|2" />
        <i3dMapping id="wheelMiddleRight" node="0>0|1|3" />
        <i3dMapping id="wheelBackLeft" node="0>0|1|4" />
        <i3dMapping id="wheelBackRight" node="0>0|1|5" />
        <i3dMapping id="backLightsHigh1" node="0>0|2|1|0" />
        <i3dMapping id="turnLightLeftBack" node="0>0|2|2|0" />
        <i3dMapping id="turnLightRightBack" node="0>0|2|2|1" />
        <i3dMapping id="reverseLight" node="0>0|2|3|0" />
        <i3dMapping id="exactFillRootNode" node="0>0|3|0" />
        <i3dMapping id="fillTrigger" node="0>0|3|1" />
        <i3dMapping id="dischargeNode" node="0>0|3|2" />
        <i3dMapping id="dischargeTrigger" node="0>0|3|3" />
		<i3dMapping id="licensePlateBack" node="0>0|4|24" />
    </i3dMappings>
</vehicle>