<?xml version="1.0" encoding="utf-8" standalone="no" ?>
<placeable type="silo" xmlns:xsi="http://www.w3.org/2001/XMLSchema-instance" xsi:noNamespaceSchemaLocation="../../../../shared/xml/schema/placeable.xsd">
    <storeData>
        <name>NL16-22 - 6000 Multifruit</name>
        <functions>
            <function>$l10n_function_farmSilo</function>
        </functions>
        <image>store_nl1622_6000.png</image>
        <price>503000</price>
        <dailyUpkeep>150</dailyUpkeep>
        <lifetime>1000</lifetime>
        <rotation>0</rotation>
        <brand>NEUERO</brand>
        <species>placeable</species>
        <category>silos</category>
        <brush>
            <type>placeable</type>
            <category>buildings</category>
            <tab>silos</tab>
        </brush>
        <vertexBufferMemoryUsage>3820032</vertexBufferMemoryUsage>
        <indexBufferMemoryUsage>404992</indexBufferMemoryUsage>
        <textureMemoryUsage>2490368</textureMemoryUsage>
        <audioMemoryUsage>0</audioMemoryUsage>
        <instanceVertexBufferMemoryUsage>0</instanceVertexBufferMemoryUsage>
        <instanceIndexBufferMemoryUsage>0</instanceIndexBufferMemoryUsage>
    </storeData>

    <base>
        <filename>$data/placeables/neuero/nl1622_6000/nl1622_6000.i3d</filename>
        <canBeRenamed>true</canBeRenamed>
    </base>

    <placement useRandomYRotation="false" useManualYRotation="true" >
        <testAreas>
            <testArea startNode="testArea1Start" endNode="testArea1End" />
            <testArea startNode="testArea2Start" endNode="testArea2End" />
        </testAreas>
    </placement>

    <clearAreas>
        <clearArea startNode="clearArea1Start" widthNode="clearArea1Width" heightNode="clearArea1Height"/>
        <clearArea startNode="clearArea2Start" widthNode="clearArea2Width" heightNode="clearArea2Height"/>
    </clearAreas>

    <leveling requireLeveling="true" maxSmoothDistance="1" maxSlope="75" maxEdgeAngle="30">
        <levelAreas>
            <levelArea startNode="levelArea1Start" widthNode="levelArea1Width" heightNode="levelArea1Height" groundType="asphalt"/>
            <levelArea startNode="levelArea2Start" widthNode="levelArea2Width" heightNode="levelArea2Height" groundType="asphalt"/>
        </levelAreas>
    </leveling>

    <indoorAreas/>

    <tipOcclusionUpdateAreas>
        <tipOcclusionUpdateArea startNode="tipOcclusionUpdateArea1Start" endNode="tipOcclusionUpdateArea1End" />
    </tipOcclusionUpdateAreas>

    <ai>
        <updateAreas>
            <updateArea startNode="tipOcclusionUpdateArea1Start" endNode="tipOcclusionUpdateArea1End" />
        </updateAreas>
        <splines>
            <spline node="aiLoadingSpline"   maxWidth="4.2"/>
            <spline node="aiUnloadingSpline" maxWidth="4.2"/>
        </splines>
    </ai>

    <infoTrigger triggerNode="infoTrigger"/>

    <lights>
        <sharedLight filename="$data/shared/assets/lights/terraLed/light150W.xml" linkNode="lightNode01" groupIndex="1"/>
        <sharedLight filename="$data/shared/assets/lights/terraLed/light150W.xml" linkNode="lightNode02" groupIndex="1"/>
        <sharedLight filename="$data/shared/assets/lights/terraLed/light150W.xml" linkNode="lightNode03" groupIndex="1"/>
        <sharedLight filename="$data/shared/assets/lights/terraLed/light150W.xml" linkNode="lightNode04" groupIndex="1"/>

        <realLights>
            <low>
                <light node="realLightsLow" groupIndex="1"/>
            </low>
            <high>
                <light node="realLightsHigh" groupIndex="1"/>
            </high>
        </realLights>

        <group name="$l10n_action_placeableLightShed" activateTime="17:30" deactivateTime="8:20"/>
    </lights>

    <silo>
        <loadingStation node="loadingTrigger" supportsExtension="true" storageRadius="50">
            <loadTrigger triggerNode="loadingTrigger" fillLitersPerSecond="2000" dischargeNode="dischargeNode" fillTypeCategories="bulk" aiNode="aiLoadingNode">
                <effectNode effectClass="PipeEffect" effectNode="pipeEffect"      materialType="pipe"           fadeTime="0.5" maxBending="0" controlPoint="4.8 0 0 0"/>
                <effectNode                          effectNode="pipeEffectSmoke" materialType="unloadingSmoke" fadeTime="0.5" />
            </loadTrigger>
        </loadingStation>

        <unloadingStation supportsExtension="true" storageRadius="50">
            <unloadTrigger exactFillRootNode="exactFillRootNode" fillTypeCategories="bulk" aiNode="aiUnloadingNode"/>
        </unloadingStation>

        <storages>
            <storage node="storage" fillTypeCategories="bulk" capacity="6000000" isExtension="false"/>
        </storages>
    </silo>

    <hotspots>
        <hotspot type="UNLOADING" linkNode="mapPosition" />
    </hotspots>

    <triggerMarkers>
        <triggerMarker node="markerLoading" filename="$data/shared/assets/marker/markerIcons.xml" id="LOAD" />
        <triggerMarker node="markerUnloading" filename="$data/shared/assets/marker/markerIcons.xml" id="UNLOAD" />
    </triggerMarkers>

    <i3dMappings>
        <i3dMapping id="mapPosition" node="0>0|0" />
        <i3dMapping id="storage" node="0>0|1" />
        <i3dMapping id="loadingTrigger" node="0>0|2|0|0" />
        <i3dMapping id="dischargeNode" node="0>0|2|0|1" />
        <i3dMapping id="pipeEffect" node="0>0|2|0|2|0" />
        <i3dMapping id="pipeEffectSmoke" node="0>0|2|0|2|1" />
        <i3dMapping id="aiLoadingNode" node="0>0|2|0|3" />
        <i3dMapping id="aiLoadingSpline" node="0>0|2|0|4" />
        <i3dMapping id="exactFillRootNode" node="0>0|3|0" />
        <i3dMapping id="aiUnloadingNode" node="0>0|3|1" />
        <i3dMapping id="aiUnloadingSpline" node="0>0|3|2" />
        <i3dMapping id="infoTrigger" node="0>0|4" />
        <i3dMapping id="realLightsLow" node="0>1|0|0" />
        <i3dMapping id="realLightsHigh" node="0>1|0|1" />
        <i3dMapping id="lightNode01" node="0>1|1|0" />
        <i3dMapping id="lightNode02" node="0>1|1|1" />
        <i3dMapping id="lightNode03" node="0>1|1|2" />
        <i3dMapping id="lightNode04" node="0>1|1|3" />
        <i3dMapping id="markerLoading" node="0>2|0" />
        <i3dMapping id="markerUnloading" node="0>2|1" />
        <i3dMapping id="clearArea1Start" node="0>3|0" />
        <i3dMapping id="clearArea1Width" node="0>3|0|0" />
        <i3dMapping id="clearArea1Height" node="0>3|0|1" />
        <i3dMapping id="clearArea2Start" node="0>3|1" />
        <i3dMapping id="clearArea2Width" node="0>3|1|0" />
        <i3dMapping id="clearArea2Height" node="0>3|1|1" />
        <i3dMapping id="levelArea1Start" node="0>4|0" />
        <i3dMapping id="levelArea1Width" node="0>4|0|0" />
        <i3dMapping id="levelArea1Height" node="0>4|0|1" />
        <i3dMapping id="levelArea2Start" node="0>4|1" />
        <i3dMapping id="levelArea2Width" node="0>4|1|0" />
        <i3dMapping id="levelArea2Height" node="0>4|1|1" />
        <i3dMapping id="testArea1Start" node="0>5|0" />
        <i3dMapping id="testArea1End" node="0>5|0|0" />
        <i3dMapping id="testArea2Start" node="0>5|1" />
        <i3dMapping id="testArea2End" node="0>5|1|0" />
        <i3dMapping id="tipOcclusionUpdateArea1Start" node="0>6|0" />
        <i3dMapping id="tipOcclusionUpdateArea1End" node="0>6|0|0" />
    </i3dMappings>
</placeable>
