<?xml version="1.0" encoding="utf-8" standalone="no" ?>
<placeable type="simplePlaceable" xmlns:xsi="http://www.w3.org/2001/XMLSchema-instance" xsi:noNamespaceSchemaLocation="../../../../shared/xml/schema/placeable.xsd">
    <storeData>
        <name>$l10n_compositeHall4</name>
        <functions>
            <function>$l10n_function_garage</function>
        </functions>
        <image>store_compositeHall4.png</image>
        <price>119500</price>
		<dailyUpkeep>35</dailyUpkeep>
        <lifetime>1000</lifetime>
        <rotation>0</rotation>
        <brand>LIZARD</brand>
        <species>placeable</species>
        <category>sheds</category>
		<canBeSold>true</canBeSold>
        <showInStore>true</showInStore>
        <vertexBufferMemoryUsage>1220864</vertexBufferMemoryUsage>
        <indexBufferMemoryUsage>152064</indexBufferMemoryUsage>
        <textureMemoryUsage>3735552</textureMemoryUsage>
        <audioMemoryUsage>0</audioMemoryUsage>
        <instanceVertexBufferMemoryUsage>0</instanceVertexBufferMemoryUsage>
        <instanceIndexBufferMemoryUsage>0</instanceIndexBufferMemoryUsage>
    </storeData>

    <base>
        <filename>compositeHall4.i3d</filename>
    </base>

    <placeableType>placeable</placeableType>
    
	<placement useRandomYRotation="false" useManualYRotation="true">
        <testAreas>
            <testArea startNode="6|0" endNode="6|0|0" />
        </testAreas>
    </placement>

    <clearAreas>
        <clearArea startNode="1|0" widthNode="1|0|0" heightNode="1|0|1"/>
    </clearAreas>
	
    <leveling requireLeveling="true" maxSmoothDistance="5" maxSlope="30" maxEdgeAngle="20" >
        <levelAreas>
            <levelArea startNode="2|0" widthNode="2|0|0" heightNode="2|0|1" groundType="asphalt"/>
        </levelAreas>
    </leveling>
	
	<indoorAreas>
        <indoorArea startNode="3|0" widthNode="3|0|0" heightNode="3|0|1"/>
    </indoorAreas>

    <tipOcclusionUpdateAreas>
        <tipOcclusionUpdateArea startNode="7|0" endNode="7|0|0" />
    </tipOcclusionUpdateAreas>
	
    <ai>
        <updateAreas>
            <updateArea startNode="7|0" endNode="7|0|0" />
        </updateAreas>
    </ai>
	
	<dynamicallyLoadedParts>
        <dynamicallyLoadedPart node="0" linkNode="8|4|0"   filename="$data/shared/assets/extinguisher.i3d" />
		<dynamicallyLoadedPart node="0" linkNode="8|4|1"   filename="$data/shared/assets/extinguisher.i3d" />
    </dynamicallyLoadedParts>
	
	<animatedObjects>
		<animatedObject saveId="lights" >
            <animation duration="0.2">
                <part node="4|1|0"> 
                    <keyFrame time="0.0" rotation="0 0 0"/>
                    <keyFrame time="0.5" rotation="5 0 0"/>
					<keyFrame time="1" rotation="0 0 0"/>
                </part>
                <part node="4|2|0"> 
                    <keyFrame time="0.0" rotation="0 0 0"/>
                    <keyFrame time="0.5" rotation="5 0 0"/>
					<keyFrame time="1" rotation="0 0 0"/>
                </part>
				<part node="4|3"> 
                    <keyFrame time="0.0" visibility="false"/>
					<keyFrame time="1" visibility="true" />
                </part>
            </animation>
            <controls triggerNode="4|0" posAction="ACTIVATE_HANDTOOL" posText="action_lightOn" negText="action_lightOut" />
            <sounds>
                <moving linkNode="4|3" template="lizardFloodLight"/>
            </sounds>
        </animatedObject>
		<animatedObject saveId="sectionaldoorLeft" >
            <animation duration="6">
                <part node="0|0|0|1|0"> <!--button-->
                    <keyFrame time="0.00" translation="0 0 0"/>
                    <keyFrame time="0.2" translation="0 0 -0.01"/>
					<keyFrame time="0.5" translation="0 0 0"/>
                </part>
                <part node="0|0|0|1|1"> <!--light-->
					<keyFrame time="0" visibility="false" />
					<keyFrame time="0.01" visibility="true" />
					<keyFrame time="0.99" visibility="true" />
					<keyFrame time="1" visibility="false"/>
                </part>
				<part node="0|0|0|2|0"> <!--segment1-->
                    <Keyframe time="0" translation="-0.049 4.59332 3.036" rotation="0 0 0" scale="1 1 1" visibility="true"/>
					<Keyframe time="0.06" translation="-0.049 4.93971 3.036" rotation="0 0 -20.8818" scale="1 1 1" visibility="true"/>
					<Keyframe time="0.14" translation="-0.0659814 5.29352 3.036" rotation="0 0 -50.0342" scale="1 1 1" visibility="true"/>
					<Keyframe time="0.22" translation="0.14654 5.59381 3.036" rotation="0 0 -65" scale="1 1 1" visibility="true"/>
					<Keyframe time="0.30" translation="0.463501 5.74161 3.036" rotation="0 0 -65" scale="1 1 1" visibility="true"/>
					<Keyframe time="0.375" translation="0.77871 5.88859 3.036" rotation="0 0 -65" scale="1 1 1" visibility="true"/>
					<Keyframe time="0.453" translation="1.14598 6.05985 3.036" rotation="0 0 -65" scale="1 1 1" visibility="true"/>
					<Keyframe time="0.53" translation="1.45954 6.20607 3.036" rotation="0 0 -65" scale="1 1 1" visibility="true"/>
					<Keyframe time="0.61" translation="1.77753 6.35435 3.036" rotation="0 0 -65" scale="1 1 1" visibility="true"/>
					<Keyframe time="0.687" translation="2.09573 6.50273 3.036" rotation="0 0 -65" scale="1 1 1" visibility="true"/>
					<Keyframe time="0.765" translation="2.46129 6.67319 3.036" rotation="0 0 -65" scale="1 1 1" visibility="true"/>
					<Keyframe time="0.84" translation="2.75352 6.80946 3.036" rotation="0 0 -65" scale="1 1 1" visibility="true"/>
					<Keyframe time="0.92" translation="3.10628 6.97396 3.036" rotation="0 0 -65" scale="1 1 1" visibility="true"/>
					<Keyframe time="1" translation="3.48052 7.14847 3.036" rotation="0 0 -65" scale="1 1 1" visibility="true"/>
                </part>
				<part node="0|0|0|2|1"> <!--segment2-->
                    <Keyframe time="0" translation="-0.049 3.81454 3.036" rotation="0 0 0" scale="1 1 1" visibility="true"/>
					<Keyframe time="0.06" translation="-0.049 4.16093 3.036" rotation="0 0 0" scale="1 1 1" visibility="true"/>
					<Keyframe time="0.14" translation="-0.049 4.51149 3.036" rotation="0 0 0" scale="1 1 1" visibility="true"/>
					<Keyframe time="0.22" translation="-0.049 4.86163 3.036" rotation="0 0 -12.5489" scale="1 1 1" visibility="true"/>
					<Keyframe time="0.30" translation="-0.0738293 5.22376 3.036" rotation="0 0 -45" scale="1 1 1" visibility="true"/>
					<Keyframe time="0.375" translation="0.0881231 5.56818 3.036" rotation="0 0 -65" scale="1 1 1" visibility="true"/>
					<Keyframe time="0.453" translation="0.455391 5.73944 3.036" rotation="0 0 -65" scale="1 1 1" visibility="true"/>
					<Keyframe time="0.53" translation="0.768951 5.88565 3.036" rotation="0 0 -65" scale="1 1 1" visibility="true"/>
					<Keyframe time="0.61" translation="1.08694 6.03394 3.036" rotation="0 0 -65" scale="1 1 1" visibility="true"/>
					<Keyframe time="0.687" translation="1.40515 6.18232 3.036" rotation="0 0 -65" scale="1 1 1" visibility="true"/>
					<Keyframe time="0.765" translation="1.7707 6.35278 3.036" rotation="0 0 -65" scale="1 1 1" visibility="true"/>
					<Keyframe time="0.84" translation="2.06293 6.48905 3.036" rotation="0 0 -65" scale="1 1 1" visibility="true"/>
					<Keyframe time="0.92" translation="2.41569 6.65354 3.036" rotation="0 0 -65" scale="1 1 1" visibility="true"/>
					<Keyframe time="1" translation="2.78994 6.82806 3.036" rotation="0 0 -65" scale="1 1 1" visibility="true"/>
                </part>
				<part node="0|0|0|2|2"> <!--segment3-->
                    <Keyframe time="0" translation="-0.049 3.0544 3.036" rotation="0 0 0" scale="1 1 1" visibility="true"/>
					<Keyframe time="0.06" translation="-0.049 3.40079 3.036" rotation="0 0 0" scale="1 1 1" visibility="true"/>
					<Keyframe time="0.14" translation="-0.049 3.75136 3.036" rotation="0 0 0" scale="1 1 1" visibility="true"/>
					<Keyframe time="0.22" translation="-0.049 4.10149 3.036" rotation="0 0 0" scale="1 1 1" visibility="true"/>
					<Keyframe time="0.30" translation="-0.049 4.45122 3.036" rotation="0 0 0" scale="1 1 1" visibility="true"/>
					<Keyframe time="0.375" translation="-0.049 4.79901 3.036" rotation="0 0 -5.4629" scale="1 1 1" visibility="true"/>
					<Keyframe time="0.453" translation="-0.0752093 5.22229 3.036" rotation="0 0 -45" scale="1 1 1" visibility="true"/>
					<Keyframe time="0.53" translation="0.0814534 5.56461 3.036" rotation="0 0 -65" scale="1 1 1" visibility="true"/>
					<Keyframe time="0.61" translation="0.399445 5.71289 3.036" rotation="0 0 -65" scale="1 1 1" visibility="true"/>
					<Keyframe time="0.687" translation="0.71765 5.86128 3.036" rotation="0 0 -65" scale="1 1 1" visibility="true"/>
					<Keyframe time="0.765" translation="1.08321 6.03174 3.036" rotation="0 0 -65" scale="1 1 1" visibility="true"/>
					<Keyframe time="0.84" translation="1.37543 6.16801 3.036" rotation="0 0 -65" scale="1 1 1" visibility="true"/>
					<Keyframe time="0.92" translation="1.7282 6.3325 3.036" rotation="0 0 -65" scale="1 1 1" visibility="true"/>
					<Keyframe time="1" translation="2.10244 6.50701 3.036" rotation="0 0 -65" scale="1 1 1" visibility="true"/>
                </part>
				<part node="0|0|0|2|3"> <!--segment4-->
                    <Keyframe time="0" translation="-0.049 2.29133 3.036" rotation="0 0 0" scale="1 1 1" visibility="true"/>
					<Keyframe time="0.06" translation="-0.049 2.63773 3.036" rotation="0 0 0" scale="1 1 1" visibility="true"/>
					<Keyframe time="0.14" translation="-0.049 2.98829 3.036" rotation="0 0 0" scale="1 1 1" visibility="true"/>
					<Keyframe time="0.22" translation="-0.049 3.33842 3.036" rotation="0 0 0" scale="1 1 1" visibility="true"/>
					<Keyframe time="0.30" translation="-0.049 3.68815 3.036" rotation="0 0 0" scale="1 1 1" visibility="true"/>
					<Keyframe time="0.375" translation="-0.049 4.03595 3.036" rotation="0 0 0" scale="1 1 1" visibility="true"/>
					<Keyframe time="0.453" translation="-0.049 4.44118 3.036" rotation="0 0 0" scale="1 1 1" visibility="true"/>
					<Keyframe time="0.53" translation="-0.049 4.78716 3.036" rotation="0 0 -5" scale="1 1 1" visibility="true"/>
					<Keyframe time="0.61" translation="-0.0717726 5.1424 3.036" rotation="0 0 -38.6671" scale="1 1 1" visibility="true"/>
					<Keyframe time="0.687" translation="0.0228503 5.53104 3.036" rotation="0 0 -65" scale="1 1 1" visibility="true"/>
					<Keyframe time="0.765" translation="0.388406 5.70151 3.036" rotation="0 0 -65" scale="1 1 1" visibility="true"/>
					<Keyframe time="0.84" translation="0.680634 5.83777 3.036" rotation="0 0 -65" scale="1 1 1" visibility="true"/>
					<Keyframe time="0.92" translation="1.0334 6.00227 3.036" rotation="0 0 -65" scale="1 1 1" visibility="true"/>
					<Keyframe time="1" translation="1.40764 6.17678 3.036" rotation="0 0 -65" scale="1 1 1" visibility="true"/>
                </part>
				<part node="0|0|0|2|4"> <!--segment5-->
                    <Keyframe time="0" translation="-0.049 1.52364 3.036" rotation="0 0 0" scale="1 1 1" visibility="true"/>
					<Keyframe time="0.06" translation="-0.049 1.87003 3.036" rotation="0 0 0" scale="1 1 1" visibility="true"/>
					<Keyframe time="0.14" translation="-0.049 2.22059 3.036" rotation="0 0 0" scale="1 1 1" visibility="true"/>
					<Keyframe time="0.22" translation="-0.049 2.57073 3.036" rotation="0 0 0" scale="1 1 1" visibility="true"/>
					<Keyframe time="0.30" translation="-0.049 2.92046 3.036" rotation="0 0 0" scale="1 1 1" visibility="true"/>
					<Keyframe time="0.375" translation="-0.049 3.26825 3.036" rotation="0 0 0" scale="1 1 1" visibility="true"/>
					<Keyframe time="0.453" translation="-0.049 3.67348 3.036" rotation="0 0 0" scale="1 1 1" visibility="true"/>
					<Keyframe time="0.53" translation="-0.049 4.01946 3.036" rotation="0 0 0" scale="1 1 1" visibility="true"/>
					<Keyframe time="0.61" translation="-0.049 4.37032 3.036" rotation="0 0 0" scale="1 1 1" visibility="true"/>
					<Keyframe time="0.687" translation="-0.049 4.72143 3.036" rotation="0 0 -1" scale="1 1 1" visibility="true"/>
					<Keyframe time="0.765" translation="-0.0430129 5.06962 3.036" rotation="0 0 -31.805" scale="1 1 1" visibility="true"/>
					<Keyframe time="0.84" translation="-0.0276444 5.50364 3.036" rotation="0 0 -65" scale="1 1 1" visibility="true"/>
					<Keyframe time="0.92" translation="0.325118 5.66814 3.036" rotation="0 0 -65" scale="1 1 1" visibility="true"/>
					<Keyframe time="1" translation="0.699361 5.84265 3.036" rotation="0 0 -65" scale="1 1 1" visibility="true"/>
                </part>
				<part node="0|0|0|2|5"> <!--segment6-->
                    <Keyframe time="0" translation="-0.049 0.763555 3.036" rotation="0 0 0" scale="1 1 1" visibility="true"/>
					<Keyframe time="0.06" translation="-0.049 1.10995 3.036" rotation="0 0 0" scale="1 1 1" visibility="true"/>
					<Keyframe time="0.14" translation="-0.049 1.46051 3.036" rotation="0 0 0" scale="1 1 1" visibility="true"/>
					<Keyframe time="0.22" translation="-0.049 1.81065 3.036" rotation="0 0 0" scale="1 1 1" visibility="true"/>
					<Keyframe time="0.30" translation="-0.049 2.16037 3.036" rotation="0 0 0" scale="1 1 1" visibility="true"/>
					<Keyframe time="0.375" translation="-0.049 2.50817 3.036" rotation="0 0 0" scale="1 1 1" visibility="true"/>
					<Keyframe time="0.453" translation="-0.049 2.9134 3.036" rotation="0 0 0" scale="1 1 1" visibility="true"/>
					<Keyframe time="0.53" translation="-0.049 3.25938 3.036" rotation="0 0 0" scale="1 1 1" visibility="true"/>
					<Keyframe time="0.61" translation="-0.049 3.61024 3.036" rotation="0 0 0" scale="1 1 1" visibility="true"/>
					<Keyframe time="0.687" translation="-0.049 3.96134 3.036" rotation="0 0 0" scale="1 1 1" visibility="true"/>
					<Keyframe time="0.765" translation="-0.049 4.30959 3.036" rotation="0 0 0" scale="1 1 1" visibility="true"/>
					<Keyframe time="0.84" translation="-0.049 4.66092 3.036" rotation="0 0 0" scale="1 1 1" visibility="true"/>
					<Keyframe time="0.92" translation="-0.049 5.01094 3.036" rotation="0 0 -27.7915" scale="1 1 1" visibility="true"/>
					<Keyframe time="1" translation="-0.00870211 5.51579 3.036" rotation="0 0 -65" scale="1 1 1" visibility="true"/>
                </part>
				<part node="0|0|0|2|6"> <!--segment7-->
                    <Keyframe time="0" translation="-0.049 0.00347251 3.036" rotation="0 0 0" scale="1 1 1" visibility="true"/>
					<Keyframe time="0.06" translation="-0.049 0.349864 3.036" rotation="0 0 0" scale="1 1 1" visibility="true"/>
					<Keyframe time="0.14" translation="-0.049 0.700428 3.036" rotation="0 0 0" scale="1 1 1" visibility="true"/>
					<Keyframe time="0.22" translation="-0.049 1.05056 3.036" rotation="0 0 0" scale="1 1 1" visibility="true"/>
					<Keyframe time="0.30" translation="-0.049 1.40029 3.036" rotation="0 0 0" scale="1 1 1" visibility="true"/>
					<Keyframe time="0.375" translation="-0.049 1.74808 3.036" rotation="0 0 0" scale="1 1 1" visibility="true"/>
					<Keyframe time="0.453" translation="-0.049 2.15332 3.036" rotation="0 0 0" scale="1 1 1" visibility="true"/>
					<Keyframe time="0.53" translation="-0.049 2.4993 3.036" rotation="0 0 0" scale="1 1 1" visibility="true"/>
					<Keyframe time="0.61" translation="-0.049 2.85016 3.036" rotation="0 0 0" scale="1 1 1" visibility="true"/>
					<Keyframe time="0.687" translation="-0.049 3.20126 3.036" rotation="0 0 0" scale="1 1 1" visibility="true"/>
					<Keyframe time="0.765" translation="-0.049 3.5495 3.036" rotation="0 0 0" scale="1 1 1" visibility="true"/>
					<Keyframe time="0.84" translation="-0.049 3.90084 3.036" rotation="0 0 0" scale="1 1 1" visibility="true"/>
					<Keyframe time="0.92" translation="-0.049 4.25085 3.036" rotation="0 0 0" scale="1 1 1" visibility="true"/>
					<Keyframe time="1" translation="-0.049 4.73218 3.036" rotation="0 0 -1.22" scale="1 1 1" visibility="true"/>
                </part>
            </animation>
            <controls triggerNode="0|0|0|0" posAction="ACTIVATE_HANDTOOL" posText="action_openGate" negText="action_closeGate" />
            <sounds>
                <moving linkNode="0|0|0|2|0" template="slidingGateMetalLoop" />
                <posEnd linkNode="0|0|0|2|0" template="slidingGateMetalOpen" />
                <negEnd linkNode="0|0|0|2|0" template="slidingGateMetalClose" />
            </sounds>
        </animatedObject>
		<animatedObject saveId="sectionaldoorRight" >
            <animation duration="6">
                <part node="0|0|2|1|0"> <!--button-->
                    <keyFrame time="0.00" translation="0 0 0"/>
                    <keyFrame time="0.2" translation="0 0 -0.01"/>
					<keyFrame time="0.5" translation="0 0 0"/>
                </part>
                <part node="0|0|2|1|1"> <!--light-->
					<keyFrame time="0" visibility="false" />
					<keyFrame time="0.01" visibility="true" />
					<keyFrame time="0.99" visibility="true" />
					<keyFrame time="1" visibility="false"/>
                </part>
				<part node="0|0|2|2|0"> <!--segment1-->
                    <Keyframe time="0" translation="-0.049 4.59332 3.036" rotation="0 0 0" scale="1 1 1" visibility="true"/>
					<Keyframe time="0.06" translation="-0.049 4.93971 3.036" rotation="0 0 -20.8818" scale="1 1 1" visibility="true"/>
					<Keyframe time="0.14" translation="-0.0659814 5.29352 3.036" rotation="0 0 -50.0342" scale="1 1 1" visibility="true"/>
					<Keyframe time="0.22" translation="0.14654 5.59381 3.036" rotation="0 0 -65" scale="1 1 1" visibility="true"/>
					<Keyframe time="0.30" translation="0.463501 5.74161 3.036" rotation="0 0 -65" scale="1 1 1" visibility="true"/>
					<Keyframe time="0.375" translation="0.77871 5.88859 3.036" rotation="0 0 -65" scale="1 1 1" visibility="true"/>
					<Keyframe time="0.453" translation="1.14598 6.05985 3.036" rotation="0 0 -65" scale="1 1 1" visibility="true"/>
					<Keyframe time="0.53" translation="1.45954 6.20607 3.036" rotation="0 0 -65" scale="1 1 1" visibility="true"/>
					<Keyframe time="0.61" translation="1.77753 6.35435 3.036" rotation="0 0 -65" scale="1 1 1" visibility="true"/>
					<Keyframe time="0.687" translation="2.09573 6.50273 3.036" rotation="0 0 -65" scale="1 1 1" visibility="true"/>
					<Keyframe time="0.765" translation="2.46129 6.67319 3.036" rotation="0 0 -65" scale="1 1 1" visibility="true"/>
					<Keyframe time="0.84" translation="2.75352 6.80946 3.036" rotation="0 0 -65" scale="1 1 1" visibility="true"/>
					<Keyframe time="0.92" translation="3.10628 6.97396 3.036" rotation="0 0 -65" scale="1 1 1" visibility="true"/>
					<Keyframe time="1" translation="3.48052 7.14847 3.036" rotation="0 0 -65" scale="1 1 1" visibility="true"/>
                </part>
				<part node="0|0|2|2|1"> <!--segment2-->
                    <Keyframe time="0" translation="-0.049 3.81454 3.036" rotation="0 0 0" scale="1 1 1" visibility="true"/>
					<Keyframe time="0.06" translation="-0.049 4.16093 3.036" rotation="0 0 0" scale="1 1 1" visibility="true"/>
					<Keyframe time="0.14" translation="-0.049 4.51149 3.036" rotation="0 0 0" scale="1 1 1" visibility="true"/>
					<Keyframe time="0.22" translation="-0.049 4.86163 3.036" rotation="0 0 -12.5489" scale="1 1 1" visibility="true"/>
					<Keyframe time="0.30" translation="-0.0738293 5.22376 3.036" rotation="0 0 -45" scale="1 1 1" visibility="true"/>
					<Keyframe time="0.375" translation="0.0881231 5.56818 3.036" rotation="0 0 -65" scale="1 1 1" visibility="true"/>
					<Keyframe time="0.453" translation="0.455391 5.73944 3.036" rotation="0 0 -65" scale="1 1 1" visibility="true"/>
					<Keyframe time="0.53" translation="0.768951 5.88565 3.036" rotation="0 0 -65" scale="1 1 1" visibility="true"/>
					<Keyframe time="0.61" translation="1.08694 6.03394 3.036" rotation="0 0 -65" scale="1 1 1" visibility="true"/>
					<Keyframe time="0.687" translation="1.40515 6.18232 3.036" rotation="0 0 -65" scale="1 1 1" visibility="true"/>
					<Keyframe time="0.765" translation="1.7707 6.35278 3.036" rotation="0 0 -65" scale="1 1 1" visibility="true"/>
					<Keyframe time="0.84" translation="2.06293 6.48905 3.036" rotation="0 0 -65" scale="1 1 1" visibility="true"/>
					<Keyframe time="0.92" translation="2.41569 6.65354 3.036" rotation="0 0 -65" scale="1 1 1" visibility="true"/>
					<Keyframe time="1" translation="2.78994 6.82806 3.036" rotation="0 0 -65" scale="1 1 1" visibility="true"/>
                </part>
				<part node="0|0|2|2|2"> <!--segment3-->
                    <Keyframe time="0" translation="-0.049 3.0544 3.036" rotation="0 0 0" scale="1 1 1" visibility="true"/>
					<Keyframe time="0.06" translation="-0.049 3.40079 3.036" rotation="0 0 0" scale="1 1 1" visibility="true"/>
					<Keyframe time="0.14" translation="-0.049 3.75136 3.036" rotation="0 0 0" scale="1 1 1" visibility="true"/>
					<Keyframe time="0.22" translation="-0.049 4.10149 3.036" rotation="0 0 0" scale="1 1 1" visibility="true"/>
					<Keyframe time="0.30" translation="-0.049 4.45122 3.036" rotation="0 0 0" scale="1 1 1" visibility="true"/>
					<Keyframe time="0.375" translation="-0.049 4.79901 3.036" rotation="0 0 -5.4629" scale="1 1 1" visibility="true"/>
					<Keyframe time="0.453" translation="-0.0752093 5.22229 3.036" rotation="0 0 -45" scale="1 1 1" visibility="true"/>
					<Keyframe time="0.53" translation="0.0814534 5.56461 3.036" rotation="0 0 -65" scale="1 1 1" visibility="true"/>
					<Keyframe time="0.61" translation="0.399445 5.71289 3.036" rotation="0 0 -65" scale="1 1 1" visibility="true"/>
					<Keyframe time="0.687" translation="0.71765 5.86128 3.036" rotation="0 0 -65" scale="1 1 1" visibility="true"/>
					<Keyframe time="0.765" translation="1.08321 6.03174 3.036" rotation="0 0 -65" scale="1 1 1" visibility="true"/>
					<Keyframe time="0.84" translation="1.37543 6.16801 3.036" rotation="0 0 -65" scale="1 1 1" visibility="true"/>
					<Keyframe time="0.92" translation="1.7282 6.3325 3.036" rotation="0 0 -65" scale="1 1 1" visibility="true"/>
					<Keyframe time="1" translation="2.10244 6.50701 3.036" rotation="0 0 -65" scale="1 1 1" visibility="true"/>
                </part>
				<part node="0|0|2|2|3"> <!--segment4-->
                    <Keyframe time="0" translation="-0.049 2.29133 3.036" rotation="0 0 0" scale="1 1 1" visibility="true"/>
					<Keyframe time="0.06" translation="-0.049 2.63773 3.036" rotation="0 0 0" scale="1 1 1" visibility="true"/>
					<Keyframe time="0.14" translation="-0.049 2.98829 3.036" rotation="0 0 0" scale="1 1 1" visibility="true"/>
					<Keyframe time="0.22" translation="-0.049 3.33842 3.036" rotation="0 0 0" scale="1 1 1" visibility="true"/>
					<Keyframe time="0.30" translation="-0.049 3.68815 3.036" rotation="0 0 0" scale="1 1 1" visibility="true"/>
					<Keyframe time="0.375" translation="-0.049 4.03595 3.036" rotation="0 0 0" scale="1 1 1" visibility="true"/>
					<Keyframe time="0.453" translation="-0.049 4.44118 3.036" rotation="0 0 0" scale="1 1 1" visibility="true"/>
					<Keyframe time="0.53" translation="-0.049 4.78716 3.036" rotation="0 0 -5" scale="1 1 1" visibility="true"/>
					<Keyframe time="0.61" translation="-0.0717726 5.1424 3.036" rotation="0 0 -38.6671" scale="1 1 1" visibility="true"/>
					<Keyframe time="0.687" translation="0.0228503 5.53104 3.036" rotation="0 0 -65" scale="1 1 1" visibility="true"/>
					<Keyframe time="0.765" translation="0.388406 5.70151 3.036" rotation="0 0 -65" scale="1 1 1" visibility="true"/>
					<Keyframe time="0.84" translation="0.680634 5.83777 3.036" rotation="0 0 -65" scale="1 1 1" visibility="true"/>
					<Keyframe time="0.92" translation="1.0334 6.00227 3.036" rotation="0 0 -65" scale="1 1 1" visibility="true"/>
					<Keyframe time="1" translation="1.40764 6.17678 3.036" rotation="0 0 -65" scale="1 1 1" visibility="true"/>
                </part>
				<part node="0|0|2|2|4"> <!--segment5-->
                    <Keyframe time="0" translation="-0.049 1.52364 3.036" rotation="0 0 0" scale="1 1 1" visibility="true"/>
					<Keyframe time="0.06" translation="-0.049 1.87003 3.036" rotation="0 0 0" scale="1 1 1" visibility="true"/>
					<Keyframe time="0.14" translation="-0.049 2.22059 3.036" rotation="0 0 0" scale="1 1 1" visibility="true"/>
					<Keyframe time="0.22" translation="-0.049 2.57073 3.036" rotation="0 0 0" scale="1 1 1" visibility="true"/>
					<Keyframe time="0.30" translation="-0.049 2.92046 3.036" rotation="0 0 0" scale="1 1 1" visibility="true"/>
					<Keyframe time="0.375" translation="-0.049 3.26825 3.036" rotation="0 0 0" scale="1 1 1" visibility="true"/>
					<Keyframe time="0.453" translation="-0.049 3.67348 3.036" rotation="0 0 0" scale="1 1 1" visibility="true"/>
					<Keyframe time="0.53" translation="-0.049 4.01946 3.036" rotation="0 0 0" scale="1 1 1" visibility="true"/>
					<Keyframe time="0.61" translation="-0.049 4.37032 3.036" rotation="0 0 0" scale="1 1 1" visibility="true"/>
					<Keyframe time="0.687" translation="-0.049 4.72143 3.036" rotation="0 0 -1" scale="1 1 1" visibility="true"/>
					<Keyframe time="0.765" translation="-0.0430129 5.06962 3.036" rotation="0 0 -31.805" scale="1 1 1" visibility="true"/>
					<Keyframe time="0.84" translation="-0.0276444 5.50364 3.036" rotation="0 0 -65" scale="1 1 1" visibility="true"/>
					<Keyframe time="0.92" translation="0.325118 5.66814 3.036" rotation="0 0 -65" scale="1 1 1" visibility="true"/>
					<Keyframe time="1" translation="0.699361 5.84265 3.036" rotation="0 0 -65" scale="1 1 1" visibility="true"/>
                </part>
				<part node="0|0|2|2|5"> <!--segment6-->
                    <Keyframe time="0" translation="-0.049 0.763555 3.036" rotation="0 0 0" scale="1 1 1" visibility="true"/>
					<Keyframe time="0.06" translation="-0.049 1.10995 3.036" rotation="0 0 0" scale="1 1 1" visibility="true"/>
					<Keyframe time="0.14" translation="-0.049 1.46051 3.036" rotation="0 0 0" scale="1 1 1" visibility="true"/>
					<Keyframe time="0.22" translation="-0.049 1.81065 3.036" rotation="0 0 0" scale="1 1 1" visibility="true"/>
					<Keyframe time="0.30" translation="-0.049 2.16037 3.036" rotation="0 0 0" scale="1 1 1" visibility="true"/>
					<Keyframe time="0.375" translation="-0.049 2.50817 3.036" rotation="0 0 0" scale="1 1 1" visibility="true"/>
					<Keyframe time="0.453" translation="-0.049 2.9134 3.036" rotation="0 0 0" scale="1 1 1" visibility="true"/>
					<Keyframe time="0.53" translation="-0.049 3.25938 3.036" rotation="0 0 0" scale="1 1 1" visibility="true"/>
					<Keyframe time="0.61" translation="-0.049 3.61024 3.036" rotation="0 0 0" scale="1 1 1" visibility="true"/>
					<Keyframe time="0.687" translation="-0.049 3.96134 3.036" rotation="0 0 0" scale="1 1 1" visibility="true"/>
					<Keyframe time="0.765" translation="-0.049 4.30959 3.036" rotation="0 0 0" scale="1 1 1" visibility="true"/>
					<Keyframe time="0.84" translation="-0.049 4.66092 3.036" rotation="0 0 0" scale="1 1 1" visibility="true"/>
					<Keyframe time="0.92" translation="-0.049 5.01094 3.036" rotation="0 0 -27.7915" scale="1 1 1" visibility="true"/>
					<Keyframe time="1" translation="-0.00870211 5.51579 3.036" rotation="0 0 -65" scale="1 1 1" visibility="true"/>
                </part>
				<part node="0|0|2|2|6"> <!--segment7-->
                    <Keyframe time="0" translation="-0.049 0.00347251 3.036" rotation="0 0 0" scale="1 1 1" visibility="true"/>
					<Keyframe time="0.06" translation="-0.049 0.349864 3.036" rotation="0 0 0" scale="1 1 1" visibility="true"/>
					<Keyframe time="0.14" translation="-0.049 0.700428 3.036" rotation="0 0 0" scale="1 1 1" visibility="true"/>
					<Keyframe time="0.22" translation="-0.049 1.05056 3.036" rotation="0 0 0" scale="1 1 1" visibility="true"/>
					<Keyframe time="0.30" translation="-0.049 1.40029 3.036" rotation="0 0 0" scale="1 1 1" visibility="true"/>
					<Keyframe time="0.375" translation="-0.049 1.74808 3.036" rotation="0 0 0" scale="1 1 1" visibility="true"/>
					<Keyframe time="0.453" translation="-0.049 2.15332 3.036" rotation="0 0 0" scale="1 1 1" visibility="true"/>
					<Keyframe time="0.53" translation="-0.049 2.4993 3.036" rotation="0 0 0" scale="1 1 1" visibility="true"/>
					<Keyframe time="0.61" translation="-0.049 2.85016 3.036" rotation="0 0 0" scale="1 1 1" visibility="true"/>
					<Keyframe time="0.687" translation="-0.049 3.20126 3.036" rotation="0 0 0" scale="1 1 1" visibility="true"/>
					<Keyframe time="0.765" translation="-0.049 3.5495 3.036" rotation="0 0 0" scale="1 1 1" visibility="true"/>
					<Keyframe time="0.84" translation="-0.049 3.90084 3.036" rotation="0 0 0" scale="1 1 1" visibility="true"/>
					<Keyframe time="0.92" translation="-0.049 4.25085 3.036" rotation="0 0 0" scale="1 1 1" visibility="true"/>
					<Keyframe time="1" translation="-0.049 4.73218 3.036" rotation="0 0 -1.22" scale="1 1 1" visibility="true"/>
                </part>
            </animation>
            <controls triggerNode="0|0|2|0" posAction="ACTIVATE_HANDTOOL" posText="action_openGate" negText="action_closeGate" />
            <sounds>
                <moving linkNode="0|0|2|2|0" template="slidingGateMetalLoop" />
                <posEnd linkNode="0|0|2|2|0" template="slidingGateMetalOpen" />
                <negEnd linkNode="0|0|2|2|0" template="slidingGateMetalClose" />
            </sounds>
        </animatedObject>
		<animatedObject saveId="sectionaldoorMiddle1" >
            <animation duration="6">
                <part node="0|0|1|1|0"> <!--button-->
                    <keyFrame time="0.00" translation="0 0 0"/>
                    <keyFrame time="0.02" translation="0 0 -0.01"/>
					<keyFrame time="0.5" translation="0 0 0"/>
                </part>
                <part node="0|0|1|1|1"> <!--light-->
					<keyFrame time="0" visibility="false" />
					<keyFrame time="0.01" visibility="true" />
					<keyFrame time="0.99" visibility="true" />
					<keyFrame time="1" visibility="false"/>
                </part>
				<part node="0|0|1|2|0"> <!--segment1-->
                    <Keyframe time="0" translation="-0.049 4.59332 3.3" rotation="0 0 0" scale="1 1 1" visibility="true"/>
					<Keyframe time="0.06" translation="-0.049 4.93971 3.3" rotation="0 0 -20.8818" scale="1 1 1" visibility="true"/>
					<Keyframe time="0.14" translation="-0.0659814 5.29352 3.3" rotation="0 0 -50.0342" scale="1 1 1" visibility="true"/>
					<Keyframe time="0.22" translation="0.14654 5.59381 3.3" rotation="0 0 -65" scale="1 1 1" visibility="true"/>
					<Keyframe time="0.30" translation="0.463501 5.74161 3.3" rotation="0 0 -65" scale="1 1 1" visibility="true"/>
					<Keyframe time="0.375" translation="0.77871 5.88859 3.3" rotation="0 0 -65" scale="1 1 1" visibility="true"/>
					<Keyframe time="0.453" translation="1.14598 6.05985 3.3" rotation="0 0 -65" scale="1 1 1" visibility="true"/>
					<Keyframe time="0.53" translation="1.45954 6.20607 3.3" rotation="0 0 -65" scale="1 1 1" visibility="true"/>
					<Keyframe time="0.61" translation="1.77753 6.35435 3.3" rotation="0 0 -65" scale="1 1 1" visibility="true"/>
					<Keyframe time="0.687" translation="2.09573 6.50273 3.3" rotation="0 0 -65" scale="1 1 1" visibility="true"/>
					<Keyframe time="0.765" translation="2.46129 6.67319 3.3" rotation="0 0 -65" scale="1 1 1" visibility="true"/>
					<Keyframe time="0.84" translation="2.75352 6.80946 3.3" rotation="0 0 -65" scale="1 1 1" visibility="true"/>
					<Keyframe time="0.92" translation="3.10628 6.97396 3.3" rotation="0 0 -65" scale="1 1 1" visibility="true"/>
					<Keyframe time="1" translation="3.48052 7.14847 3.3" rotation="0 0 -65" scale="1 1 1" visibility="true"/>
                </part>
				<part node="0|0|1|2|1"> <!--segment2-->
                    <Keyframe time="0" translation="-0.049 3.81454 3.3" rotation="0 0 0" scale="1 1 1" visibility="true"/>
					<Keyframe time="0.06" translation="-0.049 4.16093 3.3" rotation="0 0 0" scale="1 1 1" visibility="true"/>
					<Keyframe time="0.14" translation="-0.049 4.51149 3.3" rotation="0 0 0" scale="1 1 1" visibility="true"/>
					<Keyframe time="0.22" translation="-0.049 4.86163 3.3" rotation="0 0 -12.5489" scale="1 1 1" visibility="true"/>
					<Keyframe time="0.30" translation="-0.0738293 5.22376 3.3" rotation="0 0 -45" scale="1 1 1" visibility="true"/>
					<Keyframe time="0.375" translation="0.0881231 5.56818 3.3" rotation="0 0 -65" scale="1 1 1" visibility="true"/>
					<Keyframe time="0.453" translation="0.455391 5.73944 3.3" rotation="0 0 -65" scale="1 1 1" visibility="true"/>
					<Keyframe time="0.53" translation="0.768951 5.88565 3.3" rotation="0 0 -65" scale="1 1 1" visibility="true"/>
					<Keyframe time="0.61" translation="1.08694 6.03394 3.3" rotation="0 0 -65" scale="1 1 1" visibility="true"/>
					<Keyframe time="0.687" translation="1.40515 6.18232 3.3" rotation="0 0 -65" scale="1 1 1" visibility="true"/>
					<Keyframe time="0.765" translation="1.7707 6.35278 3.3" rotation="0 0 -65" scale="1 1 1" visibility="true"/>
					<Keyframe time="0.84" translation="2.06293 6.48905 3.3" rotation="0 0 -65" scale="1 1 1" visibility="true"/>
					<Keyframe time="0.92" translation="2.41569 6.65354 3.3" rotation="0 0 -65" scale="1 1 1" visibility="true"/>
					<Keyframe time="1" translation="2.78994 6.82806 3.3" rotation="0 0 -65" scale="1 1 1" visibility="true"/>
                </part>
				<part node="0|0|1|2|2"> <!--segment3-->
                    <Keyframe time="0" translation="-0.049 3.0544 3.3" rotation="0 0 0" scale="1 1 1" visibility="true"/>
					<Keyframe time="0.06" translation="-0.049 3.40079 3.3" rotation="0 0 0" scale="1 1 1" visibility="true"/>
					<Keyframe time="0.14" translation="-0.049 3.75136 3.3" rotation="0 0 0" scale="1 1 1" visibility="true"/>
					<Keyframe time="0.22" translation="-0.049 4.10149 3.3" rotation="0 0 0" scale="1 1 1" visibility="true"/>
					<Keyframe time="0.30" translation="-0.049 4.45122 3.3" rotation="0 0 0" scale="1 1 1" visibility="true"/>
					<Keyframe time="0.375" translation="-0.049 4.79901 3.3" rotation="0 0 -5.4629" scale="1 1 1" visibility="true"/>
					<Keyframe time="0.453" translation="-0.0752093 5.22229 3.3" rotation="0 0 -45" scale="1 1 1" visibility="true"/>
					<Keyframe time="0.53" translation="0.0814534 5.56461 3.3" rotation="0 0 -65" scale="1 1 1" visibility="true"/>
					<Keyframe time="0.61" translation="0.399445 5.71289 3.3" rotation="0 0 -65" scale="1 1 1" visibility="true"/>
					<Keyframe time="0.687" translation="0.71765 5.86128 3.3" rotation="0 0 -65" scale="1 1 1" visibility="true"/>
					<Keyframe time="0.765" translation="1.08321 6.03174 3.3" rotation="0 0 -65" scale="1 1 1" visibility="true"/>
					<Keyframe time="0.84" translation="1.37543 6.16801 3.3" rotation="0 0 -65" scale="1 1 1" visibility="true"/>
					<Keyframe time="0.92" translation="1.7282 6.3325 3.3" rotation="0 0 -65" scale="1 1 1" visibility="true"/>
					<Keyframe time="1" translation="2.10244 6.50701 3.3" rotation="0 0 -65" scale="1 1 1" visibility="true"/>
                </part>
				<part node="0|0|1|2|3"> <!--segment4-->
                    <Keyframe time="0" translation="-0.049 2.29133 3.3" rotation="0 0 0" scale="1 1 1" visibility="true"/>
					<Keyframe time="0.06" translation="-0.049 2.63773 3.3" rotation="0 0 0" scale="1 1 1" visibility="true"/>
					<Keyframe time="0.14" translation="-0.049 2.98829 3.3" rotation="0 0 0" scale="1 1 1" visibility="true"/>
					<Keyframe time="0.22" translation="-0.049 3.33842 3.3" rotation="0 0 0" scale="1 1 1" visibility="true"/>
					<Keyframe time="0.30" translation="-0.049 3.68815 3.3" rotation="0 0 0" scale="1 1 1" visibility="true"/>
					<Keyframe time="0.375" translation="-0.049 4.03595 3.3" rotation="0 0 0" scale="1 1 1" visibility="true"/>
					<Keyframe time="0.453" translation="-0.049 4.44118 3.3" rotation="0 0 0" scale="1 1 1" visibility="true"/>
					<Keyframe time="0.53" translation="-0.049 4.78716 3.3" rotation="0 0 -5" scale="1 1 1" visibility="true"/>
					<Keyframe time="0.61" translation="-0.0717726 5.1424 3.3" rotation="0 0 -38.6671" scale="1 1 1" visibility="true"/>
					<Keyframe time="0.687" translation="0.0228503 5.53104 3.3" rotation="0 0 -65" scale="1 1 1" visibility="true"/>
					<Keyframe time="0.765" translation="0.388406 5.70151 3.3" rotation="0 0 -65" scale="1 1 1" visibility="true"/>
					<Keyframe time="0.84" translation="0.680634 5.83777 3.3" rotation="0 0 -65" scale="1 1 1" visibility="true"/>
					<Keyframe time="0.92" translation="1.0334 6.00227 3.3" rotation="0 0 -65" scale="1 1 1" visibility="true"/>
					<Keyframe time="1" translation="1.40764 6.17678 3.3" rotation="0 0 -65" scale="1 1 1" visibility="true"/>
                </part>
				<part node="0|0|1|2|4"> <!--segment5-->
                    <Keyframe time="0" translation="-0.049 1.52364 3.3" rotation="0 0 0" scale="1 1 1" visibility="true"/>
					<Keyframe time="0.06" translation="-0.049 1.87003 3.3" rotation="0 0 0" scale="1 1 1" visibility="true"/>
					<Keyframe time="0.14" translation="-0.049 2.22059 3.3" rotation="0 0 0" scale="1 1 1" visibility="true"/>
					<Keyframe time="0.22" translation="-0.049 2.57073 3.3" rotation="0 0 0" scale="1 1 1" visibility="true"/>
					<Keyframe time="0.30" translation="-0.049 2.92046 3.3" rotation="0 0 0" scale="1 1 1" visibility="true"/>
					<Keyframe time="0.375" translation="-0.049 3.26825 3.3" rotation="0 0 0" scale="1 1 1" visibility="true"/>
					<Keyframe time="0.453" translation="-0.049 3.67348 3.3" rotation="0 0 0" scale="1 1 1" visibility="true"/>
					<Keyframe time="0.53" translation="-0.049 4.01946 3.3" rotation="0 0 0" scale="1 1 1" visibility="true"/>
					<Keyframe time="0.61" translation="-0.049 4.37032 3.3" rotation="0 0 0" scale="1 1 1" visibility="true"/>
					<Keyframe time="0.687" translation="-0.049 4.72143 3.3" rotation="0 0 -1" scale="1 1 1" visibility="true"/>
					<Keyframe time="0.765" translation="-0.0430129 5.06962 3.3" rotation="0 0 -31.805" scale="1 1 1" visibility="true"/>
					<Keyframe time="0.84" translation="-0.0276444 5.50364 3.3" rotation="0 0 -65" scale="1 1 1" visibility="true"/>
					<Keyframe time="0.92" translation="0.325118 5.66814 3.3" rotation="0 0 -65" scale="1 1 1" visibility="true"/>
					<Keyframe time="1" translation="0.699361 5.84265 3.3" rotation="0 0 -65" scale="1 1 1" visibility="true"/>
                </part>
				<part node="0|0|1|2|5"> <!--segment6-->
                    <Keyframe time="0" translation="-0.049 0.763555 3.3" rotation="0 0 0" scale="1 1 1" visibility="true"/>
					<Keyframe time="0.06" translation="-0.049 1.10995 3.3" rotation="0 0 0" scale="1 1 1" visibility="true"/>
					<Keyframe time="0.14" translation="-0.049 1.46051 3.3" rotation="0 0 0" scale="1 1 1" visibility="true"/>
					<Keyframe time="0.22" translation="-0.049 1.81065 3.3" rotation="0 0 0" scale="1 1 1" visibility="true"/>
					<Keyframe time="0.30" translation="-0.049 2.16037 3.3" rotation="0 0 0" scale="1 1 1" visibility="true"/>
					<Keyframe time="0.375" translation="-0.049 2.50817 3.3" rotation="0 0 0" scale="1 1 1" visibility="true"/>
					<Keyframe time="0.453" translation="-0.049 2.9134 3.3" rotation="0 0 0" scale="1 1 1" visibility="true"/>
					<Keyframe time="0.53" translation="-0.049 3.25938 3.3" rotation="0 0 0" scale="1 1 1" visibility="true"/>
					<Keyframe time="0.61" translation="-0.049 3.61024 3.3" rotation="0 0 0" scale="1 1 1" visibility="true"/>
					<Keyframe time="0.687" translation="-0.049 3.96134 3.3" rotation="0 0 0" scale="1 1 1" visibility="true"/>
					<Keyframe time="0.765" translation="-0.049 4.30959 3.3" rotation="0 0 0" scale="1 1 1" visibility="true"/>
					<Keyframe time="0.84" translation="-0.049 4.66092 3.3" rotation="0 0 0" scale="1 1 1" visibility="true"/>
					<Keyframe time="0.92" translation="-0.049 5.01094 3.3" rotation="0 0 -27.7915" scale="1 1 1" visibility="true"/>
					<Keyframe time="1" translation="-0.00870211 5.51579 3.3" rotation="0 0 -65" scale="1 1 1" visibility="true"/>
                </part>
				<part node="0|0|1|2|6"> <!--segment7-->
                    <Keyframe time="0" translation="-0.049 0.00347251 3.3" rotation="0 0 0" scale="1 1 1" visibility="true"/>
					<Keyframe time="0.06" translation="-0.049 0.349864 3.3" rotation="0 0 0" scale="1 1 1" visibility="true"/>
					<Keyframe time="0.14" translation="-0.049 0.700428 3.3" rotation="0 0 0" scale="1 1 1" visibility="true"/>
					<Keyframe time="0.22" translation="-0.049 1.05056 3.3" rotation="0 0 0" scale="1 1 1" visibility="true"/>
					<Keyframe time="0.30" translation="-0.049 1.40029 3.3" rotation="0 0 0" scale="1 1 1" visibility="true"/>
					<Keyframe time="0.375" translation="-0.049 1.74808 3.3" rotation="0 0 0" scale="1 1 1" visibility="true"/>
					<Keyframe time="0.453" translation="-0.049 2.15332 3.3" rotation="0 0 0" scale="1 1 1" visibility="true"/>
					<Keyframe time="0.53" translation="-0.049 2.4993 3.3" rotation="0 0 0" scale="1 1 1" visibility="true"/>
					<Keyframe time="0.61" translation="-0.049 2.85016 3.3" rotation="0 0 0" scale="1 1 1" visibility="true"/>
					<Keyframe time="0.687" translation="-0.049 3.20126 3.3" rotation="0 0 0" scale="1 1 1" visibility="true"/>
					<Keyframe time="0.765" translation="-0.049 3.5495 3.3" rotation="0 0 0" scale="1 1 1" visibility="true"/>
					<Keyframe time="0.84" translation="-0.049 3.90084 3.3" rotation="0 0 0" scale="1 1 1" visibility="true"/>
					<Keyframe time="0.92" translation="-0.049 4.25085 3.3" rotation="0 0 0" scale="1 1 1" visibility="true"/>
					<Keyframe time="1" translation="-0.049 4.73218 3.3" rotation="0 0 -1.22" scale="1 1 1" visibility="true"/>
                </part>
            </animation>
            <controls triggerNode="0|0|1|0" posAction="ACTIVATE_HANDTOOL" posText="action_openGate" negText="action_closeGate" />
            <sounds>
                <moving linkNode="0|0|1|2|0" template="slidingGateMetalLoop" />
                <posEnd linkNode="0|0|1|2|0" template="slidingGateMetalOpen" />
                <negEnd linkNode="0|0|1|2|0" template="slidingGateMetalClose" />
            </sounds>
        </animatedObject>
				<animatedObject saveId="sectionaldoorMiddle2" >
            <animation duration="6">
                <part node="0|0|3|1|0"> <!--button-->
                    <keyFrame time="0.00" translation="0 0 0"/>
                    <keyFrame time="0.02" translation="0 0 -0.01"/>
					<keyFrame time="0.5" translation="0 0 0"/>
                </part>
                <part node="0|0|3|1|1"> <!--light-->
					<keyFrame time="0" visibility="false" />
					<keyFrame time="0.01" visibility="true" />
					<keyFrame time="0.99" visibility="true" />
					<keyFrame time="1" visibility="false"/>
                </part>
				<part node="0|0|3|2|0"> <!--segment1-->
                    <Keyframe time="0" translation="-0.049 4.59332 3.3" rotation="0 0 0" scale="1 1 1" visibility="true"/>
					<Keyframe time="0.06" translation="-0.049 4.93971 3.3" rotation="0 0 -20.8818" scale="1 1 1" visibility="true"/>
					<Keyframe time="0.14" translation="-0.0659814 5.29352 3.3" rotation="0 0 -50.0342" scale="1 1 1" visibility="true"/>
					<Keyframe time="0.22" translation="0.14654 5.59381 3.3" rotation="0 0 -65" scale="1 1 1" visibility="true"/>
					<Keyframe time="0.30" translation="0.463501 5.74161 3.3" rotation="0 0 -65" scale="1 1 1" visibility="true"/>
					<Keyframe time="0.375" translation="0.77871 5.88859 3.3" rotation="0 0 -65" scale="1 1 1" visibility="true"/>
					<Keyframe time="0.453" translation="1.14598 6.05985 3.3" rotation="0 0 -65" scale="1 1 1" visibility="true"/>
					<Keyframe time="0.53" translation="1.45954 6.20607 3.3" rotation="0 0 -65" scale="1 1 1" visibility="true"/>
					<Keyframe time="0.61" translation="1.77753 6.35435 3.3" rotation="0 0 -65" scale="1 1 1" visibility="true"/>
					<Keyframe time="0.687" translation="2.09573 6.50273 3.3" rotation="0 0 -65" scale="1 1 1" visibility="true"/>
					<Keyframe time="0.765" translation="2.46129 6.67319 3.3" rotation="0 0 -65" scale="1 1 1" visibility="true"/>
					<Keyframe time="0.84" translation="2.75352 6.80946 3.3" rotation="0 0 -65" scale="1 1 1" visibility="true"/>
					<Keyframe time="0.92" translation="3.10628 6.97396 3.3" rotation="0 0 -65" scale="1 1 1" visibility="true"/>
					<Keyframe time="1" translation="3.48052 7.14847 3.3" rotation="0 0 -65" scale="1 1 1" visibility="true"/>
                </part>
				<part node="0|0|3|2|1"> <!--segment2-->
                    <Keyframe time="0" translation="-0.049 3.81454 3.3" rotation="0 0 0" scale="1 1 1" visibility="true"/>
					<Keyframe time="0.06" translation="-0.049 4.16093 3.3" rotation="0 0 0" scale="1 1 1" visibility="true"/>
					<Keyframe time="0.14" translation="-0.049 4.51149 3.3" rotation="0 0 0" scale="1 1 1" visibility="true"/>
					<Keyframe time="0.22" translation="-0.049 4.86163 3.3" rotation="0 0 -12.5489" scale="1 1 1" visibility="true"/>
					<Keyframe time="0.30" translation="-0.0738293 5.22376 3.3" rotation="0 0 -45" scale="1 1 1" visibility="true"/>
					<Keyframe time="0.375" translation="0.0881231 5.56818 3.3" rotation="0 0 -65" scale="1 1 1" visibility="true"/>
					<Keyframe time="0.453" translation="0.455391 5.73944 3.3" rotation="0 0 -65" scale="1 1 1" visibility="true"/>
					<Keyframe time="0.53" translation="0.768951 5.88565 3.3" rotation="0 0 -65" scale="1 1 1" visibility="true"/>
					<Keyframe time="0.61" translation="1.08694 6.03394 3.3" rotation="0 0 -65" scale="1 1 1" visibility="true"/>
					<Keyframe time="0.687" translation="1.40515 6.18232 3.3" rotation="0 0 -65" scale="1 1 1" visibility="true"/>
					<Keyframe time="0.765" translation="1.7707 6.35278 3.3" rotation="0 0 -65" scale="1 1 1" visibility="true"/>
					<Keyframe time="0.84" translation="2.06293 6.48905 3.3" rotation="0 0 -65" scale="1 1 1" visibility="true"/>
					<Keyframe time="0.92" translation="2.41569 6.65354 3.3" rotation="0 0 -65" scale="1 1 1" visibility="true"/>
					<Keyframe time="1" translation="2.78994 6.82806 3.3" rotation="0 0 -65" scale="1 1 1" visibility="true"/>
                </part>
				<part node="0|0|3|2|2"> <!--segment3-->
                    <Keyframe time="0" translation="-0.049 3.0544 3.3" rotation="0 0 0" scale="1 1 1" visibility="true"/>
					<Keyframe time="0.06" translation="-0.049 3.40079 3.3" rotation="0 0 0" scale="1 1 1" visibility="true"/>
					<Keyframe time="0.14" translation="-0.049 3.75136 3.3" rotation="0 0 0" scale="1 1 1" visibility="true"/>
					<Keyframe time="0.22" translation="-0.049 4.10149 3.3" rotation="0 0 0" scale="1 1 1" visibility="true"/>
					<Keyframe time="0.30" translation="-0.049 4.45122 3.3" rotation="0 0 0" scale="1 1 1" visibility="true"/>
					<Keyframe time="0.375" translation="-0.049 4.79901 3.3" rotation="0 0 -5.4629" scale="1 1 1" visibility="true"/>
					<Keyframe time="0.453" translation="-0.0752093 5.22229 3.3" rotation="0 0 -45" scale="1 1 1" visibility="true"/>
					<Keyframe time="0.53" translation="0.0814534 5.56461 3.3" rotation="0 0 -65" scale="1 1 1" visibility="true"/>
					<Keyframe time="0.61" translation="0.399445 5.71289 3.3" rotation="0 0 -65" scale="1 1 1" visibility="true"/>
					<Keyframe time="0.687" translation="0.71765 5.86128 3.3" rotation="0 0 -65" scale="1 1 1" visibility="true"/>
					<Keyframe time="0.765" translation="1.08321 6.03174 3.3" rotation="0 0 -65" scale="1 1 1" visibility="true"/>
					<Keyframe time="0.84" translation="1.37543 6.16801 3.3" rotation="0 0 -65" scale="1 1 1" visibility="true"/>
					<Keyframe time="0.92" translation="1.7282 6.3325 3.3" rotation="0 0 -65" scale="1 1 1" visibility="true"/>
					<Keyframe time="1" translation="2.10244 6.50701 3.3" rotation="0 0 -65" scale="1 1 1" visibility="true"/>
                </part>
				<part node="0|0|3|2|3"> <!--segment4-->
                    <Keyframe time="0" translation="-0.049 2.29133 3.3" rotation="0 0 0" scale="1 1 1" visibility="true"/>
					<Keyframe time="0.06" translation="-0.049 2.63773 3.3" rotation="0 0 0" scale="1 1 1" visibility="true"/>
					<Keyframe time="0.14" translation="-0.049 2.98829 3.3" rotation="0 0 0" scale="1 1 1" visibility="true"/>
					<Keyframe time="0.22" translation="-0.049 3.33842 3.3" rotation="0 0 0" scale="1 1 1" visibility="true"/>
					<Keyframe time="0.30" translation="-0.049 3.68815 3.3" rotation="0 0 0" scale="1 1 1" visibility="true"/>
					<Keyframe time="0.375" translation="-0.049 4.03595 3.3" rotation="0 0 0" scale="1 1 1" visibility="true"/>
					<Keyframe time="0.453" translation="-0.049 4.44118 3.3" rotation="0 0 0" scale="1 1 1" visibility="true"/>
					<Keyframe time="0.53" translation="-0.049 4.78716 3.3" rotation="0 0 -5" scale="1 1 1" visibility="true"/>
					<Keyframe time="0.61" translation="-0.0717726 5.1424 3.3" rotation="0 0 -38.6671" scale="1 1 1" visibility="true"/>
					<Keyframe time="0.687" translation="0.0228503 5.53104 3.3" rotation="0 0 -65" scale="1 1 1" visibility="true"/>
					<Keyframe time="0.765" translation="0.388406 5.70151 3.3" rotation="0 0 -65" scale="1 1 1" visibility="true"/>
					<Keyframe time="0.84" translation="0.680634 5.83777 3.3" rotation="0 0 -65" scale="1 1 1" visibility="true"/>
					<Keyframe time="0.92" translation="1.0334 6.00227 3.3" rotation="0 0 -65" scale="1 1 1" visibility="true"/>
					<Keyframe time="1" translation="1.40764 6.17678 3.3" rotation="0 0 -65" scale="1 1 1" visibility="true"/>
                </part>
				<part node="0|0|3|2|4"> <!--segment5-->
                    <Keyframe time="0" translation="-0.049 1.52364 3.3" rotation="0 0 0" scale="1 1 1" visibility="true"/>
					<Keyframe time="0.06" translation="-0.049 1.87003 3.3" rotation="0 0 0" scale="1 1 1" visibility="true"/>
					<Keyframe time="0.14" translation="-0.049 2.22059 3.3" rotation="0 0 0" scale="1 1 1" visibility="true"/>
					<Keyframe time="0.22" translation="-0.049 2.57073 3.3" rotation="0 0 0" scale="1 1 1" visibility="true"/>
					<Keyframe time="0.30" translation="-0.049 2.92046 3.3" rotation="0 0 0" scale="1 1 1" visibility="true"/>
					<Keyframe time="0.375" translation="-0.049 3.26825 3.3" rotation="0 0 0" scale="1 1 1" visibility="true"/>
					<Keyframe time="0.453" translation="-0.049 3.67348 3.3" rotation="0 0 0" scale="1 1 1" visibility="true"/>
					<Keyframe time="0.53" translation="-0.049 4.01946 3.3" rotation="0 0 0" scale="1 1 1" visibility="true"/>
					<Keyframe time="0.61" translation="-0.049 4.37032 3.3" rotation="0 0 0" scale="1 1 1" visibility="true"/>
					<Keyframe time="0.687" translation="-0.049 4.72143 3.3" rotation="0 0 -1" scale="1 1 1" visibility="true"/>
					<Keyframe time="0.765" translation="-0.0430129 5.06962 3.3" rotation="0 0 -31.805" scale="1 1 1" visibility="true"/>
					<Keyframe time="0.84" translation="-0.0276444 5.50364 3.3" rotation="0 0 -65" scale="1 1 1" visibility="true"/>
					<Keyframe time="0.92" translation="0.325118 5.66814 3.3" rotation="0 0 -65" scale="1 1 1" visibility="true"/>
					<Keyframe time="1" translation="0.699361 5.84265 3.3" rotation="0 0 -65" scale="1 1 1" visibility="true"/>
                </part>
				<part node="0|0|3|2|5"> <!--segment6-->
                    <Keyframe time="0" translation="-0.049 0.763555 3.3" rotation="0 0 0" scale="1 1 1" visibility="true"/>
					<Keyframe time="0.06" translation="-0.049 1.10995 3.3" rotation="0 0 0" scale="1 1 1" visibility="true"/>
					<Keyframe time="0.14" translation="-0.049 1.46051 3.3" rotation="0 0 0" scale="1 1 1" visibility="true"/>
					<Keyframe time="0.22" translation="-0.049 1.81065 3.3" rotation="0 0 0" scale="1 1 1" visibility="true"/>
					<Keyframe time="0.30" translation="-0.049 2.16037 3.3" rotation="0 0 0" scale="1 1 1" visibility="true"/>
					<Keyframe time="0.375" translation="-0.049 2.50817 3.3" rotation="0 0 0" scale="1 1 1" visibility="true"/>
					<Keyframe time="0.453" translation="-0.049 2.9134 3.3" rotation="0 0 0" scale="1 1 1" visibility="true"/>
					<Keyframe time="0.53" translation="-0.049 3.25938 3.3" rotation="0 0 0" scale="1 1 1" visibility="true"/>
					<Keyframe time="0.61" translation="-0.049 3.61024 3.3" rotation="0 0 0" scale="1 1 1" visibility="true"/>
					<Keyframe time="0.687" translation="-0.049 3.96134 3.3" rotation="0 0 0" scale="1 1 1" visibility="true"/>
					<Keyframe time="0.765" translation="-0.049 4.30959 3.3" rotation="0 0 0" scale="1 1 1" visibility="true"/>
					<Keyframe time="0.84" translation="-0.049 4.66092 3.3" rotation="0 0 0" scale="1 1 1" visibility="true"/>
					<Keyframe time="0.92" translation="-0.049 5.01094 3.3" rotation="0 0 -27.7915" scale="1 1 1" visibility="true"/>
					<Keyframe time="1" translation="-0.00870211 5.51579 3.3" rotation="0 0 -65" scale="1 1 1" visibility="true"/>
                </part>
				<part node="0|0|3|2|6"> <!--segment7-->
                    <Keyframe time="0" translation="-0.049 0.00347251 3.3" rotation="0 0 0" scale="1 1 1" visibility="true"/>
					<Keyframe time="0.06" translation="-0.049 0.349864 3.3" rotation="0 0 0" scale="1 1 1" visibility="true"/>
					<Keyframe time="0.14" translation="-0.049 0.700428 3.3" rotation="0 0 0" scale="1 1 1" visibility="true"/>
					<Keyframe time="0.22" translation="-0.049 1.05056 3.3" rotation="0 0 0" scale="1 1 1" visibility="true"/>
					<Keyframe time="0.30" translation="-0.049 1.40029 3.3" rotation="0 0 0" scale="1 1 1" visibility="true"/>
					<Keyframe time="0.375" translation="-0.049 1.74808 3.3" rotation="0 0 0" scale="1 1 1" visibility="true"/>
					<Keyframe time="0.453" translation="-0.049 2.15332 3.3" rotation="0 0 0" scale="1 1 1" visibility="true"/>
					<Keyframe time="0.53" translation="-0.049 2.4993 3.3" rotation="0 0 0" scale="1 1 1" visibility="true"/>
					<Keyframe time="0.61" translation="-0.049 2.85016 3.3" rotation="0 0 0" scale="1 1 1" visibility="true"/>
					<Keyframe time="0.687" translation="-0.049 3.20126 3.3" rotation="0 0 0" scale="1 1 1" visibility="true"/>
					<Keyframe time="0.765" translation="-0.049 3.5495 3.3" rotation="0 0 0" scale="1 1 1" visibility="true"/>
					<Keyframe time="0.84" translation="-0.049 3.90084 3.3" rotation="0 0 0" scale="1 1 1" visibility="true"/>
					<Keyframe time="0.92" translation="-0.049 4.25085 3.3" rotation="0 0 0" scale="1 1 1" visibility="true"/>
					<Keyframe time="1" translation="-0.049 4.73218 3.3" rotation="0 0 -1.22" scale="1 1 1" visibility="true"/>
                </part>
            </animation>
            <controls triggerNode="0|0|3|0" posAction="ACTIVATE_HANDTOOL" posText="action_openGate" negText="action_closeGate" />
            <sounds>
                <moving linkNode="0|0|3|2|0" template="slidingGateMetalLoop" />
                <posEnd linkNode="0|0|3|2|0" template="slidingGateMetalOpen" />
                <negEnd linkNode="0|0|3|2|0" template="slidingGateMetalClose" />
            </sounds>
        </animatedObject>
    </animatedObjects>
</placeable>