﻿<?xml version="1.0" encoding="utf-8" standalone="no" ?>
<modDesc descVersion="61">
    <author>VertexDezign, Niggels</author>
    <version>1.0.0.0</version>
    <title>
        <en>Composite Machinesheds</en>
		<de>Leimbinder Maschinenhallen</de>
    </title>
    <description>
        <en>
            <![CDATA[The machineshed package includes four different sizes from a 3 door 24m wide up to a 6 door 48m wide variant. It can handle big machines up to 16m in length. It is fully equipped with electric sectional doors and a light installation.

Mashinehall 3 Door:
Length: 24m
Price: 99.500$
Upkeep: 25§

Mashinehall 4 Door:
Length: 32m
Price: 119.500§
Upkeep: 35§

Mashinehall 5 Door:
Length: 40m
Price: 139.500§
Upkeep: 45§

Mashinehall 6 Door:
Length: 48m
Price: 159.500§
Upkeep: 55§
]]>
        </en>
        <de>
            <![CDATA[Das Maschinenhallenpack beinhaltet vier verschiedene Größen von einer 3-Tor 24m bis zu einer 6-Tor 48m Variante. Mit einer Tiefe von 16m fassen die Hallen auch große Maschinen. Die Hallen sind mit elektrischen Sektionaltoren und einer Lichtanlage ausgestattet.

Maschinenhalle 3 Tore:
Länge: 24m
Preis: 99.500€
Unterhalt: 25€

Maschinenhalle 4 Tore:
Länge: 32m
Preis: 119.500€
Unterhalt: 35€

Maschinenhalle 5 Tore:
Länge: 40m
Preis: 139.500€
Unterhalt: 45€

Maschinenhalle 6 Tore:
Länge: 48m
Preis: 159.500€
Unterhalt: 55€
]]>
        </de>
        <fr>
            <![CDATA[The machineshed package includes four different sizes from a 3 door 24m wide up to a 6 door 48m wide variant. It can handle big machines up to 16m in length. It is fully equipped with electric sectional doors and a light installation.

Mashinehall 3 Door:
Length: 24m
Price: 99.500$
Upkeep: 25§

Mashinehall 4 Door:
Length: 32m
Price: 119.500§
Upkeep: 35§

Mashinehall 5 Door:
Length: 40m
Price: 139.500§
Upkeep: 45§

Mashinehall 6 Door:
Length: 48m
Price: 159.500§
Upkeep: 55§
]]>
        </fr>
    </description>
    <iconFilename>icon.dds</iconFilename>
    <multiplayer supported="true" />
	    
    <storeItems>
        <storeItem xmlFilename="compositeHall3.xml"/> 
		<storeItem xmlFilename="compositeHall4.xml"/>
		<storeItem xmlFilename="compositeHall5.xml"/>
		<storeItem xmlFilename="compositeHall6.xml"/>
    </storeItems>
	
	<l10n>
		<text name="action_lightOn">
            <en>Switch light on</en>
            <de>Licht anschalten</de>
        </text>
		<text name="action_lightOut">
            <en>Switch light off</en>
            <de>Licht ausschalten</de>
        </text>
		<text name="compositeHall3">
            <en>Machineshed 3 doors</en>
            <de>Leimbinderhalle 3 Tore</de>
        </text>
		<text name="compositeHall4">
            <en>Machineshed 4 doors</en>
            <de>Leimbinderhalle 4 Tore</de>
        </text>
		<text name="compositeHall5">
            <en>Machineshed 5 doors</en>
            <de>Leimbinderhalle 5 Tore</de>
        </text>
		<text name="compositeHall6">
            <en>Machineshed 6 doors</en>
            <de>Leimbinderhalle 6 Tore</de>
        </text>
	</l10n>
</modDesc>
