﻿<?xml version="1.0" encoding="utf-8" standalone="no" ?>
<vehicle type="famedChisel">
    <annotation>Copyright (C) GIANTS Software GmbH, All Rights Reserved.</annotation>
    <storeData>
        <name>
            <en>Famed 9 Chisel</en>
            <de>Famed 9 Meißelgrubber</de></name>
        <specs>
            <neededPower>100</neededPower>
            <workingWidth>3.3</workingWidth>
            <combination filterCategory="weights" filterSpec="weight" filterSpecMin="900" filterSpecMax="1000"/>
        </specs>
        <functions>
            <function>$l10n_function_plow</function>
        </functions>
        <image>lizard9Chisel.dds</image>
        <price>18750</price>
        <lifetime>600</lifetime>
        <rotation>0</rotation>
        <brand>LIZARD</brand>
        <category>plows</category>
        <vertexBufferMemoryUsage>1743360</vertexBufferMemoryUsage>
        <indexBufferMemoryUsage>327424</indexBufferMemoryUsage>
        <textureMemoryUsage>524288</textureMemoryUsage>
        <audioMemoryUsage>0</audioMemoryUsage>
        <instanceVertexBufferMemoryUsage>0</instanceVertexBufferMemoryUsage>
        <instanceIndexBufferMemoryUsage>0</instanceIndexBufferMemoryUsage>
    </storeData>
    <base>
        <typeDesc>$l10n_typeDesc_plow</typeDesc>
        <filename>lizard9.i3d</filename>
        <size width="3.3" length="3.0"/>
        <speedLimit value="10"/>
        <components>
            <component centerOfMass="0 0.95 -2.75" mass="1450" solverIterationCount="15"/>
        </components>
        <schemaOverlay attacherJointPosition="0 0" name="IMPLEMENT" />
		<objectChanges>
            <objectChange node="workAreaStart" scaleActive="1.75 0 -1.595"/>
            <objectChange node="workAreaWidth" scaleActive="-1.75 0 -3.613"/>
			<objectChange node="workAreaHeight" scaleActive="-1.75 0 -1.595"/>
        </objectChanges>
    </base>
    <groundReferenceNodes>
        <groundReferenceNode node="groundReferenceNode" forceFactor="1" threshold="0.05" depthNode="groundReferenceNode"/>
    </groundReferenceNodes>
    <workAreas>
        <workArea type="plow" functionName="processPlowArea">
            <area startNode="workAreaStart" widthNode="workAreaWidth" heightNode="workAreaHeight"/>
            <groundReferenceNode index="1"/>
        </workArea>
    </workAreas>
    <powerConsumer forceNode="famed9_chisel_coll" maxForce="15"/>
    <plow>
        <sounds>
            <work template="DEFAULT_PLOW_WORK" linkNode="0>"/>
        </sounds>
        <directionNode node="famed9_chisel_coll"/>
        <onlyActiveWhenLowered value="true"/>
    </plow>
    <attachable>
        <inputAttacherJoints>
            <inputAttacherJoint node="attacherJoint" jointType="implement" topReferenceNode="topReferenceNode" isControllable="true" lowerTransLimitScale="0 1.8 0" upperRotationOffset="10" lowerRotLimitScale="0 0 0">
                <distanceToGround lower="0.65" upper="2"/>
            </inputAttacherJoint>
        </inputAttacherJoints>
        <support animationName="moveSupport"/>
    </attachable>
    <animations>
        <animation name="moveSupport">
            <part node="supportCollision" startTime="0" endTime="0.3" startTrans="0 0.65 -0.718" endTrans="0 -0.085 -0.718"/>
        </animation>
    </animations>
    <workParticles>
		<effect workAreaIndex="1">
            <effectNode effectClass="CultivatorMotionPathEffect" effectType="CULTIVATOR" linkNode="0>0|2|0|5">
                <motionPathEffect textureFilename="$data/effects/cultivator/arrays/sharedCultivatorSweepArray01.dds" numRows="20" rowLength="18" minFade="0.07" isCultivatorSweepEffect="true" />
            </effectNode>
            <effectNode effectClass="CultivatorMotionPathEffect" effectType="CULTIVATOR" linkNode="0>0|2|0|6">
                <motionPathEffect textureFilename="$data/effects/cultivator/arrays/sharedCultivatorSweepArray01.dds" numRows="20" rowLength="18" minFade="0.07" isCultivatorSweepEffect="true" />
            </effectNode>
            <effectNode effectClass="CultivatorMotionPathEffect" effectType="CULTIVATOR" linkNode="0>0|2|0|7">
                <motionPathEffect textureFilename="$data/effects/cultivator/arrays/sharedCultivatorSweepArray01.dds" numRows="20" rowLength="18" minFade="0.07" isCultivatorSweepEffect="true" />
            </effectNode>
            <effectNode effectClass="CultivatorMotionPathEffect" effectType="CULTIVATOR" linkNode="0>0|2|0|8">
                <motionPathEffect textureFilename="$data/effects/cultivator/arrays/sharedCultivatorSweepArray01.dds" numRows="20" rowLength="18" minFade="0.07" isCultivatorSweepEffect="true" />
            </effectNode>
            <effectNode effectClass="CultivatorMotionPathEffect" effectType="CULTIVATOR" linkNode="0>0|2|0|9">
                <motionPathEffect textureFilename="$data/effects/cultivator/arrays/sharedCultivatorSweepArray01.dds" numRows="20" rowLength="18" minFade="0.07" isCultivatorSweepEffect="true" />
            </effectNode>
            <effectNode effectClass="CultivatorMotionPathEffect" effectType="CULTIVATOR" linkNode="0>0|2|0|10">
                <motionPathEffect textureFilename="$data/effects/cultivator/arrays/sharedCultivatorSweepArray01.dds" numRows="20" rowLength="18" minFade="0.07" isCultivatorSweepEffect="true" />
            </effectNode>
            <effectNode effectClass="CultivatorMotionPathEffect" effectType="CULTIVATOR" linkNode="0>0|2|0|11">
                <motionPathEffect textureFilename="$data/effects/cultivator/arrays/sharedCultivatorSweepArray01.dds" numRows="20" rowLength="18" minFade="0.07" isCultivatorSweepEffect="true" />
            </effectNode>
            <effectNode effectClass="CultivatorMotionPathEffect" effectType="CULTIVATOR" linkNode="0>0|2|0|12">
                <motionPathEffect textureFilename="$data/effects/cultivator/arrays/sharedCultivatorSweepArray01.dds" numRows="20" rowLength="18" minFade="0.07" isCultivatorSweepEffect="true" />
            </effectNode>
            <effectNode effectClass="CultivatorMotionPathEffect" effectType="CULTIVATOR" linkNode="0>0|2|0|13">
                <motionPathEffect textureFilename="$data/effects/cultivator/arrays/sharedCultivatorSweepArray01.dds" numRows="20" rowLength="18" minFade="0.07" isCultivatorSweepEffect="true" maxVariationState="0.5"/>
            </effectNode>
        </effect>
        <particle>
            <node node="smokeEmitter" refNodeIndex="1" particleType="SOIL_SMOKE" emitCountScale="0.7"/>
            <node node="soilEmitter" refNodeIndex="1" particleType="SOIL"/>
            <node node="soilChunkEmitter" refNodeIndex="1" particleType="SOIL_CHUNKS" worldSpace="false"/>
            <node node="soilBigChunkEmitter" refNodeIndex="1" particleType="SOIL_BIG_CHUNKS" worldSpace="false"/>
        </particle>
    </workParticles>
	<ai>
        <needsLowering value="true"/>
        <areaMarkers leftNode="aiStart" rightNode="aiWidht" backNode="aiHeight"/>
        <collisionTrigger node="aiCollisionTrigger" width="4.2" height="1.6"/>
        <agentAttachment width="4.0" height="1.5" length="3.8" lengthOffset="0.2"/>
    </ai>
    <foliageBending>
        <bendingNode minX="-1.5" maxX="1.5" minZ="-3.5" maxZ="0.2" yOffset="0.4"/>
    </foliageBending>
    <baseMaterial>
        <material name="famed9_mat" baseNode="famed9_vis">
            <shaderParameter name="colorMat0" value="0.494 0.001 0.002 0"/>
			<shaderParameter name="colorMat7" value="0.494 0.001 0.002 0"/>
        </material>
    </baseMaterial>
	
	<baseMaterialConfigurations useDefaultColors="false">
		<baseMaterialConfiguration name="$l10n_configuration_valueDefault" price="0" color="0.494 0.001 0.002 0"/>
	    <baseMaterialConfiguration name="$l10n_colorRedD" price="250" color="0 0.128 0 0"/>
        <material name="famed9_mat" shaderParameter="colorMat7"/>
    </baseMaterialConfigurations>
	
	<designMaterialConfigurations price="200" useDefaultColors="false">
        <designMaterialConfiguration name="$l10n_configuration_valueDefault" price="0" color="0.494 0.001 0.002 0"/>
	    <designMaterialConfiguration name="$l10n_colorRedD" price="250" color="0.564 0.131 0.001 0"/>
        <material name="famed9_mat" shaderParameter="colorMat0"/>
    </designMaterialConfigurations>
	
	
    <wearable wearDuration="480" workMultiplier="5" fieldMultiplier="2"/>
    <washable dirtDuration="90" washDuration="1" workMultiplier="4" fieldMultiplier="2"/>
    <i3dMappings>
        <i3dMapping id="famed9_chisel_coll" node="0>"/>
        <i3dMapping id="famed9_vis" node="0>0"/>
        <i3dMapping id="attacherJoint" node="0>0|0"/>
        <i3dMapping id="topReferenceNode" node="0>0|0|0"/>
        <i3dMapping id="workAreaStart" node="0>0|1|0"/>
        <i3dMapping id="workAreaWidth" node="0>0|1|1"/>
        <i3dMapping id="workAreaHeight" node="0>0|1|2"/>
        <i3dMapping id="groundReferenceNode" node="0>0|1|3"/>
        <i3dMapping id="soilEffect" node="0>0|2|0|0"/>
        <i3dMapping id="smokeEmitter" node="0>0|2|0|1"/>
        <i3dMapping id="soilEmitter" node="0>0|2|0|2"/>
        <i3dMapping id="soilChunkEmitter" node="0>0|2|0|3"/>
        <i3dMapping id="soilBigChunkEmitter" node="0>0|2|0|4"/>
        <i3dMapping id="dephtNode" node="0>0|2|1"/>
        <i3dMapping id="aiStart" node="0>0|3|0|0"/>
        <i3dMapping id="aiWidht" node="0>0|3|0|1"/>
        <i3dMapping id="aiHeight" node="0>0|3|0|2"/>
        <i3dMapping id="aiCollisionTrigger" node="0>0|3|1"/>
        <i3dMapping id="supportCollision" node="0>0|4|0"/>
    </i3dMappings>
</vehicle>
