﻿<?xml version="1.0" encoding="utf-8" standalone="no" ?>
<modDesc descVersion="61">
    <author>KRKZ-modding</author>
    <version>1.0.0.0</version>
    <title>
        <en>Lizard Famed Chisel Pack</en>
        <de>Lizard Famed Meißelpaket</de>
        <fr>Pack De Ciseaux Lizard Famed</fr>
    </title>
    <description><en>
<![CDATA[Lizard Famed 9-13 Chisel
Pack includes:
Famed 9
-Base Price 18750 $
-Working Width 3.3
-Needed Power 100 Hp
Famed 13
-Base Price 26520 $
-Working Width 5.7
-Needed Power 170 Hp
Category:Plows

FMD 10 Front Chisel
-Base Price 25000 $
-Working Width 5.1
-Needed Power 200 Hp
Category:Plows
]]></en><de>
<![CDATA[Lizard Famed 9-13 Meißelgrubber
Pack beinhaltet:
Famed 9
-Basispreis 18750 €
-Arbeitsbreite 3.3
-Notwendige Leistung 100 PS
Famed 13
-Basispreis 26520 €
-Arbeitsbreite 5.7
-Notwendige Leistung 170 PS
Kategorie: Pflüge

FMD 10 Frontmeißel
-Grundpreis 25000 €
-Arbeitsbreite 5.1
-Benötigte Leistung 200 PS
Kategorie:Pflüge
]]></de><fr>
<![CDATA[Ciseau Lizard Famed 9-13
Pack comprend:
Famed 9
-Prix de base 18750 €
-Largeur de travail 3.3
-Puissance nécessaire 100 Hp
Famed 13
- Prix de base 26520 €
-Largeur de travail 5.7
-Puissance nécessaire 170 Hp
Catégorie: Charrues

Burin avant FMD 10
-Prix de base 25000 €
-Largeur de travail 5.1
-Puissance requise 200 Hp
Catégorie:Charrues
]]></fr>
</description>	
    <iconFilename>icon.dds</iconFilename>
    <multiplayer supported="true"/>
    <storeItems>
        <storeItem xmlFilename="lizard9Chisel.xml"/>
        <storeItem xmlFilename="lizard13Chisel.xml"/>
		<storeItem xmlFilename="lizardFM10.xml"/>
    </storeItems>
	<vehicleTypes>
        <type name="famedChisel" parent="plow" className="Vehicle" filename="$dataS/scripts/vehicles/Vehicle.lua">
            <specialization name="attacherJointControl"/>
        </type>
    </vehicleTypes>
	<l10n>
<text name="colorRedD"><en>Doganlar Edition</en><de>Doganlar Ausgabe</de><fr>Édition Doganlar</fr></text>
</l10n>
</modDesc>
