﻿<?xml version="1.0" encoding="utf-8" standalone="no" ?>
<modDesc descVersion="61">
    <author>ormsey</author>
    <version>1.0.0.0</version>
	<title>
        <en>Stoll Front Loader Tools</en>
    </title>
	<description>
        <en><![CDATA[Stoll Front Loader Tools]]></en>
    </description>
    <iconFilename>icon_stollFrontLoaderTools.dds</iconFilename>
	<multiplayer supported="true" />
    <storeItems>
		<storeItem xmlFilename="vehicles/stollToolShovel.xml" />
		<storeItem xmlFilename="vehicles/stollToolManureFork.xml" />
		<storeItem xmlFilename="vehicles/stollToolManureGrabFork.xml" />
		<storeItem xmlFilename="vehicles/stollToolSilageCutter.xml" />
		<storeItem xmlFilename="vehicles/stollToolBaleFork.xml" />
        <storeItem xmlFilename="vehicles/stollToolBaleGrab.xml" />
		<storeItem xmlFilename="vehicles/stollToolRoundBaleFork.xml" />
		<storeItem xmlFilename="vehicles/stollToolPalletFork.xml" />
		<storeItem xmlFilename="vehicles/stollToolLogFork.xml" />
    </storeItems>
</modDesc>
