﻿<?xml version="1.0" encoding="utf-8" standalone="no" ?>
<modDesc descVersion="60">
    <author>Giants | Enzo_Dino</author>
    <version>2.0.0.0</version>
    <title>
        <en>chickenBarnBig</en>
        <de>chickenBarnBig</de>
    </title>
    <description>
        <en>chickenBarnBig</en>
        <de>chickenBarnBig</de>
    </description>
  <multiplayer supported="true" />
    <iconFilename>icon.png</iconFilename>
    <storeItems>
        <storeItem xmlFilename="chickenBarnBig.xml"/>
    </storeItems>
</modDesc>
