<?xml version="1.0" encoding="utf-8" standalone="no"?>
<modDesc descVersion="63">
    <author>D-S-Agrarservice/Kastor, Floowy, Steven alias W7K</author>

    <version>0.9.0.0</version>

    <title>
        <en>LIZARD MKV Universal Tanktrailer Package</en>
        <de>LIZARD MKV Universal Tankauflieger Pack</de>
        <fr>Ensemble de remorques universelles LIZARD MKV</fr>
    </title>

    <description>
        <en>
<![CDATA[Price: MKV2 55000€, MKV3 90000€
Capacity MKV2: 17000l, 21000l, 25000l (selectable)
Capacity MKV3: 30000l, 40000l, 50000l
Brand: LIZARD
Category: Misc

New universal tanktrailer generation made by LIZARD for almost all liquid filltypes and fertilizer. Not for produced liquids like canola oil!
Big wheels selectable.
Rim color selectable.
Base color selectable.]]>
        </en>
        <de>
<![CDATA[Preis: MKV2 55000€, MKV3 90000€
Kapazität MKV2: 17000l, 21000l, 25000l (wählbar)
Kapazität MKV3: 30000l, 40000l, 50000l
Marke: LIZARD
Kategorie: Sonstiges

Neue universelle Tankaufliegergeneration der Marke LIZARD für fast alle Flüssigkeiten und Dünger. Kein Transport produzierter Flüssigkeiten wie Rapsöl!
Breitreifen wählbar.
Felgenfarbe wählbar.
Tankfarbe wählbar.]]>
        </de>
        <fr>
<![CDATA[Prix: MKV2 55000€, MKV3 90000€
Capacité MKV2: 17000l, 21000l, 25000l (sélectionnable)
Capacité MKV3: 30000l, 40000l, 50000l
Marque: LIZARD
Catégorie: Divers

Nouvelle génération de remorques-citernes universelles fabriquées par LIZARD pour presque tous les types de remplissage de liquides et d'engrais. Pas pour les liquides produits comme l'huile de colza!
Pneus larges sélectionnables
Couleur de la jante sélectionnable.
Couleur du réservoir sélectionnable.]]>
        </fr>
    </description>

    <iconFilename>icon_mkv.dds</iconFilename>
    <l10n filenamePrefix="languages/l10n"/>
    <multiplayer supported="true"/>
    <storeItems>
        <storeItem xmlFilename="xml/mkv2u.xml"/>
        <storeItem xmlFilename="xml/mkv3u.xml"/>
    </storeItems>
</modDesc>
