﻿<?xml version="1.0" encoding="utf-8" standalone="no" ?>
<modDesc descVersion="60">

    <author>Buschi</author>
    <version>1.0.0.0</version>
	
    <iconFilename>textures/icon_fleet.dds</iconFilename>
 
    <title>
        <de>Abfahrer Flotte</de>
        <en>Depature fleet</en>

    </title>
	
    <description>
        <de>MAN Agrar Zugmaschine und Krampe SKS30 konfigurierbar als nummerierte Abfahrer für Rüben, Kartoffeln, Gras, Getreide, e.t.c. </de>
        <en>MAN agricultural tractor and Krampe SKS30 can be configured as numbered depature transporters for beets, potatoes, grass, grains and many more</en>
 </description>
 
 <axisIcons>
		<icon name="AXLELIFT_ICON" filename="textures/axleLift.dds"/>
	</axisIcons>
	
	<multiplayer supported="true" />
    
	<brands>
		<brand name="Leasing" title="Euro-Leasing" image="textures/Leasing.dds"/>
	</brands>

    <extraSourceFiles>
		<sourceFile filename="scripts/categorizer.lua" />
	</extraSourceFiles>
	
	<newcategory name="helper_fleet" title="Leasing Flotte" type="VEHICLE" img="textures/icon_fleet.png" />
    
	<storeItems>
		<storeItem xmlFilename="tgx18500.xml"/>
        <storeItem xmlFilename="sks30_150.xml"/>
    </storeItems>
	
	<l10n>
		<text name="Leasing"> 
		    <en>Leasing Decal</en>
			<de>Leasing Logo</de>
		</text>
		<text name="no_logo"> 
		    <en>no Leasing Decal</en>
			<de>ohne Leasing Logo</de>
		</text>
		<text name="logo"> 
		    <en>with Leasing Decal</en>
			<de>mit Leasing Logo</de>
		</text>
		<text name="numbers"> 
		    <en>Numbers</en>
			<de>Nummern</de>
		</text>
		<text name="no_number"> 
		    <en>no number</en>
			<de>ohne Nummer</de>
		</text>
		<text name="number00"> 
		    <en>wtihout number</en>
			<de>ohne Nummer</de>
		</text>
		<text name="number01"> 
		    <en>number 01</en>
			<de>Nummer 01</de>
		</text>
		<text name="number02"> 
		    <en>number 02</en>
			<de>Nummer 02</de>
		</text>
		<text name="number03"> 
		    <en>number 03</en>
			<de>Nummer 03</de>
		</text>
		<text name="number04"> 
		    <en>number 04</en>
			<de>Nummer 04</de>
		</text>
		<text name="number05"> 
		    <en>number 05</en>
			<de>Nummer 05</de>
		</text>
		<text name="number06"> 
		    <en>number 06</en>
			<de>Nummer 06</de>
		</text>
		<text name="number07"> 
		    <en>number 07</en>
			<de>Nummer 07</de>
		</text>
		<text name="number08"> 
		    <en>number 08</en>
			<de>Nummer 08</de>
		</text>
		<text name="number09"> 
		    <en>number 09</en>
			<de>Nummer 09</de>
		</text>
		<text name="number10"> 
		    <en>number 10</en>
			<de>Nummer 10</de>
		</text>
		<text name="Black"> 
		    <en>Black</en>
			<de>Schwarz</de>
		</text>
		<text name="Gray"> 
		    <en>Gray</en>
			<de>Grau</de>
			</text>
		<text name="fenders"> 
		    <en>Fenders</en>
			<de>Kotflügel</de>		
		</text>
		<text name="type1"> 
		    <en>Type 1</en>
			<de>Typ 1</de>
		</text>
		<text name="type2"> 
		    <en>Type 2</en>
			<de>Typ 2</de>
		</text>
		<text name="type3"> 
		    <en>Type 3</en>
			<de>Typ 3</de>
		</text>
		<text name="defense"> 
		    <en>Headlight cover</en>
			<de>Scheinwerferschutz</de>
		</text>
		<text name="spoiler"> 
		    <en>Spoiler</en>
			<de>Spoiler</de>
		</text>
		<text name="spoiler1"> 
		    <en>side fairings</en>
			<de>Seitenverkleidungen</de>		
		</text>
		<text name="spoiler2"> 
		    <en>Fairings and Spoiler</en>
			<de>Verkleidungen und Spoiler</de>
		</text>
		<text name="spoiler3"> 
		    <en>Fairings</en>
			<de>Verkleidungen</de>
		</text>
		<text name="spoiler4"> 
		    <en>fairings and Spoiler</en>
			<de>Verkleidungen und Spoiler</de>
		</text>
		<text name="beacon"> 
		    <en>Beacon</en>
			<de>Rundumleuchte</de>	
		</text>
		<text name="Mirror"> 
		    <en>Mirror</en>
			<de>Spiegel</de>	
		</text>
		<text name="plastic_gray"> 
		    <en>Gray plastic</en>
			<de>Plastik grau</de>
		</text>
		<text name="plastic_black"> 
		    <en>Black plastic</en>
			<de>Plastik schwarz</de>
		</text>
		<text name="metal"> 
		    <en>Metal (ochrass)</en>
			<de>Metall (farbig)</de>
		</text>
		<text name="nametags"> 
		    <en>nametags</en>
			<de>Namensschilder</de>
		</text>
		<text name="nametag00"> 
		    <en>wtihout nametag</en>
			<de>ohne Namensschild</de>
		</text>
		<text name="nametag01"> 
		    <en>nametag 01</en>
			<de>Namensschild 01</de>
		</text>
		<text name="nametag02"> 
		    <en>nametag 02</en>
			<de>Namensschild 02</de>
		</text>
				<text name="nametag03"> 
		    <en>nametag 03</en>
			<de>Namensschild 03</de>
		</text>
				<text name="nametag04"> 
		    <en>nametag 04</en>
			<de>Namensschild 04</de>
		</text>
				<text name="nametag05"> 
		    <en>nametag 05</en>
			<de>Namensschild 05</de>
		</text>
				<text name="nametag06"> 
		    <en>nametag 06</en>
			<de>Namensschild 06</de>
		</text>
				<text name="nametag07"> 
		    <en>nametag 07</en>
			<de>Namensschild 07</de>
		</text>
				<text name="nametag08"> 
		    <en>nametag 08</en>
			<de>Namensschild 08</de>
		</text>
				<text name="nametag09"> 
		    <en>nametag 09</en>
			<de>Namensschild 09</de>
		</text>
				<text name="nametag10"> 
		    <en>nametag 10</en>
			<de>Namensschild 10</de>
		</text>
		<text name="blende"> 
		    <en>MAN attention sunshield</en>
			<de>MAN Werbung Sonnenschild</de>
		</text>
		</l10n>

</modDesc>
