﻿<?xml version="1.0" encoding="utf-8" standalone="no" ?>
<vehicle type="tractor" xmlns:xsi="http://www.w3.org/2001/XMLSchema-instance" xsi:noNamespaceSchemaLocation="$shared/xml/schema/vehicle.xsd">
    <annotation>Copyright (C) GIANTS Software GmbH, All Rights Reserved.</annotation>

    <storeData>
        <name>TGS 18.500</name>
        <specs>
            <power>400</power>
            <maxSpeed>90</maxSpeed>
            <combination xmlFilename="$data/vehicles/demco/sideDump/sideDump.xml"/>
            <combination xmlFilename="$data/vehicles/wilsonTrailer/pacesetter/pacesetter.xml"/>
            <combination xmlFilename="$data/vehicles/lodeKing/distinctionTripleHopper/distinctionTripleHopper.xml"/>
            <combination xmlFilename="$data/vehicles/lodeKing/distinctionSuperB/distinctionSuperB.xml"/>
            <combination xmlFilename="$data/vehicles/meridian/conveyAllCST1550/conveyAllCST1550.xml"/>
            <combination xmlFilename="$data/vehicles/lizard/moduleX/moduleX.xml"/>
            <combination xmlFilename="$data/vehicles/kotte/tsa/tsa.xml"/>
            <combination xmlFilename="$data/vehicles/fliegl/timberRunner/timberRunner.xml"/>
            <combination xmlFilename="$data/vehicles/lizard/mks32/mks32.xml"/>
            <combination xmlFilename="$data/vehicles/wilsonTrailer/silverstar/silverstar.xml"/>
            <combination xmlFilename="$data/vehicles/demco/steelDropDeck/steelDropDeck.xml"/>
            <combination xmlFilename="$data/vehicles/lodeKing/renownTriAxleBeavertailLowDrop/renownTriAxleBeavertailLowDrop.xml"/>
            <combination xmlFilename="$data/vehicles/krone/profiLiner/profiLiner.xml"/>
        </specs>
        <functions>
            <function>$l10n_function_truck</function>
        </functions>
        <image>store_tgx18500.png</image>
        <price>110000</price>
        <lifetime>600</lifetime>
        <rotation>0</rotation>
        <brand>MAN</brand>
        <category>helper_fleet</category>
        <shopTranslationOffset>0 0.022 0</shopTranslationOffset>
        <shopRotationOffset>-0.316 0 0</shopRotationOffset>
        <vertexBufferMemoryUsage>4308480</vertexBufferMemoryUsage>
        <indexBufferMemoryUsage>776960</indexBufferMemoryUsage>
        <textureMemoryUsage>4718592</textureMemoryUsage>
        <instanceVertexBufferMemoryUsage>0</instanceVertexBufferMemoryUsage>
        <instanceIndexBufferMemoryUsage>0</instanceIndexBufferMemoryUsage>
        <audioMemoryUsage>467580</audioMemoryUsage>
    </storeData>

    <base>
        <typeDesc>$l10n_typeDesc_truck</typeDesc>
        <filename>tgx18500.i3d</filename>
        <sounds filename="sounds/tgx18500.xml"/>
        <size width="3.5" length="7" lengthOffset="-0.2"/>
        <components>
            <component centerOfMass="0 0.3 1.35" solverIterationCount="10" mass="6900"/>
        </components>
        <schemaOverlay attacherJointPosition="0 0" name="TRUCK" />
        <mapHotspot type="TRUCK" />
    </base>

    <wheels>
        <wheelConfigurations>
             <wheelConfiguration name="$l10n_configuration_valueDefault" price="0" brand="CONTINENTAL">
                <wheels autoRotateBackSpeed="2.2">
                    <wheel filename="$data/shared/wheels/tires/continental/contiCrossTracHS3/385_65R22_5.xml" configId="truckTrailer03" isLeft="true"  hasTireTracks="true" hasParticles="true" >
                        <physics rotSpeed="1"  restLoad="1.8" repr="axisFrontLeft"  driveNode="wheelFrontLeft"  mass="1" forcePointRatio="0.5" initialCompression="25" suspTravel="0.25" spring="150" damper="200" yOffset="0.03" frictionScale="1.9" />
                    </wheel>
                    <wheel filename="$data/shared/wheels/tires/continental/contiCrossTracHS3/385_65R22_5.xml" configId="truckTrailer03" isLeft="false" hasTireTracks="true" hasParticles="true" >
                        <physics rotSpeed="1"  restLoad="1.8" repr="axisFrontRight" driveNode="wheelFrontRight" mass="1" forcePointRatio="0.5" initialCompression="25" suspTravel="0.25" spring="150" damper="200" yOffset="0.03" frictionScale="1.9" />
                    </wheel>
                    <wheel filename="$data/shared/wheels/tires/continental/contiHybridHD3/315_80R22_5.xml" configId="dual" isLeft="true" hasTireTracks="true" hasParticles="true" >
                        <physics rotSpeed="0"  restLoad="1.1" repr="wheelBackLeft"  mass="1" forcePointRatio="0.5" initialCompression="5" suspTravel="0.2" spring="200" damper="250" yOffset="0.03" frictionScale="1.8" />
                        <additionalWheel filename="$data/shared/wheels/tires/continental/contiHybridHD3/315_80R22_5.xml" configId="dualConnector" isLeft="true" offset="0.09" />
                    </wheel>
                    <wheel filename="$data/shared/wheels/tires/continental/contiHybridHD3/315_80R22_5.xml" configId="dual" isLeft="false" hasTireTracks="true" hasParticles="true" >
                        <physics rotSpeed="0"  restLoad="1.1" repr="wheelBackRight" mass="1" forcePointRatio="0.5" initialCompression="5" suspTravel="0.2" spring="200" damper="250" yOffset="0.03" frictionScale="1.8" />
                        <additionalWheel filename="$data/shared/wheels/tires/continental/contiHybridHD3/315_80R22_5.xml" configId="dualConnector" isLeft="false" offset="0.09" />
                    </wheel>
                </wheels>
            </wheelConfiguration>
        </wheelConfigurations>

        <ackermannSteeringConfigurations>
            <ackermannSteering rotSpeed="35" rotMax="45" rotCenterWheel1="3" rotCenterWheel2="4" />
        </ackermannSteeringConfigurations>

        <hubs>
            <color0>SHARED_DA_METAL_BLACK</color0>
            <color1>SHARED_GREY1</color1>
            <hub linkNode="wheelBackLeft"   filename="$data/shared/wheels/hubs/hub_n10_13.xml" isLeft="true"  scale="0.22 0.35 0.35" />
            <hub linkNode="wheelBackRight"  filename="$data/shared/wheels/hubs/hub_n10_13.xml" isLeft="false" scale="0.22 0.35 0.35" />
        </hubs>
    </wheels>

    <rimColorConfigurations useDefaultColors="true" price="300" >
	    <rimColorConfiguration name="$l10n_ui_colorChrome" color="SHARED_WHITE2" uiColor="SHARED_GREY2" material="3" />
        <rimColorConfiguration name="$l10n_ui_colorBeige"  color="MAN_BEIGECLASSIC" />
    </rimColorConfigurations>

    <dynamicallyLoadedParts>
        <dynamicallyLoadedPart node="0" linkNode="wheelChock01" filename="$data/shared/assets/wheelChocks/wheelChock01.i3d"/>
    </dynamicallyLoadedParts>

    <lights>
        <states>
            <state lightTypes="0" />
        </states>

        <realLights>
            <low>
                <light node="frontLightLow"         lightTypes="0" excludedLightTypes="1 1" />
                <light node="highBeamLow"           lightTypes="2" />
            </low>
            <high>
                <light node="frontLightHigh"         lightTypes="0" excludedLightTypes="1 2" />
                <light node="backLightsHigh1"        lightTypes="0"/>
				<light node="highBeamHigh"           lightTypes="3"/>
                <brakeLight node="backLightsHigh1" />
                <turnLightLeft node="turnLightLeftFront" />
                <turnLightRight node="turnLightRightFront" />
                <reverseLight node="reverseLight" />
                <interiorLight node="interiorScreenLight"/>
            </high>
        </realLights>

        <defaultLights>
            <defaultLight shaderNode="frontlightStatic" lightTypes="0 2"/>
            <defaultLight shaderNode="frontlightStaticCabin" lightTypes="0 2"/>
            <defaultLight shaderNode="backLightStatic" lightTypes="0"/>
			<defaultLight shaderNode="highbeamStatic"        lightTypes="3"/>
        </defaultLights>

        <turnLights>
            <turnLightLeft shaderNode="turnlightBackLeftStatic" />
            <turnLightLeft shaderNode="turnlightFrontLeftStatic" />
            <turnLightLeft shaderNode="sideLeftStatic" />
            <turnLightRight shaderNode="turnlightBackRightStatic" />
            <turnLightRight shaderNode="turnlightFrontRightStatic" />
            <turnLightRight shaderNode="sideRightStatic" />
        </turnLights>
		
        <beaconLights>
		    <beaconLight node="0>0|4|0|0|12|0" filename="$data/shared/assets/beaconLights/lizard/beaconLight08.xml" />
            <beaconLight node="0>0|4|0|0|12|1"  filename="$data/shared/assets/beaconLights/lizard/beaconLight08.xml" />
            <beaconLight node="0>0|4|0|0|13|0" filename="$data/shared/assets/beaconLights/lizard/beaconLight06.xml" />
            <beaconLight node="0>0|4|0|0|13|1"  filename="$data/shared/assets/beaconLights/lizard/beaconLight06.xml" />
        </beaconLights>

        <brakeLights>
            <brakeLight shaderNode="brakeLightStatic" />
        </brakeLights>

        <reverseLights>
            <reverseLight shaderNode="reverselightStatic" />
        </reverseLights>

        <sounds>
            <switchLight template="SWITCH_01" linkNode="0>" />
            <turnLight template="SWITCH_TURNLIGHT" linkNode="0>" />
        </sounds>
		
		<dashboards>
            <dashboard displayType="EMITTER" valueType="lightState" node="cabinLightDecal" intensity="0.3" lightTypes="0" groups="MOTOR_ACTIVE"/>
            <dashboard displayType="EMITTER" valueType="lightState" node="dashboardGaugesDecal" intensity="0.3" lightTypes="0" groups="MOTOR_ACTIVE"/>
            <dashboard displayType="EMITTER" valueType="lightState" node="fuelNeedleGlow" intensity="0.3" lightTypes="0" groups="MOTOR_ACTIVE"/>
            <dashboard displayType="EMITTER" valueType="lightState" node="tempNeedleGlow" intensity="0.3" lightTypes="0" groups="MOTOR_ACTIVE"/>
            <dashboard displayType="EMITTER" valueType="lightState" node="airNeedle01Glow" intensity="0.3" lightTypes="0" groups="MOTOR_ACTIVE"/>
            <dashboard displayType="EMITTER" valueType="lightState" node="airNeedle02Glow" intensity="0.3" lightTypes="0" groups="MOTOR_ACTIVE"/>
            <dashboard displayType="EMITTER" valueType="lightState" node="speedNeedleGlow" intensity="0.3" lightTypes="0" groups="MOTOR_ACTIVE"/>
            <dashboard displayType="EMITTER" valueType="lightState" node="decalsMan1" intensity="0.8" lightTypes="0" groups="MOTOR_ACTIVE"/>
            <dashboard displayType="EMITTER" valueType="lightState" node="rpmNeedleGlow" intensity="0.3" lightTypes="0" groups="MOTOR_ACTIVE"/>
            <dashboard displayType="EMITTER" valueType="turnLightLeft"  node="turnlightLeftDecal"      baseColor="BLACK" emitColor="GREEN" groups="MOTOR_ACTIVE"/>
            <dashboard displayType="EMITTER" valueType="turnLightRight" node="turnlightRightDecal"     baseColor="BLACK" emitColor="GREEN" groups="MOTOR_ACTIVE"/>
            <dashboard displayType="ROT"     valueType="turnLight"       node="leverTurnlight" minRot="0 10 0" maxRot="0 -10 0" doInterpolation="true" />
        </dashboards>
		
    </lights>
	
    <licensePlates>
        <licensePlate node="licensePlateFront" position="FRONT" preferedType="ELONGATED" placementArea="0.1 0.3 0.08 0.3"/>
        <licensePlate node="licensePlateBack"  position="BACK"  preferedType="ELONGATED" placementArea="0.08 0.28 0.15 0.28"/>
    </licensePlates>

    <attacherJoints>
        <attacherJoint node="semitrailerAttacherJoint" jointType="semitrailer" allowsJointLimitMovement="false" allowsLowering="false" lowerRotLimit="12 125 12">
            <schema position="1 0" rotation="0" invertX="false" />
        </attacherJoint>
    </attacherJoints>

    <connectionHoses>
        <target attacherJointIndices="1" type="airDoubleRed" node="airDoubleStorage" socket="air_red" straighteningFactor="2"/>
        <target attacherJointIndices="1" type="airDoubleYellow" node="airDoubleControl" socket="air_yellow" straighteningFactor="2"/>
        <target attacherJointIndices="1" type="electric" node="electric" socket="electric" straighteningFactor="2"/>
        <target attacherJointIndices="1" type="hydraulicIn" node="hydraulicIn" straighteningFactor="2"/>
        <target attacherJointIndices="1" type="hydraulicOut" node="hydraulicOut" straighteningFactor="2"/>
    </connectionHoses>

    <enterable isTabbable="true">
        <enterReferenceNode node="tgs18500_main_component1"/>
        <exitPoint node="exitPoint"/>
        <cameras>
            <camera node="outdoorCamera1" rotatable="true" rotateNode="outdoorCameraTarget" limit="true" useWorldXZRotation="true" rotMinX="-1.4" rotMaxX="1" transMin="4.5" transMax="40" translation="0 0 9" rotation="-20 180 0">
                <raycastNode node="cameraRaycastNode1"/>
                <raycastNode node="cameraRaycastNode2"/>
                <raycastNode node="cameraRaycastNode3"/>
            </camera>
            <camera node="indoorCamera1" useDefaultPositionSmoothing="false" rotatable="true" limit="true" rotMinX="-1.1" rotMaxX="0.4" transMin="0" transMax="0" useMirror="true" isInside="true" shadowFocusBox="shadowFocusBox"/>
        </cameras>
	
        <characterNode node="playerSkin" cameraMinDistance="1.5" spineRotation="-90 0 90">
            <target ikChain="rightFoot" targetNode="playerRightFootTarget"/>
            <target ikChain="leftFoot" targetNode="playerLeftFootTarget"/>
            <target ikChain="rightArm" targetNode="playerRightHandTarget"/>
            <target ikChain="leftArm" targetNode="playerLeftHandTarget"/>
        </characterNode>
	
        <characterTargetNodeModifier node="playerRightFootTarget" transitionTime="0.1">
            <state node="playerRightFootTargetGas" referenceNode="gasPedal" directionReferenceNode="playerRightFootTargetGasRef"/>
            <state node="playerRightFootTargetBrake" referenceNode="brakePedal" directionReferenceNode="playerRightFootTargetBrakeRef"/>
        </characterTargetNodeModifier>
	
        <mirrors>
            <mirror node="mirrorDecal01" prio="2"/>
            <mirror node="mirrorDecal02" prio="2"/>
            <mirror node="mirrorDecal03" prio="1"/>
            <mirror node="mirrorDecal04" prio="1"/>
        </mirrors>
    </enterable>

    <motorized statsType="truck">
        <consumerConfigurations>
            <consumerConfiguration>
                <consumer fillUnitIndex="1" usage="150" fillType="diesel" /> <!-- usage is per hour at max load and max rpm -->
                <consumer fillUnitIndex="2" usage="20" fillType="def" /> <!-- usage is per hour at max load and max rpm -->
                <consumer fillUnitIndex="3" usage="300" fillType="air" permanentConsumption="false" refillLitersPerSecond="350" refillCapacityPercentage="0.5" /> <!-- usage per second at full brake power -->
            </consumerConfiguration>
        </consumerConfigurations>

        <differentialConfigurations>
            <differentialConfiguration>
                <differentials>
                    <differential torqueRatio="0.5" maxSpeedRatio="1.7" wheelIndex1="3" wheelIndex2="4" /> <!-- back 1-2 -->
                    <differential torqueRatio="0.5" maxSpeedRatio="1.7" differentialIndex1="1" /> <!-- back -->
                </differentials>
            </differentialConfiguration>
        </differentialConfigurations>

        <motorConfigurations>
            <motorConfiguration name="TGX 18.500" hp="400" price="0">
                <motor torqueScale="2.0" minRpm="850" maxRpm="2400" maxForwardSpeed="90" maxBackwardSpeed="15" brakeForce="10" lowBrakeForceScale="0.22" rotInertia="0.004788">
                    <torque rpm="850" torque="0.9"/>
                    <torque rpm="1000" torque="1"/>
                    <torque rpm="1450" torque="1"/>
                    <torque rpm="1900" torque="0.75"/>
                    <torque rpm="2200" torque="0.63"/>
                    <torque rpm="2500" torque="0.2"/>
                </motor>
                <transmission minForwardGearRatio="10" maxForwardGearRatio="200" minBackwardGearRatio="40" maxBackwardGearRatio="200"/>
            </motorConfiguration>
			
			<motorConfiguration name="TGX 18.500 Turbo" hp="600" price="15000">
                <motor torqueScale="4.5" />
            </motorConfiguration>
        </motorConfigurations>

        <motorStartDuration>3300</motorStartDuration>

        <dashboards>
            <dashboard displayType="ANIMATION" valueType="speed"            animName="speedDisplay"  minValueAnim="0" maxValueAnim="125" groups="MOTOR_ACTIVE"/>
            <dashboard displayType="ANIMATION" valueType="motorTemperature" animName="tempDisplay"  minValueAnim="0" maxValueAnim="120" groups="MOTOR_ACTIVE"/>
            <dashboard displayType="ANIMATION" valueType="rpm"              animName="rpmDisplay"  minValueAnim="500" maxValueAnim="3000" groups="MOTOR_ACTIVE"/>
            <dashboard displayType="MULTI_STATE" valueType="ignitionState" node="ignitionKey" doInterpolation="true" groups="MOTOR_ACTIVE">
                <state value="0" rotation="0 0 0"/>
                <state value="1" rotation="0 0 -90"/>
                <state value="2" rotation="0 0 -30"/>
            </dashboard>
        </dashboards>
    </motorized>

    <drivable>
        <steeringWheel node="steeringWheel" indoorRotation="360" outdoorRotation="35" />

        <dashboards>
            <dashboard displayType="ROT" valueType="decelerationAxis" node="brakePedal" minRot="0 0 0" maxRot="-15 0 0" doInterpolation="true" groups="MOTOR_ACTIVE"/>
            <dashboard displayType="ROT" valueType="accelerationAxis" node="gasPedal" minRot="0 0 0" maxRot="-15 0 0" doInterpolation="true" groups="MOTOR_ACTIVE"/>
        </dashboards>
    </drivable>

    <fillUnit>
        <fillUnitConfigurations>
            <fillUnitConfiguration>
                <fillUnits>
                    <fillUnit unitTextOverride="$l10n_unit_literShort" showOnHud="false" showInShop="false" fillTypes="diesel" capacity="900">
                        <dashboard displayType="ANIMATION" valueType="fillLevel" animName="fuelDisplay" groups="MOTOR_ACTIVE"/>
                    </fillUnit>
                    <fillUnit unitTextOverride="$l10n_unit_literShort" showOnHud="false" showInShop="false" showOnInfoHud="false" fillTypes="def" capacity="60"/>
                    <fillUnit unitTextOverride="$l10n_unit_literShort" showOnHud="false" showInShop="false" showOnInfoHud="false" fillTypes="air" capacity="4000"/>
                </fillUnits>
            </fillUnitConfiguration>
        </fillUnitConfigurations>
    </fillUnit>

    <animations>
        <animation name="tempDisplay">
            <part node="tempNeedle" startTime="0" endTime="1" startRot="0 0 0" endRot="0 0 50"/>
        </animation>
        <animation name="fuelDisplay">
            <part node="fuelNeedle" startTime="0" endTime="1" startRot="0 0 0" endRot="0 0 51"/>
        </animation>
        <animation name="rpmDisplay">
            <part node="rpmNeedle" startTime="0" endTime="1" startRot="0 0 0" endRot="0 0 223"/>
        </animation>
        <animation name="speedDisplay">
            <part node="speedNeedle" startTime="0" endTime="1" startRot="0 0 0" endRot="0 0 225"/>
        </animation>
        <animation name="airDisplay">
            <part node="airNeedle01" startTime="0" endTime="0.6" startRot="0 0 0" endRot="0 0 50"/>
            <part node="airNeedle02" startTime="0.4" endTime="1" startRot="0 0 0" endRot="0 0 50"/>
        </animation>
        <animation name="wiperAnimation">
            <part node="wiper01" startTime="0" endTime="1" startRot="0 0 0"    endRot="0 -2 -90"/>
            <part node="wiper01" startTime="1" endTime="2" startRot="0 -2 -90" endRot="0 0 0"/>
            <part node="wiper02" startTime="0" endTime="1" startRot="0 0 0"    endRot="0 4 -90"/>
            <part node="wiper02" startTime="1" endTime="2" startRot="0 4 -90"  endRot="0 0 0"/>

            <sound template="wiper1" startTime="0" endTime="1" direction="1"   volumeScale="1.2" pitchScale="0.7" fadeOut="0.1" linkNode="wiper01" />
            <sound template="wiper2" startTime="1" endTime="2" direction="1"   volumeScale="1.2" pitchScale="0.7" fadeOut="0.1" linkNode="wiper01" />
            <sound template="wiper1" startTime="1" endTime="2" direction="-1"  volumeScale="1.2" pitchScale="0.7" fadeOut="0.1" linkNode="wiper01" />
            <sound template="wiper2" startTime="0" endTime="1" direction="-1"  volumeScale="1.2" pitchScale="0.7" fadeOut="0.1" linkNode="wiper01" />
        </animation>
    </animations>

    <wipers>
        <wiper animName="wiperAnimation" >
            <state animSpeed="0.75" animPause="2.0" />
            <state animSpeed="0.75" animPause="0.0" />
            <state animSpeed="1.10" animPause="0.0" />
        </wiper>
    </wipers>
	
    <cylindered>
        <movingTools>
		    <movingTool node="most" playSound="true" wheelIndices="3 4">
                <translation transSpeed="0.2" transAcceleration="15" transMax="0.058" transMin="-0.1" translationAxis="2"/>
                <controls axis="AXIS_WHEEL_BASE" invertAxis="false" iconName="AXLELIFT_ICON"/>
		    </movingTool>
        </movingTools>
        <movingParts>
            <movingPart node="steeringBar" referencePoint="steeringBarRef" referenceFrame="steeringBarRef" isActiveDirty="true" maxUpdateDistance="40"/>
        </movingParts>
    </cylindered>

    <suspensions>
        <suspension node="cabin" weight="269" minRotation="-7 0 -7" maxRotation="7 0 7" suspensionParametersX="120 10" suspensionParametersZ="120 10"/>
        <suspension node="seat" weight="150" minTranslation="-0.05 -0.15 0.0" maxTranslation="0.05 0.15 0.0" suspensionParametersX="20 4" suspensionParametersY="5 1" suspensionParametersZ="20 4"/>
        <suspension useCharacterTorso="true" weight="90" minRotation="0 -5 -5" maxRotation="0 5 5" suspensionParametersY="7 1" suspensionParametersZ="7 1"/>
    </suspensions>

    <ai>
        <agent width="2.65" length="6.65" height="3.55" lengthOffset="2.15" frontOffset="3.915" />
        <collisionTrigger node="aiCollisionNode" width="3.1" height="3.5"/>
    </ai>

    <dashboard>
        <groups>
            <group name="MOTOR_STARTING" isMotorStarting="true"/>
            <group name="MOTOR_ACTIVE" isMotorStarting="true" isMotorRunning="true"/>
        </groups>
        <default>
            <dashboard displayType="EMITTER" node="dashboardDisplayDecal" idleValue="-1" intensity="0.3" groups="MOTOR_ACTIVE"/>
        </default>
    </dashboard>

    <baseMaterial>
        <material name="tgx18500_mat" baseNode="tgx18500_vis">
            <shaderParameter name="colorMat0" value="MAN_RED1"/>
            <shaderParameter name="colorMat7" value="MAN_RED1"/>
            <shaderParameter name="colorMat2" value="MAN_BLUE6"/>
        </material>
        <material name="przetloczenia_mat" baseNode="przetloczenia">
            <shaderParameter name="colorMat0" value="MAN_RED1"/>
        </material>
        <material name="addons_mat" baseNode="owiewki_metal">
            <shaderParameter name="colorMat7" value="MAN_RED1"/>
        </material>
        <material name="addons_mat" baseNode="owiewki_plastik">
            <shaderParameter name="colorMat7" value="MAN_RED1"/>
			<shaderParameter name="colorMat1" value="MAN_RED1"/>
        </material>
    </baseMaterial>

    <baseMaterialConfigurations price="300" useDefaultColors="false" defaultColorIndex="1">
	    <baseMaterialConfiguration name="WHITE" 				color="SHARED_WHITE2" 			  	price="100"/>
		<baseMaterialConfiguration name="WHITE 2" 		        color="ANNABURGER_WHITE1" 		    price="100"/> 
		<baseMaterialConfiguration name="BLUE" 					color="NEWHOLLAND_BLUE1" 		  	price="100"/>
		<baseMaterialConfiguration name="BLUE 2" 				color="LEMKEN_BLUE1" 		     	price="100"/>
		<baseMaterialConfiguration name="RED" 	     		    color="KRAMPE_RED1" 		  	    price="100" />
		<baseMaterialConfiguration name="RED 2" 	     		color="SILOKING_RED1" 		  	price="100" />
		<baseMaterialConfiguration name="YELLOW" 				color="JOHNDEERE_YELLOW1" 		 	price="100"/>
		<baseMaterialConfiguration name="YELLOW 2" 				color="MANITOU_BRIGHTYELLOW" 		price="100"/>
		<baseMaterialConfiguration name="ORANGE" 				color="LIEBHERR_YELLOW1" 		    price="100"/>
		<baseMaterialConfiguration name="GRAY" 	  				color="SHARED_GREY5" 			  	price="100"/>
		<baseMaterialConfiguration name="GREY 2" 			    color="CLAAS_DARKGREY1" 	  		price="100"/>
		<baseMaterialConfiguration name="BLUE GRAY" 			color="HATZENBICHLER_DARKBLUE1"	 	price="100"/>
		<baseMaterialConfiguration name="GREEN"  				color="GESSNER_GREEN1" 			    price="100"/>
		<baseMaterialConfiguration name="GREEN 2"  				color="CLAAS_GREEN1" 			    price="100"/>
		<baseMaterialConfiguration name="GREEN 3"				color="0.0000 0.0578 0.0630 0"	    price="100"/>
		<baseMaterialConfiguration name="GREEN 4"  				color="GESSNER_GREEN2" 			    price="100"/>
		<baseMaterialConfiguration name="OLIVE" 				color="URSUS_OLIVE1" 			  	price="100"/>
		<baseMaterialConfiguration name="BEIGE" 				color="MAN_BEIGECLASSIC" 			price="100"/>
		
        <material name="tgx18500_mat"      shaderParameter="colorMat0"/>
        <material name="addons_mat"        shaderParameter="colorMat7"/>
        <material name="przetloczenia_mat" shaderParameter="colorMat0"/>
    </baseMaterialConfigurations>

	<designMaterialConfigurations price="300" useDefaultColors="false" defaultColorIndex="1">
        <designMaterialConfiguration name="WHITE" 				color="SHARED_WHITE2" 			  	price="100"/>
		<designMaterialConfiguration name="WHITE 2" 		        color="ANNABURGER_WHITE1" 		    price="100"/> 
		<designMaterialConfiguration name="BLUE" 					color="NEWHOLLAND_BLUE1" 		  	price="100"/>
		<designMaterialConfiguration name="BLUE 2" 				color="LEMKEN_BLUE1" 		     	price="100"/>
		<designMaterialConfiguration name="RED" 	     		    color="KRAMPE_RED1" 		  	    price="100" />
		<designMaterialConfiguration name="RED 2" 	     		    color="SILOKING_RED1" 		  	    price="100" />
		<designMaterialConfiguration name="YELLOW" 				color="JOHNDEERE_YELLOW1" 		 	price="100"/>
		<designMaterialConfiguration name="YELLOW 2" 				color="MANITOU_BRIGHTYELLOW" 		 	price="100"/>
		<designMaterialConfiguration name="ORANGE" 				color="LIEBHERR_YELLOW1" 		    price="100"/>
		<designMaterialConfiguration name="GRAY" 	  				color="SHARED_GREY5" 			  	price="100"/>
		<designMaterialConfiguration name="GREY 2" 			    color="CLAAS_DARKGREY1" 	  		price="100"/>
		<designMaterialConfiguration name="BLUE GRAY" 			color="HATZENBICHLER_DARKBLUE1"	 	price="100"/>
		<designMaterialConfiguration name="GREEN"  				color="GESSNER_GREEN1" 			    price="100"/>
		<designMaterialConfiguration name="GREEN 2"  				color="CLAAS_GREEN1" 			    price="100"/>
		<designMaterialConfiguration name="GREEN 3"				color="0.0000 0.0578 0.0630 0"	    price="100"/>
		<designMaterialConfiguration name="GREEN 4"  				color="GESSNER_GREEN2" 			    price="100"/>
		<designMaterialConfiguration name="OLIVE" 				color="URSUS_OLIVE1" 			  	price="100"/>
		<designMaterialConfiguration name="BEIGE" 				color="MAN_BEIGECLASSIC" 			price="100"/>
		<material name="tgx18500_mat" shaderParameter="colorMat7"/>
		<material name="addons_mat" shaderParameter="colorMat1"/>
	</designMaterialConfigurations>	

    <designConfigurations title="$l10n_fenders">
        <designConfiguration name="$l10n_type1" price="0">
            <objectChange node="blotniki_1"  visibilityActive="true"/>
            <objectChange node="blotniki_2"  visibilityActive="false"/>
        </designConfiguration>
        <designConfiguration name="$l10n_type2" price="500">
            <objectChange node="blotniki_1"  visibilityActive="false"/>
            <objectChange node="blotniki_2"  visibilityActive="true"/>
        </designConfiguration>
    </designConfigurations>
	
	<design3Configurations title="$l10n_Mirror">
        <design3Configuration name="$l10n_plastic_gray" price="0">
            <objectChange node="mirror_plastic"  visibilityActive="true"/>
			<objectChange node="mirror_plastic_black"  visibilityActive="false"/>
            <objectChange node="mirror_metal"  visibilityActive="false"/>
        </design3Configuration>
        <design3Configuration name="$l10n_plastic_black" price="500">
            <objectChange node="mirror_plastic"  visibilityActive="false"/>
            <objectChange node="mirror_plastic_black"  visibilityActive="true"/>
            <objectChange node="mirror_metal"  visibilityActive="false"/>
        </design3Configuration>
		<design3Configuration name="$l10n_metal" price="1000">
            <objectChange node="mirror_plastic"  visibilityActive="false"/>
			<objectChange node="mirror_plastic_black"  visibilityActive="false"/>
            <objectChange node="mirror_metal"  visibilityActive="true"/>
        </design3Configuration>
    </design3Configurations>
	
		<design4Configurations title="$l10n_nametags">
        <design4Configuration name="$l10n_nametag00" price="0">
            <objectChange node="0>0|4|0|0|8|9|5|0"  visibilityActive="false"/>
			<objectChange node="0>0|4|0|0|8|9|5|1"  visibilityActive="false"/>
			<objectChange node="0>0|4|0|0|8|9|5|2"  visibilityActive="false"/>
			<objectChange node="0>0|4|0|0|8|9|5|3"  visibilityActive="false"/>
			<objectChange node="0>0|4|0|0|8|9|5|4"  visibilityActive="false"/>
			<objectChange node="0>0|4|0|0|8|9|5|5"  visibilityActive="false"/>
			<objectChange node="0>0|4|0|0|8|9|5|6"  visibilityActive="false"/>
			<objectChange node="0>0|4|0|0|8|9|5|7"  visibilityActive="false"/>
			<objectChange node="0>0|4|0|0|8|9|5|8"  visibilityActive="false"/>
			<objectChange node="0>0|4|0|0|8|9|5|9"  visibilityActive="false"/>
        </design4Configuration>
		<design4Configuration name="$l10n_nametag01" price="5">
            <objectChange node="0>0|4|0|0|8|9|5|0"  visibilityActive="true"/>
			<objectChange node="0>0|4|0|0|8|9|5|1"  visibilityActive="false"/>
			<objectChange node="0>0|4|0|0|8|9|5|2"  visibilityActive="false"/>
			<objectChange node="0>0|4|0|0|8|9|5|3"  visibilityActive="false"/>
			<objectChange node="0>0|4|0|0|8|9|5|4"  visibilityActive="false"/>
			<objectChange node="0>0|4|0|0|8|9|5|5"  visibilityActive="false"/>
			<objectChange node="0>0|4|0|0|8|9|5|6"  visibilityActive="false"/>
			<objectChange node="0>0|4|0|0|8|9|5|7"  visibilityActive="false"/>
			<objectChange node="0>0|4|0|0|8|9|5|8"  visibilityActive="false"/>
			<objectChange node="0>0|4|0|0|8|9|5|9"  visibilityActive="false"/>
        </design4Configuration>
		<design4Configuration name="$l10n_nametag02" price="5">
            <objectChange node="0>0|4|0|0|8|9|5|0"  visibilityActive="false"/>
			<objectChange node="0>0|4|0|0|8|9|5|1"  visibilityActive="true"/>
			<objectChange node="0>0|4|0|0|8|9|5|2"  visibilityActive="false"/>
			<objectChange node="0>0|4|0|0|8|9|5|3"  visibilityActive="false"/>
			<objectChange node="0>0|4|0|0|8|9|5|4"  visibilityActive="false"/>
			<objectChange node="0>0|4|0|0|8|9|5|5"  visibilityActive="false"/>
			<objectChange node="0>0|4|0|0|8|9|5|6"  visibilityActive="false"/>
			<objectChange node="0>0|4|0|0|8|9|5|7"  visibilityActive="false"/>
			<objectChange node="0>0|4|0|0|8|9|5|8"  visibilityActive="false"/>
			<objectChange node="0>0|4|0|0|8|9|5|9"  visibilityActive="false"/>
        </design4Configuration>
		<design4Configuration name="$l10n_nametag03" price="5">
            <objectChange node="0>0|4|0|0|8|9|5|0"  visibilityActive="false"/>
			<objectChange node="0>0|4|0|0|8|9|5|1"  visibilityActive="false"/>
			<objectChange node="0>0|4|0|0|8|9|5|2"  visibilityActive="true"/>
			<objectChange node="0>0|4|0|0|8|9|5|3"  visibilityActive="false"/>
			<objectChange node="0>0|4|0|0|8|9|5|4"  visibilityActive="false"/>
			<objectChange node="0>0|4|0|0|8|9|5|5"  visibilityActive="false"/>
			<objectChange node="0>0|4|0|0|8|9|5|6"  visibilityActive="false"/>
			<objectChange node="0>0|4|0|0|8|9|5|7"  visibilityActive="false"/>
			<objectChange node="0>0|4|0|0|8|9|5|8"  visibilityActive="false"/>
			<objectChange node="0>0|4|0|0|8|9|5|9"  visibilityActive="false"/>
        </design4Configuration>
		<design4Configuration name="$l10n_nametag04" price="5">
            <objectChange node="0>0|4|0|0|8|9|5|0"  visibilityActive="false"/>
			<objectChange node="0>0|4|0|0|8|9|5|1"  visibilityActive="false"/>
			<objectChange node="0>0|4|0|0|8|9|5|2"  visibilityActive="false"/>
			<objectChange node="0>0|4|0|0|8|9|5|3"  visibilityActive="true"/>
			<objectChange node="0>0|4|0|0|8|9|5|4"  visibilityActive="false"/>
			<objectChange node="0>0|4|0|0|8|9|5|5"  visibilityActive="false"/>
			<objectChange node="0>0|4|0|0|8|9|5|6"  visibilityActive="false"/>
			<objectChange node="0>0|4|0|0|8|9|5|7"  visibilityActive="false"/>
			<objectChange node="0>0|4|0|0|8|9|5|8"  visibilityActive="false"/>
			<objectChange node="0>0|4|0|0|8|9|5|9"  visibilityActive="false"/>
        </design4Configuration>
		<design4Configuration name="$l10n_nametag05" price="5">
            <objectChange node="0>0|4|0|0|8|9|5|0"  visibilityActive="false"/>
			<objectChange node="0>0|4|0|0|8|9|5|1"  visibilityActive="false"/>
			<objectChange node="0>0|4|0|0|8|9|5|2"  visibilityActive="false"/>
			<objectChange node="0>0|4|0|0|8|9|5|3"  visibilityActive="false"/>
			<objectChange node="0>0|4|0|0|8|9|5|4"  visibilityActive="true"/>
			<objectChange node="0>0|4|0|0|8|9|5|5"  visibilityActive="false"/>
			<objectChange node="0>0|4|0|0|8|9|5|6"  visibilityActive="false"/>
			<objectChange node="0>0|4|0|0|8|9|5|7"  visibilityActive="false"/>
			<objectChange node="0>0|4|0|0|8|9|5|8"  visibilityActive="false"/>
			<objectChange node="0>0|4|0|0|8|9|5|9"  visibilityActive="false"/>
        </design4Configuration>
		<design4Configuration name="$l10n_nametag06" price="5">
            <objectChange node="0>0|4|0|0|8|9|5|0"  visibilityActive="false"/>
			<objectChange node="0>0|4|0|0|8|9|5|1"  visibilityActive="false"/>
			<objectChange node="0>0|4|0|0|8|9|5|2"  visibilityActive="false"/>
			<objectChange node="0>0|4|0|0|8|9|5|3"  visibilityActive="false"/>
			<objectChange node="0>0|4|0|0|8|9|5|4"  visibilityActive="false"/>
			<objectChange node="0>0|4|0|0|8|9|5|5"  visibilityActive="true"/>
			<objectChange node="0>0|4|0|0|8|9|5|6"  visibilityActive="false"/>
			<objectChange node="0>0|4|0|0|8|9|5|7"  visibilityActive="false"/>
			<objectChange node="0>0|4|0|0|8|9|5|8"  visibilityActive="false"/>
			<objectChange node="0>0|4|0|0|8|9|5|9"  visibilityActive="false"/>
        </design4Configuration>
		<design4Configuration name="$l10n_nametag07" price="5">
            <objectChange node="0>0|4|0|0|8|9|5|0"  visibilityActive="false"/>
			<objectChange node="0>0|4|0|0|8|9|5|1"  visibilityActive="false"/>
			<objectChange node="0>0|4|0|0|8|9|5|2"  visibilityActive="false"/>
			<objectChange node="0>0|4|0|0|8|9|5|3"  visibilityActive="false"/>
			<objectChange node="0>0|4|0|0|8|9|5|4"  visibilityActive="false"/>
			<objectChange node="0>0|4|0|0|8|9|5|5"  visibilityActive="false"/>
			<objectChange node="0>0|4|0|0|8|9|5|6"  visibilityActive="true"/>
			<objectChange node="0>0|4|0|0|8|9|5|7"  visibilityActive="false"/>
			<objectChange node="0>0|4|0|0|8|9|5|8"  visibilityActive="false"/>
			<objectChange node="0>0|4|0|0|8|9|5|9"  visibilityActive="false"/>
        </design4Configuration>
		<design4Configuration name="$l10n_nametag08" price="5">
            <objectChange node="0>0|4|0|0|8|9|5|0"  visibilityActive="false"/>
			<objectChange node="0>0|4|0|0|8|9|5|1"  visibilityActive="false"/>
			<objectChange node="0>0|4|0|0|8|9|5|2"  visibilityActive="false"/>
			<objectChange node="0>0|4|0|0|8|9|5|3"  visibilityActive="false"/>
			<objectChange node="0>0|4|0|0|8|9|5|4"  visibilityActive="false"/>
			<objectChange node="0>0|4|0|0|8|9|5|5"  visibilityActive="false"/>
			<objectChange node="0>0|4|0|0|8|9|5|6"  visibilityActive="false"/>
			<objectChange node="0>0|4|0|0|8|9|5|7"  visibilityActive="true"/>
			<objectChange node="0>0|4|0|0|8|9|5|8"  visibilityActive="false"/>
			<objectChange node="0>0|4|0|0|8|9|5|9"  visibilityActive="false"/>
        </design4Configuration>
		<design4Configuration name="$l10n_nametag09" price="5">
            <objectChange node="0>0|4|0|0|8|9|5|0"  visibilityActive="false"/>
			<objectChange node="0>0|4|0|0|8|9|5|1"  visibilityActive="false"/>
			<objectChange node="0>0|4|0|0|8|9|5|2"  visibilityActive="false"/>
			<objectChange node="0>0|4|0|0|8|9|5|3"  visibilityActive="false"/>
			<objectChange node="0>0|4|0|0|8|9|5|4"  visibilityActive="false"/>
			<objectChange node="0>0|4|0|0|8|9|5|5"  visibilityActive="false"/>
			<objectChange node="0>0|4|0|0|8|9|5|6"  visibilityActive="false"/>
			<objectChange node="0>0|4|0|0|8|9|5|7"  visibilityActive="false"/>
			<objectChange node="0>0|4|0|0|8|9|5|8"  visibilityActive="true"/>
			<objectChange node="0>0|4|0|0|8|9|5|9"  visibilityActive="false"/>
        </design4Configuration>
		<design4Configuration name="$l10n_nametag10" price="5">
            <objectChange node="0>0|4|0|0|8|9|5|0"  visibilityActive="false"/>
			<objectChange node="0>0|4|0|0|8|9|5|1"  visibilityActive="false"/>
			<objectChange node="0>0|4|0|0|8|9|5|2"  visibilityActive="false"/>
			<objectChange node="0>0|4|0|0|8|9|5|3"  visibilityActive="false"/>
			<objectChange node="0>0|4|0|0|8|9|5|4"  visibilityActive="false"/>
			<objectChange node="0>0|4|0|0|8|9|5|5"  visibilityActive="false"/>
			<objectChange node="0>0|4|0|0|8|9|5|6"  visibilityActive="false"/>
			<objectChange node="0>0|4|0|0|8|9|5|7"  visibilityActive="false"/>
			<objectChange node="0>0|4|0|0|8|9|5|8"  visibilityActive="false"/>
			<objectChange node="0>0|4|0|0|8|9|5|9"  visibilityActive="true"/>
        </design4Configuration>
    </design4Configurations>
	
	<design5Configurations title="$l10n_beacon">
        <design5Configuration name="$l10n_type1" price="0">
            <objectChange node="0>0|4|0|0|12"  visibilityActive="false"/>
			<objectChange node="0>0|4|0|0|13"  visibilityActive="false"/>
        </design5Configuration>
        <design5Configuration name="$l10n_type2" price="500">
            <objectChange node="0>0|4|0|0|12"  visibilityActive="true"/>
			<objectChange node="0>0|4|0|0|13"  visibilityActive="false"/>
        </design5Configuration>
        <design5Configuration name="$l10n_type3" price="500">
            <objectChange node="0>0|4|0|0|12"  visibilityActive="false"/>
			<objectChange node="0>0|4|0|0|13"  visibilityActive="true"/>
        </design5Configuration>
    </design5Configurations>
	
	<design6Configurations title="$l10n_numbers">
        <design6Configuration name="$l10n_number00" price="0">
            <objectChange node="0>0|4|0|0|8|9|4|0"  visibilityActive="false"/>
			<objectChange node="0>0|4|0|0|8|9|4|1"  visibilityActive="false"/>
			<objectChange node="0>0|4|0|0|8|9|4|2"  visibilityActive="false"/>
			<objectChange node="0>0|4|0|0|8|9|4|3"  visibilityActive="false"/>
			<objectChange node="0>0|4|0|0|8|9|4|4"  visibilityActive="false"/>
			<objectChange node="0>0|4|0|0|8|9|4|5"  visibilityActive="false"/>
			<objectChange node="0>0|4|0|0|8|9|4|6"  visibilityActive="false"/>
			<objectChange node="0>0|4|0|0|8|9|4|7"  visibilityActive="false"/>
			<objectChange node="0>0|4|0|0|8|9|4|8"  visibilityActive="false"/>
			<objectChange node="0>0|4|0|0|8|9|4|9"  visibilityActive="false"/>
        </design6Configuration>
		<design6Configuration name="$l10n_number01" price="5">
            <objectChange node="0>0|4|0|0|8|9|4|0"  visibilityActive="true"/>
			<objectChange node="0>0|4|0|0|8|9|4|1"  visibilityActive="false"/>
			<objectChange node="0>0|4|0|0|8|9|4|2"  visibilityActive="false"/>
			<objectChange node="0>0|4|0|0|8|9|4|3"  visibilityActive="false"/>
			<objectChange node="0>0|4|0|0|8|9|4|4"  visibilityActive="false"/>
			<objectChange node="0>0|4|0|0|8|9|4|5"  visibilityActive="false"/>
			<objectChange node="0>0|4|0|0|8|9|4|6"  visibilityActive="false"/>
			<objectChange node="0>0|4|0|0|8|9|4|7"  visibilityActive="false"/>
			<objectChange node="0>0|4|0|0|8|9|4|8"  visibilityActive="false"/>
			<objectChange node="0>0|4|0|0|8|9|4|9"  visibilityActive="false"/>
        </design6Configuration>
		<design6Configuration name="$l10n_number02" price="5">
            <objectChange node="0>0|4|0|0|8|9|4|0"  visibilityActive="false"/>
			<objectChange node="0>0|4|0|0|8|9|4|1"  visibilityActive="true"/>
			<objectChange node="0>0|4|0|0|8|9|4|2"  visibilityActive="false"/>
			<objectChange node="0>0|4|0|0|8|9|4|3"  visibilityActive="false"/>
			<objectChange node="0>0|4|0|0|8|9|4|4"  visibilityActive="false"/>
			<objectChange node="0>0|4|0|0|8|9|4|5"  visibilityActive="false"/>
			<objectChange node="0>0|4|0|0|8|9|4|6"  visibilityActive="false"/>
			<objectChange node="0>0|4|0|0|8|9|4|7"  visibilityActive="false"/>
			<objectChange node="0>0|4|0|0|8|9|4|8"  visibilityActive="false"/>
			<objectChange node="0>0|4|0|0|8|9|4|9"  visibilityActive="false"/>
        </design6Configuration>
		<design6Configuration name="$l10n_number03" price="5">
            <objectChange node="0>0|4|0|0|8|9|4|0"  visibilityActive="false"/>
			<objectChange node="0>0|4|0|0|8|9|4|1"  visibilityActive="false"/>
			<objectChange node="0>0|4|0|0|8|9|4|2"  visibilityActive="true"/>
			<objectChange node="0>0|4|0|0|8|9|4|3"  visibilityActive="false"/>
			<objectChange node="0>0|4|0|0|8|9|4|4"  visibilityActive="false"/>
			<objectChange node="0>0|4|0|0|8|9|4|5"  visibilityActive="false"/>
			<objectChange node="0>0|4|0|0|8|9|4|6"  visibilityActive="false"/>
			<objectChange node="0>0|4|0|0|8|9|4|7"  visibilityActive="false"/>
			<objectChange node="0>0|4|0|0|8|9|4|8"  visibilityActive="false"/>
			<objectChange node="0>0|4|0|0|8|9|4|9"  visibilityActive="false"/>
        </design6Configuration>
		<design6Configuration name="$l10n_number04" price="5">
            <objectChange node="0>0|4|0|0|8|9|4|0"  visibilityActive="false"/>
			<objectChange node="0>0|4|0|0|8|9|4|1"  visibilityActive="false"/>
			<objectChange node="0>0|4|0|0|8|9|4|2"  visibilityActive="false"/>
			<objectChange node="0>0|4|0|0|8|9|4|3"  visibilityActive="true"/>
			<objectChange node="0>0|4|0|0|8|9|4|4"  visibilityActive="false"/>
			<objectChange node="0>0|4|0|0|8|9|4|5"  visibilityActive="false"/>
			<objectChange node="0>0|4|0|0|8|9|4|6"  visibilityActive="false"/>
			<objectChange node="0>0|4|0|0|8|9|4|7"  visibilityActive="false"/>
			<objectChange node="0>0|4|0|0|8|9|4|8"  visibilityActive="false"/>
			<objectChange node="0>0|4|0|0|8|9|4|9"  visibilityActive="false"/>
        </design6Configuration>
		<design6Configuration name="$l10n_number05" price="5">
            <objectChange node="0>0|4|0|0|8|9|4|0"  visibilityActive="false"/>
			<objectChange node="0>0|4|0|0|8|9|4|1"  visibilityActive="false"/>
			<objectChange node="0>0|4|0|0|8|9|4|2"  visibilityActive="false"/>
			<objectChange node="0>0|4|0|0|8|9|4|3"  visibilityActive="false"/>
			<objectChange node="0>0|4|0|0|8|9|4|4"  visibilityActive="true"/>
			<objectChange node="0>0|4|0|0|8|9|4|5"  visibilityActive="false"/>
			<objectChange node="0>0|4|0|0|8|9|4|6"  visibilityActive="false"/>
			<objectChange node="0>0|4|0|0|8|9|4|7"  visibilityActive="false"/>
			<objectChange node="0>0|4|0|0|8|9|4|8"  visibilityActive="false"/>
			<objectChange node="0>0|4|0|0|8|9|4|9"  visibilityActive="false"/>
        </design6Configuration>
		<design6Configuration name="$l10n_number06" price="5">
            <objectChange node="0>0|4|0|0|8|9|4|0"  visibilityActive="false"/>
			<objectChange node="0>0|4|0|0|8|9|4|1"  visibilityActive="false"/>
			<objectChange node="0>0|4|0|0|8|9|4|2"  visibilityActive="false"/>
			<objectChange node="0>0|4|0|0|8|9|4|3"  visibilityActive="false"/>
			<objectChange node="0>0|4|0|0|8|9|4|4"  visibilityActive="false"/>
			<objectChange node="0>0|4|0|0|8|9|4|5"  visibilityActive="true"/>
			<objectChange node="0>0|4|0|0|8|9|4|6"  visibilityActive="false"/>
			<objectChange node="0>0|4|0|0|8|9|4|7"  visibilityActive="false"/>
			<objectChange node="0>0|4|0|0|8|9|4|8"  visibilityActive="false"/>
			<objectChange node="0>0|4|0|0|8|9|4|9"  visibilityActive="false"/>
        </design6Configuration>
		<design6Configuration name="$l10n_number07" price="5">
            <objectChange node="0>0|4|0|0|8|9|4|0"  visibilityActive="false"/>
			<objectChange node="0>0|4|0|0|8|9|4|1"  visibilityActive="false"/>
			<objectChange node="0>0|4|0|0|8|9|4|2"  visibilityActive="false"/>
			<objectChange node="0>0|4|0|0|8|9|4|3"  visibilityActive="false"/>
			<objectChange node="0>0|4|0|0|8|9|4|4"  visibilityActive="false"/>
			<objectChange node="0>0|4|0|0|8|9|4|5"  visibilityActive="false"/>
			<objectChange node="0>0|4|0|0|8|9|4|6"  visibilityActive="true"/>
			<objectChange node="0>0|4|0|0|8|9|4|7"  visibilityActive="false"/>
			<objectChange node="0>0|4|0|0|8|9|4|8"  visibilityActive="false"/>
			<objectChange node="0>0|4|0|0|8|9|4|9"  visibilityActive="false"/>
        </design6Configuration>
		<design6Configuration name="$l10n_number08" price="5">
            <objectChange node="0>0|4|0|0|8|9|4|0"  visibilityActive="false"/>
			<objectChange node="0>0|4|0|0|8|9|4|1"  visibilityActive="false"/>
			<objectChange node="0>0|4|0|0|8|9|4|2"  visibilityActive="false"/>
			<objectChange node="0>0|4|0|0|8|9|4|3"  visibilityActive="false"/>
			<objectChange node="0>0|4|0|0|8|9|4|4"  visibilityActive="false"/>
			<objectChange node="0>0|4|0|0|8|9|4|5"  visibilityActive="false"/>
			<objectChange node="0>0|4|0|0|8|9|4|6"  visibilityActive="false"/>
			<objectChange node="0>0|4|0|0|8|9|4|7"  visibilityActive="true"/>
			<objectChange node="0>0|4|0|0|8|9|4|8"  visibilityActive="false"/>
			<objectChange node="0>0|4|0|0|8|9|4|9"  visibilityActive="false"/>
        </design6Configuration>
		<design6Configuration name="$l10n_number09" price="5">
            <objectChange node="0>0|4|0|0|8|9|4|0"  visibilityActive="false"/>
			<objectChange node="0>0|4|0|0|8|9|4|1"  visibilityActive="false"/>
			<objectChange node="0>0|4|0|0|8|9|4|2"  visibilityActive="false"/>
			<objectChange node="0>0|4|0|0|8|9|4|3"  visibilityActive="false"/>
			<objectChange node="0>0|4|0|0|8|9|4|4"  visibilityActive="false"/>
			<objectChange node="0>0|4|0|0|8|9|4|5"  visibilityActive="false"/>
			<objectChange node="0>0|4|0|0|8|9|4|6"  visibilityActive="false"/>
			<objectChange node="0>0|4|0|0|8|9|4|7"  visibilityActive="false"/>
			<objectChange node="0>0|4|0|0|8|9|4|8"  visibilityActive="true"/>
			<objectChange node="0>0|4|0|0|8|9|4|9"  visibilityActive="false"/>
        </design6Configuration>
		<design6Configuration name="$l10n_number10" price="5">
            <objectChange node="0>0|4|0|0|8|9|4|0"  visibilityActive="false"/>
			<objectChange node="0>0|4|0|0|8|9|4|1"  visibilityActive="false"/>
			<objectChange node="0>0|4|0|0|8|9|4|2"  visibilityActive="false"/>
			<objectChange node="0>0|4|0|0|8|9|4|3"  visibilityActive="false"/>
			<objectChange node="0>0|4|0|0|8|9|4|4"  visibilityActive="false"/>
			<objectChange node="0>0|4|0|0|8|9|4|5"  visibilityActive="false"/>
			<objectChange node="0>0|4|0|0|8|9|4|6"  visibilityActive="false"/>
			<objectChange node="0>0|4|0|0|8|9|4|7"  visibilityActive="false"/>
			<objectChange node="0>0|4|0|0|8|9|4|8"  visibilityActive="false"/>
			<objectChange node="0>0|4|0|0|8|9|4|9"  visibilityActive="true"/>
        </design6Configuration>
    </design6Configurations>
	
	<design7Configurations title="$l10n_blende">
        <design7Configuration name="$l10n_type1" price="100">
            <objectChange node="0>0|4|0|0|8|9|6|0"  visibilityActive="false"/>
			<objectChange node="0>0|4|0|0|8|9|6|1"  visibilityActive="false"/>
        </design7Configuration>
        <design7Configuration name="$l10n_type2" price="0">
             <objectChange node="0>0|4|0|0|8|9|6|0"  visibilityActive="true"/>
			<objectChange node="0>0|4|0|0|8|9|6|1"  visibilityActive="false"/>
        </design7Configuration>
        <design7Configuration name="$l10n_type3" price="0">
             <objectChange node="0>0|4|0|0|8|9|6|0"  visibilityActive="false"/>
			<objectChange node="0>0|4|0|0|8|9|6|1"  visibilityActive="true"/>
        </design7Configuration>
    </design7Configurations>

	<vehicleTypeConfigurations title="$l10n_spoiler">
        <vehicleTypeConfiguration name="$l10n_configuration_valueNo" price="0" vehicleType="tractor">
            <objectChange node="owiewki_metal"   visibilityActive="false" visibilityInactive="true"/>
			<objectChange node="owiewki_plastik"   visibilityActive="false" visibilityInactive="true"/>
            <objectChange node="spoiler"   visibilityActive="false" visibilityInactive="true"/>
		</vehicleTypeConfiguration>
        <vehicleTypeConfiguration name="$l10n_spoiler1" price="700" vehicleType="tractor">
            <objectChange node="owiewki_metal"   visibilityActive="true" visibilityInactive="false"/>
			<objectChange node="owiewki_plastik"   visibilityActive="false" visibilityInactive="true"/>
            <objectChange node="spoiler"   visibilityActive="false" visibilityInactive="true"/>
		</vehicleTypeConfiguration>
        <vehicleTypeConfiguration name="$l10n_spoiler2" price="1100" vehicleType="tractor">
            <objectChange node="owiewki_metal"   visibilityActive="true" visibilityInactive="false"/>
			<objectChange node="owiewki_plastik"   visibilityActive="false" visibilityInactive="true"/>
            <objectChange node="spoiler"   visibilityActive="true" visibilityInactive="false"/>
		</vehicleTypeConfiguration>
    </vehicleTypeConfigurations>

    <foliageBending>
        <bendingNode minX="-1.35" maxX="1.35" minZ="-1.4" maxZ="4.7" yOffset="0.5" />
    </foliageBending>

    <wearable wearDuration="480" workMultiplier="5" fieldMultiplier="2"/>
    <washable dirtDuration="90" washDuration="1" workMultiplier="3" fieldMultiplier="2"/>

    <i3dMappings>
        <i3dMapping id="tgs18500_main_component1" node="0>"/>
        <i3dMapping id="tgx18500_vis" node="0>0"/>
        <i3dMapping id="semitrailerAttacherJoint" node="0>0|0|0"/>
        <i3dMapping id="axisFrontLeft" node="0>0|1|0|0"/>
        <i3dMapping id="wheelFrontLeft" node="0>0|1|0|0|0|0"/>
        <i3dMapping id="steeringBar" node="0>0|1|0|0|1"/>
        <i3dMapping id="axisFrontRight" node="0>0|1|1|0"/>
        <i3dMapping id="wheelFrontRight" node="0>0|1|1|0|0|0"/>
        <i3dMapping id="steeringBarRef" node="0>0|1|1|0|1"/>
        <i3dMapping id="wheelBackLeft" node="0>0|6|0|0"/>
        <i3dMapping id="wheelBackRight" node="0>0|6|0|1"/>
        <i3dMapping id="outdoorCameraTarget" node="0>0|3|0"/>
        <i3dMapping id="outdoorCamera1" node="0>0|3|0|0"/>
        <i3dMapping id="indoorCamera1" node="0>0|3|1"/>
        <i3dMapping id="cameraRaycastNode1" node="0>0|3|2"/>
        <i3dMapping id="cameraRaycastNode2" node="0>0|3|3"/>
        <i3dMapping id="cameraRaycastNode3" node="0>0|3|4"/>
        <i3dMapping id="shadowFocusBox" node="0>0|3|5"/>
        <i3dMapping id="cabin" node="0>0|4|0|0"/>
        <i3dMapping id="seat" node="0>0|4|0|0|0"/>
        <i3dMapping id="playerSkin" node="0>0|4|0|0|0|0"/>
        <i3dMapping id="frontlightStaticCabin" node="0>0|4|0|0|1|0"/>
        <i3dMapping id="wiper01" node="0>0|4|0|0|2|0"/>
        <i3dMapping id="wiper02" node="0>0|4|0|0|2|1"/>
        <i3dMapping id="fuelNeedle" node="0>0|4|0|0|3|0|0|0" />
        <i3dMapping id="fuelNeedleGlow" node="0>0|4|0|0|3|0|0|0|0" />
        <i3dMapping id="tempNeedle" node="0>0|4|0|0|3|0|1|0" />
        <i3dMapping id="tempNeedleGlow" node="0>0|4|0|0|3|0|1|0|0" />
        <i3dMapping id="airNeedle02" node="0>0|4|0|0|3|0|2|0" />
        <i3dMapping id="airNeedle02Glow" node="0>0|4|0|0|3|0|2|0|0" />
        <i3dMapping id="airNeedle01" node="0>0|4|0|0|3|0|3|0" />
        <i3dMapping id="airNeedle01Glow" node="0>0|4|0|0|3|0|3|0|0" />
        <i3dMapping id="speedNeedle" node="0>0|4|0|0|3|0|4|0" />
        <i3dMapping id="speedNeedleGlow" node="0>0|4|0|0|3|0|4|0|0" />
        <i3dMapping id="rpmNeedle" node="0>0|4|0|0|3|0|5|0" />
        <i3dMapping id="rpmNeedleGlow" node="0>0|4|0|0|3|0|5|0|0" />
        <i3dMapping id="cabinLightDecal" node="0>0|4|0|0|3|1"/>
        <i3dMapping id="interiorScreenLight" node="0>0|4|0|0|3|2"/>
        <i3dMapping id="turnlightLeftDecal" node="0>0|4|0|0|3|3"/>
        <i3dMapping id="turnlightRightDecal" node="0>0|4|0|0|3|4"/>
        <i3dMapping id="dashboardGaugesDecal" node="0>0|4|0|0|3|5" />
        <i3dMapping id="dashboardDisplayDecal" node="0>0|4|0|0|3|6"/>
        <i3dMapping id="brakePedal" node="0>0|4|0|0|4|0"/>
        <i3dMapping id="playerRightFootTargetBrakeRef" node="0>0|4|0|0|4|0|0"/>
        <i3dMapping id="gasPedal" node="0>0|4|0|0|4|1"/>
        <i3dMapping id="playerRightFootTargetGasRef" node="0>0|4|0|0|4|1|0"/>
        <i3dMapping id="playerTargets" node="0>0|4|0|0|5"/>
        <i3dMapping id="playerRightFootTargetGas" node="0>0|4|0|0|5|0"/>
        <i3dMapping id="playerRightFootTargetBrake" node="0>0|4|0|0|5|1"/>
        <i3dMapping id="playerLeftFootTarget" node="0>0|4|0|0|5|2"/>
        <i3dMapping id="playerRightFootTarget" node="0>0|4|0|0|5|3"/>
        <i3dMapping id="steeringWheel" node="0>0|4|0|0|6|0|0"/>
        <i3dMapping id="playerLeftHandTarget" node="0>0|4|0|0|6|0|0|0"/>
        <i3dMapping id="playerRightHandTarget" node="0>0|4|0|0|6|0|0|1"/>
		<i3dMapping id="decalsMan1" node="0>0|4|0|0|6|0|0|2" />
        <i3dMapping id="ignitionKey" node="0>0|4|0|0|6|2|0" />
        <i3dMapping id="leverTurnlight" node="0>0|4|0|0|6|3|0" />
        <i3dMapping id="mirrorDecal01" node="0>0|4|0|0|7|0"/>
        <i3dMapping id="mirrorDecal02" node="0>0|4|0|0|7|1"/>
        <i3dMapping id="mirrorDecal03" node="0>0|4|0|0|7|2"/>
        <i3dMapping id="mirrorDecal04" node="0>0|4|0|0|7|3"/>
        <i3dMapping id="exitPoint" node="0>0|5"/>
        <i3dMapping id="licensePlateFront" node="0>0|10" />
        <i3dMapping id="licensePlateBack" node="0>0|11" />
        <i3dMapping id="aiCollisionNode" node="0>0|7|0"/>
        <i3dMapping id="wheelChock01" node="0>0|8|0|0"/>
        <i3dMapping id="owiewki_metal" node="0>0|4|0|0|10|0"/>
		<i3dMapping id="owiewki_plastik" node="0>0|4|0|0|10|1"/>
        <i3dMapping id="spoiler" node="0>0|4|0|0|10|2"/>
        <i3dMapping id="blotniki_1" node="0>0|8|7"/>
        <i3dMapping id="blotniki_2" node="0>0|8|8"/>
        <i3dMapping id="mirror_plastic" node="0>0|4|0|0|8|9|0"/>
		<i3dMapping id="mirror_plastic_black" node="0>0|4|0|0|8|9|1"/>
        <i3dMapping id="mirror_metal" node="0>0|4|0|0|8|9|2"/>		
        <i3dMapping id="sideLeftStatic" node="0>0|4|0|0|1|4"/>
        <i3dMapping id="sideRightStatic" node="0>0|4|0|0|1|5"/>
        <i3dMapping id="frontLightLow" node="0>0|2|1|0"/>
        <i3dMapping id="highBeamLow" node="0>0|2|1|1"/>
        <i3dMapping id="frontLightHigh" node="0>0|2|1|2"/>
        <i3dMapping id="highBeamHigh" node="0>0|2|1|3"/>
        <i3dMapping id="backLightsHigh1" node="0>0|2|2|0"/>
        <i3dMapping id="turnLightLeftFront" node="0>0|2|3|0"/>
        <i3dMapping id="turnLightRightFront" node="0>0|2|3|1"/>
        <i3dMapping id="reverseLight" node="0>0|2|4|0"/>
        <i3dMapping id="frontlightStatic" node="0>0|2|0|7"/>
        <i3dMapping id="frontlightStaticCabin" node="0>0|4|0|0|1|0"/> 
		<i3dMapping id="backLightStatic" node="0>0|2|0|6"/>
        <i3dMapping id="highbeamStatic" node="0>0|2|0|8"/>
        <i3dMapping id="turnlightBackLeftStatic" node="0>0|2|0|2"/>
        <i3dMapping id="turnlightFrontLeftStatic" node="0>0|2|0|0"/>
        <i3dMapping id="sideLeftStatic" node="0>0|4|0|0|1|4"/>
        <i3dMapping id="turnlightBackRightStatic" node="0>0|2|0|3"/>
        <i3dMapping id="turnlightFrontRightStatic" node="0>0|2|0|1"/>
        <i3dMapping id="sideRightStatic" node="0>0|4|0|0|1|5"/>
        <i3dMapping id="brakeLightStatic" node="0>0|2|0|5"/>
        <i3dMapping id="reverselightStatic" node="0>0|2|0|4"/> 
        <i3dMapping id="most" node="0>0|6|0"/>
		<i3dMapping id="defense" node="0>0|13"/>
        <i3dMapping id="airDoubleControl" node="0>0|9|0" />
        <i3dMapping id="airDoubleStorage" node="0>0|9|1" />
        <i3dMapping id="hydraulicIn" node="0>0|9|2" />
        <i3dMapping id="hydraulicOut" node="0>0|9|3" />
        <i3dMapping id="electric" node="0>0|9|4" />
        <i3dMapping id="przetloczenia" node="0>0|4|0|0|8|11"/>
    </i3dMappings>
</vehicle>
