<?xml version="1.0" encoding="utf-8" standalone="no" ?>
<wheel xmlns:xsi="http://www.w3.org/2001/XMLSchema-instance" xsi:noNamespaceSchemaLocation="../../../../../../shared/xml/schema/wheel.xsd">
    <brand>TRELLEBORG</brand>
    <name>AW305</name>
    <default>
        <physics radius="0.358" width="0.268" mass="0.041" tireType="offRoad" frictionScale="1.60" maxLongStiffness="8" maxLatStiffness="100" maxLatStiffnessLoad="2" />
        <tire filename="$data/shared/wheels/tires/trelleborg/AW305/R12_AW305.i3d" nodeLeft="0|0" nodeRight="0|1" maxDeformation="0.041" sideDeformOffset="0.950" isCareWheel="true" tireTrackAtlasIndex="1" />
        <outerRim filename="$data/shared/wheels/rims/rim001.i3d" node="0|0" widthAndDiam="9 12" />
        <innerRim filename="$data/shared/wheels/rims/rim001.i3d" nodeLeft="2|0" nodeRight="2|1" widthAndDiam="18 24" scale="0.47 0.47 0.47" />
    </default>
</wheel>
