﻿<?xml version="1.0" encoding="utf-8" standalone="no" ?>
<vehicle type="shovelLeveler" xmlns:xsi="http://www.w3.org/2001/XMLSchema-instance" xsi:noNamespaceSchemaLocation="../../../../shared/xml/schema/vehicle.xsd">
    <annotation>Copyright (C) GIANTS Software GmbH, All Rights Reserved.</annotation>
    <storeData>
        <name>
            <en>Universal Bucket</en></name>
        <specs>
            <combination filterCategory="frontLoaders"/>
            <combination filterCategory="frontLoaderVehicles"/>
        </specs>
        <functions>
            <function>$l10n_function_frontloaderShovel</function>
        </functions>
        <image>store_albuttFrontloaderShovel.dds</image>
        <price>1600</price>
        <lifetime>600</lifetime>
        <rotation>0</rotation>
        <brand>ALBUTT</brand>
        <category>frontLoaderTools</category>
        <shopTranslationOffset>0 0 0</shopTranslationOffset>
        <shopRotationOffset>0 0 0</shopRotationOffset>
        <vertexBufferMemoryUsage>82176</vertexBufferMemoryUsage>
        <indexBufferMemoryUsage>18688</indexBufferMemoryUsage>
        <textureMemoryUsage>720896</textureMemoryUsage>
        <instanceVertexBufferMemoryUsage>0</instanceVertexBufferMemoryUsage>
        <instanceIndexBufferMemoryUsage>0</instanceIndexBufferMemoryUsage>
        <audioMemoryUsage>0</audioMemoryUsage>
    </storeData>
    <base>
        <typeDesc>$l10n_typeDesc_frontloaderTool</typeDesc>
        <filename>frontloaderShovel.i3d</filename>
        <size width="2.5" length="2"/>
        <components>
            <component centerOfMass="0 0 0" solverIterationCount="10" mass="320"/>
        </components>
        <schemaOverlay attacherJointPosition="0 0" name="IMPLEMENT"/>
    </base>
    <attachable>
        <inputAttacherJoints>
            <inputAttacherJoint node="attacherJoint" jointType="frontloader"/>
        </inputAttacherJoints>
    </attachable>
    <fillUnit>
        <fillUnitConfigurations>
            <fillUnitConfiguration name="3000 Liter" price="0">
                <fillUnits>
                    <fillUnit unit="$l10n_unit_literShort" fillTypeCategories="bulk windrow" capacity="3000">
                        <exactFillRootNode node="exactFillRootNode"/>
                    </fillUnit>
                </fillUnits>
            </fillUnitConfiguration>
            <fillUnitConfiguration name="6000 Liter" price="100">
                <fillUnits>
                    <fillUnit unit="$l10n_unit_literShort" fillTypeCategories="bulk windrow" capacity="6000">
                        <exactFillRootNode node="exactFillRootNode"/>
                    </fillUnit>
                </fillUnits>
            </fillUnitConfiguration>
            <fillUnitConfiguration name="9000 Liter" price="200">
                <fillUnits>
                    <fillUnit unit="$l10n_unit_literShort" fillTypeCategories="bulk windrow" capacity="9000">
                        <exactFillRootNode node="exactFillRootNode"/>
                    </fillUnit>
                </fillUnits>
            </fillUnitConfiguration>
            <fillUnitConfiguration name="12000 Liter" price="300">
                <fillUnits>
                    <fillUnit unit="$l10n_unit_literShort" fillTypeCategories="bulk windrow" capacity="12000">
                        <exactFillRootNode node="exactFillRootNode"/>
                    </fillUnit>
                </fillUnits>
            </fillUnitConfiguration>
            <fillUnitConfiguration name="15000 Liter" price="400">
                <fillUnits>
                    <fillUnit unit="$l10n_unit_literShort" fillTypeCategories="bulk windrow" capacity="15000">
                        <exactFillRootNode node="exactFillRootNode"/>
                    </fillUnit>
                </fillUnits>
            </fillUnitConfiguration>
        </fillUnitConfigurations>
    </fillUnit>
    <fillVolume>
        <fillVolumeConfigurations>
            <fillVolumeConfiguration>
                <volumes>
                    <volume node="fillVolume" allSidePlanes="false" maxAllowedHeapAngle="60" fillUnitIndex="1"/>
                </volumes>
            </fillVolumeConfiguration>
        </fillVolumeConfigurations>
        <loadInfos>
            <loadInfo>
                <node node="fillVolumeLoadNode" width="1.1" length="0.1"/>
            </loadInfo>
        </loadInfos>
        <unloadInfos>
            <unloadInfo>
                <node node="fillVolumeUnloadNode" width="1.1" length="0.1"/>
            </unloadInfo>
        </unloadInfos>
    </fillVolume>
    <dischargeable requiresTipOcclusionArea="false">
        <dischargeNode node="dischargeNode" fillUnitIndex="1" emptySpeed="1000">
            <raycast node="dischargeNode" maxDistance="30" useWorldNegYDirection="true" yOffset="2"/>
            <info width="2.0" length="1" zOffset="0.5"/>
            <effects>
                <effectNode effectClass="TipEffect">
                    <effectNode effectNode="emitterShape" effectClass="ParticleEffect" materialType="unloadingParticle"/>
                    <effectNode effectNode="grainEffect" materialType="unloading" fadeTime="0.5" alignXAxisToWorldY="true" extraDistance="0.15"/>
                </effectNode>
                <effectNode effectNode="smokeEffect" materialType="unloadingSmoke" fadeTime="0.5"/>
            </effects>
        </dischargeNode>
    </dischargeable>
    <shovel>
        <shovelNode node="shovelNode" fillUnitIndex="1" loadInfoIndex="1" width="1.9" length="0.5" needsMovement="true" maxPickupAngle="105"/>
        <dischargeInfo node="dischargeNode" minSpeedAngle="105" maxSpeedAngle="130"/>
    </shovel>
    <leveler fillUnitIndex="2" maxFillLevelPerMS="30">
        <levelerNode node="levelerNode" width="1.6" zOffset="0.2" minDropWidth="1" maxDropWidth="2.5" minDropDirOffset="1" maxDropDirOffset="1.5" minFillLevel="0.85">
            <smoothing allowed="true" radius="0.5" overlap="1.7" direction="0"/>
        </levelerNode>
        <pickUpDirection>1</pickUpDirection>
    </leveler>
    <suspensions>
        <suspension node="levelerNode" weight="150" minTranslation="0 -0.5 0.0" maxTranslation="0.0 0.5 0.0" suspensionParametersX="20 4" suspensionParametersY="1 1" suspensionParametersZ="20 4" serverOnly="true"/>
    </suspensions>
    <ai>
        <agentAttachment width="2.0" height="0.9" length="1.2" lengthOffset="0.05"/>
    </ai>
    <foliageBending>
        <bendingNode minX="-1" maxX="1" minZ="-0.55" maxZ="0.65" yOffset="0.02"/>
    </foliageBending>
    <wearable wearDuration="480" workMultiplier="5" fieldMultiplier="2"/>
    <washable dirtDuration="90" washDuration="1" workMultiplier="6" fieldMultiplier="2"/>
    <i3dMappings>
        <i3dMapping id="frontloaderShovel_main_component1" node="0>"/>
        <i3dMapping id="frontloaderShovel_vis" node="0>0"/>
        <i3dMapping id="attacherJoint" node="0>0|0"/>
        <i3dMapping id="exactFillRootNode" node="0>0|1|0"/>
        <i3dMapping id="fillVolume" node="0>0|1|1"/>
        <i3dMapping id="fillVolumeLoadNode" node="0>0|1|2"/>
        <i3dMapping id="fillVolumeUnloadNode" node="0>0|1|3"/>
        <i3dMapping id="dischargeNode" node="0>0|1|4"/>
        <i3dMapping id="shovelNode" node="0>0|1|5"/>
        <i3dMapping id="levelerNode" node="0>0|1|6"/>
        <i3dMapping id="grainEffect" node="0>0|2|0"/>
        <i3dMapping id="smokeEffect" node="0>0|2|1"/>
        <i3dMapping id="emitterShape" node="0>0|2|2"/>
    </i3dMappings>
</vehicle>
