﻿<?xml version="1.0" encoding="utf-8" standalone="no" ?>
<modDesc descVersion="62">
    <author>Vilkas</author>
    <version>1.0.0.0</version>
    <title>
        <en>Additional Field Info</en>
        <fr>Informations De Champ Supplémentaires</fr>
        <de>Zusätzliche Feldinfo</de>
        <ru>Дополнительная Информация О Поле</ru>
    </title>
    <description>
        <en><![CDATA[
Display additional info in the field info panel when walking through a field:
  - Area of each field in the current land
  - Current land area
  - Price per ha (per ac) of the cultivated area on land you don't own
  - Potential harvest quantity and yield on ready to harvest fields
]]></en>
    </description>
    <iconFilename>modIcon.dds</iconFilename>
    <multiplayer supported="true"/>
    
    <extraSourceFiles>
        <sourceFile filename="additionalFieldInfo.lua" />
    </extraSourceFiles>

    <l10n>
        <text name="additionalFieldInfo_FIELD_AREA">
            <fr>Superficie du champ %d</fr>
            <en>Field %d Area</en>
            <de>Feld %d Fläche</de>
            <pl>Powierzchnia pola %d</pl>
            <es>Area del campo %d</es>
            <ru>Площадь поля %d</ru>
        </text>
        <text name="additionalFieldInfo_FARMLAND_AREA">
            <fr>Superficie du terrain</fr>
            <en>Land Area</en>
            <de>Landfläche</de>
            <pl>Powierzchnia terenu</pl>
            <es>Area de la parcela</es>
            <ru>Площадь участка</ru>
        </text>
        <text name="additionalFieldInfo_AREA">
            <fr>Superficie</fr>
            <en>Area</en>
            <de>Fläche</de>
            <pl>Teren</pl>
            <es>Area</es>
            <ru>Площадь</ru>
        </text>
        <text name="additionalFieldInfo_PRICE_ON_AREA">
            <fr>Prix à l'%s</fr>
            <en>Price per %s</en>
            <de>Preis pro %s</de>
            <pl>Cena za %s</pl>
            <es>Precio por %s</es>
            <ru>Поле(я) на участке по</ru>
        </text>
        <text name="additionalFieldInfo_POTENTIAL_HARVEST">
            <fr>Récolte potentielle</fr>
            <en>Potential harvest quantity</en>
            <de>Potenzielle Erntemenge</de>
            <pl>Potencjalny plon</pl>
            <es>A cosechar aprox.</es>
            <ru>Возможный урожай</ru>
        </text>
        <text name="additionalFieldInfo_POTENTIAL_YIELD">
            <fr>Rendement potentiel</fr>
            <en>Potential yield</en>
            <de>Möglicher Ertrag</de>
            <pl>Potencjalny zysk</pl>
            <es>Posible rendimiento</es>
            <ru>Возможная урожайность</ru>
        </text>
    </l10n>

</modDesc>
