﻿<?xml version="1.0" encoding="utf-8" standalone="no" ?>
<modDesc descVersion="60">

    <author>onkelyogi</author>
	
    <version>22.0</version>
	
    <iconFilename>mod/FS22_TMCCancelaTJP610_OY.dds</iconFilename>
 
    <title>
        <de>TMC Cancela TJP610 OY</de>
        <en>TMC Cancela TJP610 OY</en>

    </title>
	
    <description>
        <de>TMC Cancela TJP610 OY mit längerem Reparaturintervall, Farbwahl, Pflegebereifung, erhöhter Arbeitsbreite, Sichtbarkeit und Arbeitsgeschwindigkeit</de>
        <en>TMC Cancela TJP610 OY including longer wear duration, colour choice, narrow wheels, increased working width and view distance</en>

    </description>
	
	<multiplayer supported="true" />
    
	<brands>
		<brand name="OY" title="OY" image="mod/brand_yogi.dds"/>
	</brands>

    <extraSourceFiles>
		<sourceFile filename="scripts/FS22_onkelyogiCategory_OY.lua" />
    </extraSourceFiles>
	
    <storeItems>
		<newStoreCategories>
			<newStoreCategory type="VEHICLE" name="onkelyogi" title="onkelyogi" image="mod/onkelyogi.dds" />
        </newStoreCategories>

        <storeItem rootNode="vehicle" xmlFilename="FS22_TMCCancelaTJP610_OY.xml"/>
    </storeItems>

</modDesc>
