<?xml version="1.0" encoding="utf-8" standalone="no"?>
<modDesc descVersion="61">
    <author>kenny456, Kyosho's Modfactory</author>
    <version>1.0.0.0</version>
    <title>
        <en>Jenz Wood Crusher</en>
    </title>
    <description>
        <en>
<![CDATA[
With this wood crusher with extendable table you can quickly turn long logs (up to 10m) to the woodchips.
- You can enter and operate wood crusher even if it is not attached to the truck (crusher is not tabbable)
- When you reach 95% capacity, an audible alarm sounds
- When capacity is full it automaticaly stops crusher and you need to unload woodchips by pipe
- Current fill level is displayed on trailer
- Removable cover
- Work lights on arm and pipe
- Always unfold wood crusher before operating log arm (otherwise it may be unstable)

Wheel configurations: Standard / Forestry / Wide tyres
Capacity: 55000 l
Price: 320000 €
Needed power: 250 HP
]]>
        </en>
        <de>
<![CDATA[
Holzhäcksler mit ausziehbarem Tisch um schnell lange Holzstämme (bis zu 10 m) zu Hackschnitzel zu häckseln.
- Sie können den Holzhäcksler auch dann betreten und bedienen, wenn er nicht am LKW befestigt ist (der Holzhäcksler ist nicht mit Tab auswählbar).
- Wenn Sie eine Kapazität von 95% erreichen, ertönt ein akustischer Alarm
- Wenn die Kapazität voll ist, stoppt der Häcksler automatisch und Sie müssen die Hackschnitzel per Rohr entladen
- Der aktuelle Füllstand wird auf dem Anhänger angezeigt
- Abnehmbare Abdeckung
- Arbeitsscheinwerfer an Arm und Rohr
- Klappen Sie den Holzhäcksler immer auf, bevor Sie den Holzarm bedienen (andernfalls kann er instabil sein).

Radkonfigurationen: Standard / Forstwirtschaft / Breitreifen
Fassungsvermögen: 55000 l
Preis: 320000 €
Benötigte Leistung: 250 PS
]]>
</de>
        <fr>
<![CDATA[
Avec ce concasseur à bois avec table extensible, vous pouvez rapidement transformer de longues bûches de bois (jusqu'à 10 m) en copeaux de bois.
- Vous pouvez entrer et faire fonctionner le concasseur à bois même s'il n'est pas attaché au camion (le concasseur n'est pas tabbable)
- Lorsque vous atteignez 95% de capacité, une alarme sonore retentit
- Lorsque la capacité est pleine, il arrête automatiquement le concasseur et vous devez décharger les copeaux de bois par tuyau
- Le niveau de remplissage actuel est affiché sur la remorque
- Housse amovible
- Phares de travail sur bras et tuyau
- Dépliez toujours le concasseur à bois avant d'utiliser le bras à bûches (sinon il peut être instable)

Configurations de roues: Standard / Foresterie / Pneus larges
Capacité: 55000 l
Prix: 320000 €
Puissance nécessaire: 250 CV
]]>
        </fr>
    </description>
    <iconFilename>icon_woodCrusher.dds</iconFilename>
    <multiplayer supported="true"/>
    <vehicleTypes>
        <type name="JenzWoodCrusher" parent="woodCrusherTrailer" className="Vehicle" filename="$dataS/scripts/vehicles/Vehicle.lua">
            <specialization name="enterable"/>
        </type>
    </vehicleTypes>
    <l10n>
        <text name="configuration_valueWheelForestry">
            <en>Forestry</en>
            <de>Forstwirtschaft</de>
        </text>
    </l10n>
    <storeItems>
        <storeItem xmlFilename="woodCrusher.xml"/>
    </storeItems>
    <brands/>
</modDesc>
