<?xml version="1.0" encoding="utf-8" standalone="no" ?>
<vehicle type="JenzWoodCrusher">
    <annotation>Copyright (C) GIANTS Software GmbH, All Rights Reserved.</annotation>
    
	<storeData>
        <name>Wood Crusher</name>
		<specs>
            <neededPower>250</neededPower>
        </specs>
        <functions>
            <function>$l10n_function_forestryWoodCrusher</function>
        </functions>
		<rotation>0</rotation>
        <image>store_woodCrusher.dds</image>
        <price>320000</price>
        <lifetime>600</lifetime>
        <brand>JENZ</brand>
        <category>wood</category>
        <vertexBufferMemoryUsage>2043128</vertexBufferMemoryUsage>
        <indexBufferMemoryUsage>311976</indexBufferMemoryUsage>
        <textureMemoryUsage>77049384</textureMemoryUsage>
        <instanceVertexBufferMemoryUsage>0</instanceVertexBufferMemoryUsage>
        <instanceIndexBufferMemoryUsage>0</instanceIndexBufferMemoryUsage>
    </storeData>
	
    <base>
        <typeDesc>$l10n_typeDesc_woodCrusher</typeDesc>
        <filename>woodCrusher.i3d</filename>
        <size width="3" length="14"/>
        <components>
            <component centerOfMass="0 0.58 -2" solverIterationCount="40" mass="15000"/>
            <component centerOfMass="0 0 0" solverIterationCount="30" mass="1500"/>
            <component centerOfMass="0 0 0" solverIterationCount="20" mass="500"/>
            <component centerOfMass="0 0 0" solverIterationCount="20" mass="500"/>
            <joint component1="1" component2="2" node="0>19|3|0|0|0|0|0" nodeActor1="1>0|0" zRotationNode="0>19|3|0|0|0|0|0|0" enableCollision="true" rotLimit="0 50 120" transLimit="0 0 0" rotDriveVelocity="0 0 0" maxRotDriveForce="0.5 0.5 0.5" transLimitSpring="6000 6000 6000" transLimitDamping="10 10 10"/>
            <joint component1="2" component2="3" node="1>1" rotLimit="0 0 0" transLimit="0 0 0" rotLimitSpring="0 0 3000" rotLimitDamping="0 0 30"/>
            <joint component1="2" component2="4" node="1>2" rotLimit="0 0 0" transLimit="0 0 0" rotLimitSpring="0 0 3000" rotLimitDamping="0 0 30"/>
            <collisionPair component1="3" component2="4" enabled="false" />
        </components>
        <schemaOverlay attacherJointPosition="0 0" name="DEFAULT_IMPLEMENT"/>
    </base>
	<wheels>
        <wheelConfigurations>
            <wheelConfiguration name="$l10n_configuration_valueDefault" price="0">
                <wheels>
                    <wheel filename="$data/shared/wheels/tires/lizard/implement/315_80R22_5.xml" isLeft="true" hasParticles="true">
                        <physics restLoad="0.9" repr="wheelLeftFront"   forcePointRatio="0.3" initialCompression="60" suspTravel="0.14" spring="65" damper="42"/>
                    </wheel>
                    <wheel filename="$data/shared/wheels/tires/lizard/implement/315_80R22_5.xml" isLeft="false" hasParticles="true">
                        <physics restLoad="0.9" repr="wheelRightFront"  forcePointRatio="0.3" initialCompression="60" suspTravel="0.14" spring="65" damper="42"/>
                    </wheel>
                    <wheel filename="$data/shared/wheels/tires/lizard/implement/315_80R22_5.xml" isLeft="true" hasTireTracks="true">
                        <physics restLoad="0.9" repr="wheelLeftMiddle"  forcePointRatio="0.3" initialCompression="60" suspTravel="0.14" spring="65" damper="42"/>
                        <wheelChock parkingNode="wheelChock01" />
                        <wheelChock parkingNode="wheelChock02" isInverted="true" />
                    </wheel>
                    <wheel filename="$data/shared/wheels/tires/lizard/implement/315_80R22_5.xml" isLeft="false" hasTireTracks="true">
                        <physics restLoad="0.9" repr="wheelRightMiddle" forcePointRatio="0.3" initialCompression="60" suspTravel="0.14" spring="65" damper="42"/>
                    </wheel>
                    <wheel filename="$data/shared/wheels/tires/lizard/implement/315_80R22_5.xml" isLeft="true" hasParticles="true">
                        <physics restLoad="0.9" repr="wheelLeftBack"    forcePointRatio="0.3" initialCompression="60" suspTravel="0.14" spring="65" damper="42"/>
                    </wheel>
                    <wheel filename="$data/shared/wheels/tires/lizard/implement/315_80R22_5.xml" isLeft="false" hasParticles="true">
                        <physics restLoad="0.9" repr="wheelRightBack"   forcePointRatio="0.3" initialCompression="60" suspTravel="0.14" spring="65" damper="42"/>
                    </wheel>
                </wheels>
                <objectChange node="wheelLeftFrontHub"   visibilityActive="false" visibilityInactive="true" />
                <objectChange node="wheelRightFrontHub"  visibilityActive="false" visibilityInactive="true" />
                <objectChange node="wheelLeftMiddleHub"  visibilityActive="false" visibilityInactive="true" />
                <objectChange node="wheelRightMiddleHub" visibilityActive="false" visibilityInactive="true" />
                <objectChange node="wheelLeftBackHub"    visibilityActive="false" visibilityInactive="true" />
                <objectChange node="wheelRightBackHub"   visibilityActive="false" visibilityInactive="true" />
            </wheelConfiguration>
			<wheelConfiguration name="$l10n_configuration_valueWheelForestry" price="1200">
                <wheels>
                    <wheel filename="$data/shared/wheels/tires/trelleborg/TwinForestry422SB/650_45R22_5.xml" isLeft="true" hasParticles="true">
                        <physics restLoad="1.0" repr="wheelLeftFront"   forcePointRatio="0.3" initialCompression="60" suspTravel="0.14" spring="65" damper="42"/>
                    </wheel>
                    <wheel filename="$data/shared/wheels/tires/trelleborg/TwinForestry422SB/650_45R22_5.xml" isLeft="false" hasParticles="true">
                        <physics restLoad="1.0" repr="wheelRightFront"  forcePointRatio="0.3" initialCompression="60" suspTravel="0.14" spring="65" damper="42"/>
                    </wheel>
                    <wheel filename="$data/shared/wheels/tires/trelleborg/TwinForestry422SB/650_45R22_5.xml" isLeft="true" hasTireTracks="true">
                        <physics restLoad="1.0" repr="wheelLeftMiddle"  forcePointRatio="0.3" initialCompression="60" suspTravel="0.14" spring="65" damper="42"/>
                        <wheelChock parkingNode="wheelChock01" />
                        <wheelChock parkingNode="wheelChock02" isInverted="true" />
                    </wheel>
                    <wheel filename="$data/shared/wheels/tires/trelleborg/TwinForestry422SB/650_45R22_5.xml" isLeft="false" hasTireTracks="true">
                        <physics restLoad="1.0" repr="wheelRightMiddle" forcePointRatio="0.3" initialCompression="60" suspTravel="0.14" spring="65" damper="42"/>
                    </wheel>
                    <wheel filename="$data/shared/wheels/tires/trelleborg/TwinForestry422SB/650_45R22_5.xml" isLeft="true" hasParticles="true">
                        <physics restLoad="1.0" repr="wheelLeftBack"    forcePointRatio="0.3" initialCompression="60" suspTravel="0.14" spring="65" damper="42"/>
                    </wheel>
                    <wheel filename="$data/shared/wheels/tires/trelleborg/TwinForestry422SB/650_45R22_5.xml" isLeft="false" hasParticles="true">
                        <physics restLoad="1.0" repr="wheelRightBack"   forcePointRatio="0.3" initialCompression="60" suspTravel="0.14" spring="65" damper="42"/>
                    </wheel>
                </wheels>
            </wheelConfiguration>
            <wheelConfiguration name="$l10n_configuration_valueWheelBroad" price="600">
                <wheels>
                    <wheel filename="$data/shared/wheels/tires/trelleborg/T404/560_45R22_5.xml" isLeft="true" hasParticles="true">
                        <physics restLoad="1.0" repr="wheelLeftFront"   forcePointRatio="0.3" initialCompression="50" suspTravel="0.14" spring="65" damper="42"/>
                    </wheel>
                    <wheel filename="$data/shared/wheels/tires/trelleborg/T404/560_45R22_5.xml" isLeft="false" hasParticles="true">
                        <physics restLoad="1.0" repr="wheelRightFront"  forcePointRatio="0.3" initialCompression="50" suspTravel="0.14" spring="65" damper="42"/>
                    </wheel>
                    <wheel filename="$data/shared/wheels/tires/trelleborg/T404/560_45R22_5.xml" isLeft="true" hasTireTracks="true">
                        <physics restLoad="1.0" repr="wheelLeftMiddle"  forcePointRatio="0.3" initialCompression="60" suspTravel="0.14" spring="65" damper="42"/>
                        <wheelChock parkingNode="wheelChock01" />
                        <wheelChock parkingNode="wheelChock02" isInverted="true" />
                    </wheel>
                    <wheel filename="$data/shared/wheels/tires/trelleborg/T404/560_45R22_5.xml" isLeft="false" hasTireTracks="true">
                        <physics restLoad="1.0" repr="wheelRightMiddle" forcePointRatio="0.3" initialCompression="60" suspTravel="0.14" spring="65" damper="42"/>
                    </wheel>
                    <wheel filename="$data/shared/wheels/tires/trelleborg/T404/560_45R22_5.xml" isLeft="true" hasParticles="true">
                        <physics restLoad="1.0" repr="wheelLeftBack"    forcePointRatio="0.3" initialCompression="80" suspTravel="0.14" spring="65" damper="42"/>
                    </wheel>
                    <wheel filename="$data/shared/wheels/tires/trelleborg/T404/560_45R22_5.xml" isLeft="false" hasParticles="true">
                        <physics restLoad="1.0" repr="wheelRightBack"   forcePointRatio="0.3" initialCompression="80" suspTravel="0.14" spring="65" damper="42"/>
                    </wheel>
                </wheels>
            </wheelConfiguration>
        </wheelConfigurations>
        <hubs>
            <hub linkNode="wheelLeftFrontHub"   filename="$data/shared/wheels/hubs/hub_n10_5.xml" isLeft="true"  scale="0.285 0.285 0.285" />
            <hub linkNode="wheelRightFrontHub"  filename="$data/shared/wheels/hubs/hub_n10_5.xml" isLeft="false" scale="0.285 0.285 0.285" />
            <hub linkNode="wheelLeftMiddleHub"  filename="$data/shared/wheels/hubs/hub_n10_5.xml" isLeft="true"  scale="0.285 0.285 0.285" />
            <hub linkNode="wheelRightMiddleHub" filename="$data/shared/wheels/hubs/hub_n10_5.xml" isLeft="false" scale="0.285 0.285 0.285" />
            <hub linkNode="wheelLeftBackHub"    filename="$data/shared/wheels/hubs/hub_n10_5.xml" isLeft="true"  scale="0.285 0.285 0.285" />
            <hub linkNode="wheelRightBackHub"   filename="$data/shared/wheels/hubs/hub_n10_5.xml" isLeft="false" scale="0.285 0.285 0.285" />
        </hubs>
    </wheels>
	<dynamicallyLoadedParts>
        <dynamicallyLoadedPart node="0" linkNode="chockSupport01" filename="$data/shared/assets/wheelChocks/wheelChockSupport01.i3d"/>
        <dynamicallyLoadedPart node="0" linkNode="chockSupport02" filename="$data/shared/assets/wheelChocks/wheelChockSupport01.i3d"/>
    </dynamicallyLoadedParts>
    <attachable>
        <inputAttacherJoints>
            <inputAttacherJoint node="0>6" jointType="semitrailer"/>
        </inputAttacherJoints>
        <support animationName="moveSupport"/>
        <brakeForce force="1" />
		<airConsumer usage="0.4" />
		<toolCameras>
            <Camera node="0>19|0|2|0" rotatable="false" useWorldXZRotation="false" useMirror="false" isInside="false" allowHeadTracking="true" />
        </toolCameras>
    </attachable>
	<lights>
        <sharedLight linkNode="rear5ChamberLight_02_left" filename="$data/shared/assets/lights/lizard/rearLight16_left.xml"/>
        <sharedLight linkNode="rear5ChamberLight_02_right" filename="$data/shared/assets/lights/lizard/rearLight16_right.xml"/>
        <sharedLight linkNode="sideMarker_03_left" filename="$data/shared/assets/lights/lizard/sideMarker03_left.xml"/>
        <sharedLight linkNode="sideMarker_03_right" filename="$data/shared/assets/lights/lizard/sideMarker03_right.xml"/>
        <sharedLight linkNode="rearLightCircleWhite_02_1" filename="$data/shared/assets/lights/lizard/rearLight22White.xml"/>
        <sharedLight linkNode="rearLightCircleWhite_02_2" filename="$data/shared/assets/lights/lizard/rearLight22White.xml"/>
        <sharedLight linkNode="sideMarker_09_1" filename="$data/shared/assets/lights/lizard/sideMarker10Orange.xml"/>
        <sharedLight linkNode="sideMarker_09_2" filename="$data/shared/assets/lights/lizard/sideMarker10Orange.xml"/>
        <sharedLight linkNode="sideMarker_09_3" filename="$data/shared/assets/lights/lizard/sideMarker10Orange.xml"/>
        <sharedLight linkNode="sideMarker_09_4" filename="$data/shared/assets/lights/lizard/sideMarker10Orange.xml"/>
        <sharedLight linkNode="sideMarker_09_5" filename="$data/shared/assets/lights/lizard/sideMarker10Orange.xml"/>
        <sharedLight linkNode="sideMarker_09_6" filename="$data/shared/assets/lights/lizard/sideMarker10Orange.xml"/>
        <sharedLight linkNode="sideMarker_09_7" filename="$data/shared/assets/lights/lizard/sideMarker10Orange.xml"/>
        <sharedLight linkNode="sideMarker_09_8" filename="$data/shared/assets/lights/lizard/sideMarker10Orange.xml"/>
        <sharedLight linkNode="sideMarker_09_9" filename="$data/shared/assets/lights/lizard/sideMarker10Orange.xml"/>
        <sharedLight linkNode="sideMarker_09_10" filename="$data/shared/assets/lights/lizard/sideMarker10Orange.xml"/>
        <sharedLight linkNode="frontLightCone_01_1" filename="$data/shared/assets/lights/lizard/frontLight02.xml"/>
        <sharedLight linkNode="frontLightCone_01_2" filename="$data/shared/assets/lights/lizard/frontLight02.xml"/>
		<defaultLights>
			<defaultLight shaderNode="0>22|4|0|2|2" lightTypes="1" />
			<defaultLight shaderNode="craneLightStatic" lightTypes="1" intensity="20" />
		</defaultLights>
        <realLights>
            <low>
                <light node="workLightPipeLow" lightTypes="2" />
				<light node="workLightBackLow"    lightTypes="2"/>
            </low>
            <high>
                <light node="workLightPipeHigh" lightTypes="1" />
				<light node="workLightBackHigh1"   lightTypes="1"/>
				<light node="backLightsHigh" lightTypes="0"/>
                <turnLightLeft node="turnLightLeftBack"/>
                <turnLightRight node="turnLightRightBack"/>
                <brakeLight node="backLightsHigh"/>
                <reverseLight node="reverseLight"/>
            </high>
        </realLights>
        <beaconLights>
            <beaconLight node="0>23|0|0|1" filename="$data/shared/assets/beaconLights/lizard/beaconLight01.xml" />
            <beaconLight node="0>23|0|1|1" filename="$data/shared/assets/beaconLights/lizard/beaconLight01.xml" />
            <beaconLight node="0>28|0|0|0|1" filename="$data/shared/assets/beaconLights/lizard/beaconLight01.xml" />
            <beaconLight node="0>28|0|0|1|1" filename="$data/shared/assets/beaconLights/lizard/beaconLight01.xml" />
        </beaconLights>
    </lights>
    <enterable isTabbable="false">
        <exitPoint node="0>20"/>
        <enterReferenceNode node="0>21"/>
		<cameras>
			<camera node="0>31|0|0" rotatable="true" rotateNode="0>31|0" limit="true" useWorldXZRotation="true" rotMinX="-1.4" rotMaxX="1" transMin="4" transMax="40">
                <raycastNode node="0>31|1"/>
                <raycastNode node="0>31|2"/>
            </camera>
            <camera node="0>19|0|2|1" rotatable="false" useWorldXZRotation="false" useMirror="false" isInside="false" allowHeadTracking="true" />
        </cameras>
    </enterable>
    <foldable>
		<foldingConfigurations>
			<foldingConfigurations>
				<foldingParts turnOnFoldMinLimit="0.9" turnOnFoldMaxLimit="1">
				<foldingPart animationName="movePillars" speedScale="1"/>
				</foldingParts>
			</foldingConfigurations>
		</foldingConfigurations>
    </foldable>
    <animations>
		<animation name="foldPipe">
            <part node="pipeNode"   startTime="0" endTime="4" startRot="0 -142.7 0" endRot="0 -1 0" />
        </animation>

        <animation name="moveSupport">
            <part node="0>7" startTime="0" endTime="0.7" startTrans="0 0.638 2.866" endTrans="0 0.1 2.866"/>
        </animation>
        <animation name="movePillars">
            <part node="0>23|0|0" startTime="6" endTime="8" startTrans="-0.726 1.048 2.606" endTrans="-1.46 1.048 2.606"/>
            <part node="0>23|0|0|0" startTime="8" endTime="10" startTrans="-0.41 -0.05 -0.002" endTrans="-0.41 -0.6 -0.002"/>
            <part node="0>23|0|1" startTime="6" endTime="8" startTrans="0.73 1.048 2.606" endTrans="1.46 1.048 2.606"/>
            <part node="0>23|0|1|0" startTime="8" endTime="10" startTrans="0.414 -0.05 -0.002" endTrans="0.414 -0.6 -0.002"/>
            <part node="0>25|0|0" startTime="6" endTime="8" startTrans="-0.726 1.048 2.606" endTrans="-1.46 1.048 2.606"/>
            <part node="0>25|0|0|0" startTime="8" endTime="10" startTrans="-0.41 -0.05 -0.002" endTrans="-0.41 -0.45 -0.002"/>
            <part node="0>25|0|1" startTime="6" endTime="8" startTrans="0.73 1.048 2.606" endTrans="1.46 1.048 2.606"/>
            <part node="0>25|0|1|0" startTime="8" endTime="10" startTrans="0.414 -0.05 -0.002" endTrans="0.414 -0.45 -0.002"/>
            <part node="0>28|0|0|0" startTime="6" endTime="8" startTrans="-0.726 1.048 2.606" endTrans="-1.46 1.048 2.606"/>
            <part node="0>28|0|0|0|0" startTime="8" endTime="10" startTrans="-0.41 -0.05 -0.002" endTrans="-0.41 -0.45 -0.002"/>
            <part node="0>28|0|0|1" startTime="6" endTime="8" startTrans="0.73 1.048 2.606" endTrans="1.46 1.048 2.606"/>
            <part node="0>28|0|0|1|0" startTime="8" endTime="10" startTrans="0.414 -0.05 -0.002" endTrans="0.414 -0.45 -0.002"/>
            <part node="0>28" startTime="0" endTime="6" startTrans="0 0 -0.37" endTrans="-0 0 -2.225"/>
        </animation>
		<animation name="toggleCover">
            <part node="0>29" startTime="0"    endTime="0.05" visibility="true" />
            <part node="0>29" startTime="0.05" endTime="0.1"  visibility="false" />
        </animation>
    </animations>
    <cylindered>
        <movingTools>
			<controlGroups>
                <controlGroup name="$l10n_controlGroup_crane" />
                <controlGroup name="$l10n_controlGroup_supportArm" />
            </controlGroups>
            <movingTool node="0>19|3" delayedNode="0>19|0" playSound="true">
                <controls groupIndex="1" axis="AXIS_CRANE_ARM" invertAxis="true" mouseSpeedFactor="0.8" iconName="CRANE_ARM1_ROTATE_Y" />
                <rotation rotSpeed="30" rotAcceleration="100" rotMax="115" rotMin="-115" startRot="0" rotationAxis="2" rotSendNumBits="11"/>
                <componentJoint index="1" anchorActor="0"/>
            </movingTool>
			<movingTool node="0>19|0">
                <dependentPart node="0>19|1|0|1|0"/>
            </movingTool>
            <movingTool node="0>19|3|0" delayedNode="0>19|0|0" playSound="true">
                <controls groupIndex="1" axis="AXIS_CRANE_ARM2" invertAxis="false" mouseSpeedFactor="0.8" iconName="CRANE_ARM2_ROTATE_X"/>
                <rotation rotSpeed="20" rotAcceleration="100" rotMax="80" rotMin="0" startRot="13" rotSendNumBits="9" />
                <componentJoint index="1" anchorActor="0"/>
            </movingTool>
			<movingTool node="0>19|0|0">
                <dependentPart node="0>19|0|0|1"/>
                <dependentPart node="0>19|1|0|1|0|0"/>
            </movingTool>
            <movingTool node="0>19|3|0|0" delayedNode="0>19|0|0|0" playSound="true">
                <controls groupIndex="1" axis="AXIS_CRANE_ARM3" invertAxis="false" mouseSpeedFactor="0.5" iconName="CRANE_ARM2_ROTATE_X"/>
                <rotation rotSpeed="30" rotAcceleration="150" rotMax="150" rotMin="-14" startRot="-14" rotSendNumBits="10"/>
                <componentJoint index="1" anchorActor="0"/>
            </movingTool>
			<movingTool node="0>19|0|0|0">
                <dependentPart node="0>19|0|0|3"/>
                <dependentPart node="0>19|1|0|1|0|0|0"/>
            </movingTool>
            <movingTool node="0>19|3|0|0|0" delayedNode="0>19|0|0|0|0" playSound="true">
                <controls groupIndex="1" axis="AXIS_CRANE_ARM4" invertAxis="false" mouseSpeedFactor="0.5" iconName="CRANE_ARM2_TRANSLATE"/>
                <translation transSpeed="0.6" transAcceleration="80" transMax="3.06581" transMin="0.79999" translationAxis="3"/>
                <componentJoint index="1" anchorActor="0"/>
				<dependentMovingTool node="0>19|3|0|0|0|0" speedScale="1" />
            </movingTool>
            <movingTool node="0>19|3|0|0|0|0" delayedNode="0>19|0|0|0|0|0">
                <translation transSpeed="0.6" transAcceleration="80" transMax="2.34704" transMin="0.08122" translationAxis="3"/>
                <componentJoint index="1" anchorActor="0"/>
            </movingTool>
			<movingTool node="0>19|0|0|0|0|0">
                <dependentPart node="0>19|1|0|1|0|0|0|0"/>
            </movingTool>
            <movingTool node="1>0" playSound="true">
                <controls groupIndex="1" axis="AXIS_CRANE_TOOL2" invertAxis="true" mouseSpeedFactor="1" iconName="GRABBER_ROTATE_Y"/>
                <rotation rotSpeed="-80" rotAcceleration="300" rotationAxis="2"/>
                <componentJoint index="1" anchorActor="1"/>
            </movingTool>
            <movingTool node="1>1" playSound="true">
                <controls groupIndex="1" axis="AXIS_CRANE_TOOL" invertAxis="true" mouseSpeedFactor="1" iconName="GRABBER_OPEN_CLOSE"/>
                <rotation rotSpeed="-80" rotAcceleration="800" rotMax="120" rotMin="0" rotationAxis="3"/>
                <componentJoint index="2" anchorActor="0"/>
				<dependentMovingTool node="1>2" speedScale="1" />
            </movingTool>
            <movingTool node="1>2" playSound="true">
                <rotation rotSpeed="80" rotAcceleration="800" rotMax="0" rotMin="-120" rotationAxis="3"/>
                <componentJoint index="3" anchorActor="0"/>
            </movingTool>
            <movingTool node="0>22|4|0" playSound="true">
                <dependentPart node="0>22|5|0"/>
            </movingTool>
            <movingTool node="0>28" playSound="true">
            </movingTool>
			
			<movingTool node="0>28|0|0|1|0" >
                <controls groupIndex="2" axis="AXIS_CRANE_ARM3" invertAxis="true" mouseSpeedFactor="1" iconName="SUPPORT_ARM_TRANSLATE_Y"/>
                <translation transSpeed="0.5" transAcceleration="10" transMax="-0.05" transMin="-0.45" translationAxis="2" startTrans="-0.196" />
                <dependentMovingTool node="0>28|0|0|0|0" speedScale="1" />
                <dependentMovingTool node="0>25|0|1|0" speedScale="1" />
                <dependentMovingTool node="0>25|0|0|0" speedScale="1" />
                <dependentMovingTool node="0>23|0|1|0" speedScale="1" />
                <dependentMovingTool node="0>23|0|0|0" speedScale="1" />
            </movingTool>
            <movingTool node="0>28|0|0|0|0" playSound="true" >
                <translation transSpeed="0.5" transAcceleration="10" transMax="-0.05" transMin="-0.45" translationAxis="2" startTrans="-0.196" />
            </movingTool>
            <movingTool node="0>25|0|1|0" playSound="true" >
                <translation transSpeed="0.5" transAcceleration="10" transMax="-0.05" transMin="-0.45" translationAxis="2" startTrans="-0.196" />
            </movingTool>
            <movingTool node="0>25|0|0|0" playSound="true" >
                <translation transSpeed="0.5" transAcceleration="10" transMax="-0.05" transMin="-0.45" translationAxis="2" startTrans="-0.196" />
            </movingTool>
            <movingTool node="0>23|0|1|0" playSound="true" >
                <translation transSpeed="0.5" transAcceleration="10" transMax="-0.05" transMin="-0.6" translationAxis="2" startTrans="-0.196" />
            </movingTool>
            <movingTool node="0>23|0|0|0" playSound="true" >
                <translation transSpeed="0.5" transAcceleration="10" transMax="-0.05" transMin="-0.6" translationAxis="2" startTrans="-0.196" />
            </movingTool>
        </movingTools>
        <movingParts>
			<!-- camera -->
			<movingPart node="0>19|0|2" referencePoint="0>19|0|0|0|0|0|3" referenceFrame="0>" invertZ="true" isActiveDirty="true" maxUpdateDistance="40"/>
			
            <movingPart node="0>19|0|0|1" referencePoint="0>19|0|1" referenceFrame="0>19|0|1">
                <translatingPart node="0>19|0|0|1|0"/>
            </movingPart>
            <movingPart node="0>19|0|0|3" referencePoint="0>19|0|0|0|1" localReferencePoint="0>19|0|0|3|0" referenceFrame="0>19|0|0|0|2">
                <dependentPart node="0>19|0|0|3|0"/>
                <dependentPart node="0>19|0|0|2"/>
            </movingPart>
            <movingPart node="0>19|0|0|3|0" referencePoint="0>19|0|0|0|1" referenceFrame="0>19|0|0|3|1" scaleZ="true"/>
            <movingPart node="0>19|0|0|2" referencePoint="0>19|0|0|3|0" referenceFrame="0>19|0|0">
                <translatingPart node="0>19|0|0|2|0"/>
                <dependentPart node="0>19|0|0|2|1"/>
                <dependentPart node="0>19|0|0|2|2"/>
            </movingPart>
            <movingPart node="0>19|0|0|2|1" referencePoint="0>19|0|0|4" referenceFrame="0>19|0|0|4" scaleZ="true"/>
            <movingPart node="0>19|0|0|2|2" referencePoint="0>19|0|0|5" referenceFrame="0>19|0|0|5" scaleZ="true"/>
            
			<movingPart node="0>19|0|0|0|0|0|1" referencePoint="1>3" referenceFrame="0>19|0|0|0|0|0|2" isActiveDirty="true" limitedAxis="1" playSound="false" maxUpdateDistance="40">
                <dependentPart node="0>19|0|0|0|0|0|1|0"/>
            </movingPart>
            <movingPart node="0>19|0|0|0|0|0|1|0" referencePoint="1>3" referenceFrame="0>19|0|0|0|0|0|1|1" limitedAxis="1" playSound="false">
                <dependentPart node="0>19|0|0|0|0|0|1|0|0|0"/>
            </movingPart>
            <movingPart node="0>19|0|0|0|0|0|1|0|0|0" referencePoint="1>3" referenceFrame="1>4" playSound="false">
                <dependentPart node="0>19|0|0|0|0|0|1|0|0|0|1|0"/>
            </movingPart>
            <movingPart node="0>19|0|0|0|0|0|1|0|0|0|1|0" referencePoint="2>3" referenceFrame="2>3" limitedAxis="1" playSound="false">
                <dependentPart node="0>19|0|0|0|0|0|1|0|0|0|0|0"/>
            </movingPart>
            <movingPart node="0>19|0|0|0|0|0|1|0|0|0|0|0" referencePoint="3>3" referenceFrame="3>3" limitedAxis="1" playSound="false">
                <dependentPart node="0>19|0|0|0|0|0|1|0|0|0|0|0|0"/>
                <dependentPart node="0>19|0|0|0|0|0|1|0|0|0|0|0|1"/>
                <dependentPart node="0>19|0|0|0|0|0|1|0|0|0|0|0|2"/>
            </movingPart>
            <movingPart node="0>19|0|0|0|0|0|1|0|0|0|0|0|0" referencePoint="0>19|0|0|0|0|0|1|0|0|0|1|0|0" referenceFrame="0>19|0|0|0|0|0|1|0|0" playSound="false">
                <translatingPart node="0>19|0|0|0|0|0|1|0|0|0|0|0|0|0"/>
            </movingPart>
            <movingPart node="0>19|0|0|0|0|0|1|0|0|0|0|0|1" referencePoint="0>19|0|0|0|0|0|1|0|0|0|1|0|1" referenceFrame="0>19|0|0|0|0|0|1|0|0" playSound="false"/>
            <movingPart node="0>19|0|0|0|0|0|1|0|0|0|0|0|2" referencePoint="0>19|0|0|0|0|0|1|0|0|0|1|0|2" referenceFrame="0>19|0|0|0|0|0|1|0|0" playSound="false"/>
            
			<movingPart node="0>19|1|0|1|0" referenceFrame="0>19|0" moveToReferenceFrame="true" isActiveDirty="false" playSound="false" maxUpdateDistance="40"/>
            <movingPart node="0>19|1|0|1|0|0" referenceFrame="0>19|0|0" moveToReferenceFrame="true" isActiveDirty="false" playSound="false" maxUpdateDistance="40"/>
            <movingPart node="0>19|1|0|1|0|0|0" referenceFrame="0>19|0|0|0" moveToReferenceFrame="true" isActiveDirty="false" playSound="false" maxUpdateDistance="40"/>
            <movingPart node="0>19|1|0|1|0|0|0|0" referenceFrame="0>19|0|0|0|0|0" moveToReferenceFrame="true" isActiveDirty="true" playSound="false" maxUpdateDistance="40"/>
            <movingPart node="0>19|1|0|1|0|0|0|0|0" referenceFrame="0>19|0|0|0|0|0|1|0|1" moveToReferenceFrame="true" isActiveDirty="true" playSound="false" maxUpdateDistance="40"/>
            <movingPart node="0>19|1|0|1|0|0|0|0|0|0" referenceFrame="0>19|0|0|0|0|0|1|0|0|0" moveToReferenceFrame="true" isActiveDirty="true" playSound="false" maxUpdateDistance="40"/>
            <movingPart node="0>19|1|0|1|0|0|0|0|0|0|0" referenceFrame="0>19|0|0|0|0|0|1|0|0|0|0|0|0" moveToReferenceFrame="true" isActiveDirty="true" playSound="false" maxUpdateDistance="40"/>
            
			<!-- pipe hydraulic -->
			<movingPart node="0>22|5|0" referencePoint="0>22|4|0|1" referenceFrame="0>22|5">
                <translatingPart node="0>22|5|0|0"/>
            </movingPart>
			<!-- drums -->
            <movingPart node="0>16|3|0" referencePoint="0>16|8|0" referenceFrame="0>16|8|0" isActiveDirty="true" playSound="false" maxUpdateDistance="40">
                <dependentPart node="0>16|3|1"/>
            </movingPart>
            <movingPart node="0>16|3|1" referencePoint="0>16|3|0|1" referenceFrame="0>16|3|0|1" playSound="false">
                <translatingPart node="0>16|3|1|0"/>
            </movingPart>
        </movingParts>
        <sounds>
            <hydraulic template="defaultHydraulicSound" linkNode="0>19|0"/>
        </sounds>
    </cylindered>
	<fillUnit>
        <fillUnitConfigurations>
            <fillUnitConfiguration>
                <fillUnits>
                    <fillUnit unitTextOverride="$l10n_unit_literShort" showOnHud="true" fillTypes="woodChips" capacity="55000" >
						<dashboard displayType="NUMBER" valueType="fillLevel" numbers="0>30|1" numberColor="1 0 0 1" precision="0" groups="MOTOR_ACTIVE"/>
                        <alarmTriggers>
                            <alarmTrigger minFillLevel="1" maxFillLevel="1" turnOffInTrigger="true"/>
                            <alarmTrigger minFillLevel="0.95" maxFillLevel="0.999" turnOffInTrigger="false">
								<alarmSound template="ROLLBELT_ALARM" linkNode="0>" />
                            </alarmTrigger>
                        </alarmTriggers>
                    </fillUnit>
                </fillUnits>
            </fillUnitConfiguration>
        </fillUnitConfigurations>
    </fillUnit>
	<fillVolume>
        <fillVolumeConfigurations>
            <fillVolumeConfiguration>
                <volumes>
                    <volume node="fillVolume" maxDelta="0.1" fillUnitIndex="1" />
                </volumes>
            </fillVolumeConfiguration>
        </fillVolumeConfigurations>

        <unloadInfos>
            <unloadInfo fillVolumeIndex="1" >
                <node node="unloadInfo" width="0.3" length="0.3" />
            </unloadInfo>
        </unloadInfos>
    </fillVolume>
	<dashboard>
        <groups>
            <group name="MOTOR_ACTIVE"   isMotorStarting="true" isMotorRunning="true"/>
        </groups>
    </dashboard>
	<pipe unloadInfoIndex="1">
        <dischargeNode index="1" />
        <states num="2" unloading="2" />
        <animation name="foldPipe" speedScale="1" />
        <unloadingTriggers>
            <unloadingTrigger node="trailerTrigger" />
        </unloadingTriggers>
    </pipe>
	<dischargeable>
        <dischargeNode node="dischargeNode" emptySpeed="1000" fillUnitIndex="1" unloadInfoIndex="1" >
            <info width="0.3" length="0.3" useRaycastHitPosition="true"/>
            <effects>
                <effectNode effectClass="PipeEffect" effectNode="pipeEffect2" materialType="pipe" materialTypeId="1" delay="0" maxBending="0.5" extraDistance="0.6"/>
            </effects>
        </dischargeNode>
    </dischargeable>
	<cover>
        <coverConfigurations>
            <coverConfiguration openCoverWhileTipping="true">
                <cover openAnimation="toggleCover" fillUnitIndices="1" />
            </coverConfiguration>
        </coverConfigurations>
    </cover>
	<turnOnVehicle turnOffIfNotAllowed="true" requiresMotorTurnOn="false"/>
	<woodCrusher automaticallyTurnOn="false" cutNode="0>16|5" cutSizeY="1" cutSizeZ="1.5" moveColDisableCollisionPairs="false" mainDrumRefNode="0>16|8|0" moveMaxForce="20" moveVelocityZ="2">
        <moveTriggers>
            <trigger node="0>16|1|3" />
            <trigger node="0>28|6" />
        </moveTriggers>
        <moveCollisions>
            <collision node="0>16|1|4" />
            <collision node="0>28|7" />
        </moveCollisions>
		<downForceNodes>
			<downForceNode node="0>16|6" force="2" />
		</downForceNodes>
        <crushEffects>
			<effectNode effectClass="ParticleEffect" effectNode="0>16|7|0" particleType="CRUSHER_WOOD"/>
            <effectNode effectClass="ParticleEffect" effectNode="0>16|7|1" particleType="CRUSHER_DUST"/>
        </crushEffects>
        <animationNodes>
            <animationNode node="0>16|3|0|0" rotSpeed="200"  rotAxis="1" />
            <animationNode node="0>16|3|2" rotSpeed="750"  rotAxis="3" />
            <animationNode node="0>16|3|3" rotSpeed="-750"  rotAxis="3" />
            <animationNode class="ScrollingAnimation" node="0>16|2"     scrollSpeed="-0.25" shaderParameterComponent="2" />
            <animationNode class="ScrollingAnimation" node="0>16|1|0" scrollSpeed="-0.25" shaderParameterComponent="2" />
            <animationNode class="ScrollingAnimation" node="0>16|1|7" scrollSpeed="-0.25" shaderParameterComponent="2" />
            <animationNode class="ScrollingAnimation" node="0>16|1|8" scrollSpeed="-0.25" shaderParameterComponent="2" />
            <animationNode class="ScrollingAnimation" node="0>28|2" scrollSpeed="-0.25" shaderParameterComponent="2" />
            <animationNode class="ScrollingAnimation" node="0>28|3" scrollSpeed="-0.25" shaderParameterComponent="2" />
        </animationNodes>
        <sounds>
            <start template="WOOD_CHIPPER_START" linkNode="0>" />
            <idle template="WOOD_CHIPPER_IDLE" linkNode="0>" />
            <work template="WOOD_CHIPPER_WORK" linkNode="0>" />
            <stop template="WOOD_CHIPPER_STOP" linkNode="0>" />
        </sounds>
    </woodCrusher>
	<wearable wearDuration="480" workMultiplier="5" fieldMultiplier="2"/>
    <washable dirtDuration="90" washDuration="1" workMultiplier="6" fieldMultiplier="2"/>
	<i3dMappings>
		<i3dMapping id="wheelLeftFront" node="0>0" />
        <i3dMapping id="wheelLeftFrontHub" node="0>0|0" />
        <i3dMapping id="wheelRightFront" node="0>1" />
        <i3dMapping id="wheelRightFrontHub" node="0>1|0" />
        <i3dMapping id="wheelLeftMiddle" node="0>2" />
        <i3dMapping id="wheelLeftMiddleHub" node="0>2|0" />
        <i3dMapping id="wheelRightMiddle" node="0>3" />
        <i3dMapping id="wheelRightMiddleHub" node="0>3|0" />
        <i3dMapping id="wheelLeftBack" node="0>4" />
        <i3dMapping id="wheelLeftBackHub" node="0>4|0" />
        <i3dMapping id="wheelRightBack" node="0>5" />
        <i3dMapping id="wheelRightBackHub" node="0>5|0" />
		<i3dMapping id="dischargeNode" node="0>22|4|0|3" />
		<i3dMapping id="pipeFlapRaycastNode" node="0>22|4|0|7" />
		<i3dMapping id="pipeEffect2" node="0>22|4|0|8|1" />
		<i3dMapping id="pipeNode" node="0>22|4|0" />
		<i3dMapping id="trailerTrigger" node="0>22|6|2" />
		<i3dMapping id="fillVolume" node="0>22|6|0" />
		<i3dMapping id="unloadInfo" node="0>22|6|1" />
		<i3dMapping id="workLightPipeLow" node="0>22|4|0|2|0" />
        <i3dMapping id="workLightPipeHigh" node="0>22|4|0|2|1" />
		<i3dMapping id="frontLightCone_01_2" node="0>8|0|0"/>
        <i3dMapping id="frontLightCone_01_1" node="0>8|0|1"/>
        <i3dMapping id="sideMarker_09_10" node="0>8|0|2"/>
        <i3dMapping id="sideMarker_09_9" node="0>8|0|3"/>
        <i3dMapping id="sideMarker_09_8" node="0>8|0|4"/>
        <i3dMapping id="sideMarker_09_7" node="0>8|0|5"/>
        <i3dMapping id="sideMarker_09_6" node="0>8|0|6"/>
        <i3dMapping id="sideMarker_09_5" node="0>8|0|7"/>
        <i3dMapping id="sideMarker_09_4" node="0>28|8|0|0"/>
        <i3dMapping id="sideMarker_09_3" node="0>28|8|0|1"/>
        <i3dMapping id="sideMarker_09_2" node="0>28|8|0|2"/>
        <i3dMapping id="sideMarker_09_1" node="0>28|8|0|3"/>
        <i3dMapping id="rearLightCircleWhite_02_1" node="0>28|8|0|4"/>
        <i3dMapping id="rearLightCircleWhite_02_2" node="0>28|8|0|5"/>
        <i3dMapping id="sideMarker_03_right" node="0>28|8|0|6"/>
        <i3dMapping id="sideMarker_03_left" node="0>28|8|0|7"/>
        <i3dMapping id="rear5ChamberLight_02_right" node="0>28|8|0|8"/>
        <i3dMapping id="rear5ChamberLight_02_left" node="0>28|8|0|9"/>
        <i3dMapping id="backLightsHigh" node="0>28|8|1"/>
        <i3dMapping id="turnLightLeftBack" node="0>28|8|2"/>
        <i3dMapping id="turnLightRightBack" node="0>28|8|3"/>
        <i3dMapping id="reverseLight" node="0>28|8|4"/>
		<i3dMapping id="craneLightStatic" node="0>19|0|0|7|0|0" />
		<i3dMapping id="workLightBackLow" node="0>19|0|0|9" />
		<i3dMapping id="workLightBackHigh1" node="0>19|0|0|10" />
		<i3dMapping id="chockSupport01" node="0>12|0"/>
        <i3dMapping id="chockSupport02" node="0>12|1"/>
        <i3dMapping id="wheelChock01" node="0>12|2"/>
        <i3dMapping id="wheelChock02" node="0>12|3"/>
	</i3dMappings>
</vehicle>