<?xml version="1.0" encoding="utf-8" standalone="no"?>
<vehicle type="trailer" xmlns:xsi="http://www.w3.org/2001/XMLSchema-instance" xsi:noNamespaceSchemaLocation="https://validation.gdn.giants-software.com/xml/fs22/vehicle.xsd">
    <annotation>Copyright (C) GIANTS Software GmbH, All Rights Reserved.</annotation>

    <storeData>
        <name>MKV 2 Universal</name>
        <specs>
            <combination filterCategory="trucks" />
            <combination xmlFilename="$data/vehicles/krampe/dolly10L/dolly10L.xml"/>
        </specs>
        <functions>
            <function>$l10n_function_usmtank</function>
        </functions>
        <image>textures/store_mkv2u.dds</image>
        <price>55000</price>
        <lifetime>1000</lifetime>
        <rotation>0</rotation>
        <brand>LIZARD</brand>
        <category>misc</category>
    </storeData>

    <base>
        <typeDesc>$l10n_typeDesc_trailer</typeDesc>
        <filename>i3d/MKV2.i3d</filename>
        <size width="3.5" length="13.5" height="4.1"/>
        <components maxMass="32000">
            <component centerOfMass="0 0.6 0" solverIterationCount="10" mass="6500"/>
        </components>
        <schemaOverlay name="IMPLEMENT" attacherJointPosition="0 0"/>
        <mapHotspot type="TRAILER" />
    </base>

    <wheels>
        <wheelConfigurations>
            <wheelConfiguration name="$l10n_configuration_valueDefault" price="0" brand="LIZARD">
                <wheels>
                    <wheel filename="$data/shared/wheels/tires/lizard/implement/315_80R22_5.xml" configId="truck2" isLeft="true" hasTireTracks="true" hasParticles="true">
                        <physics tipOcclusionAreaGroupId="1" rotSpeed="0" restLoad="0.8" repr="wheelFrontLeft" forcePointRatio="0.5" initialCompression="38" suspTravel="0.1" spring="34" damper="30" frictionScale="2"/>
                        <wheelChock parkingNode="wheelChock02"/>
                        <wheelChock parkingNode="wheelChock03" isInverted="true"/>
                    </wheel>
                    <wheel filename="$data/shared/wheels/tires/lizard/implement/315_80R22_5.xml" configId="truck2" isLeft="false" hasTireTracks="true" hasParticles="true">
                        <physics tipOcclusionAreaGroupId="1" rotSpeed="0" restLoad="0.8" repr="wheelFrontRight" forcePointRatio="0.5" initialCompression="38" suspTravel="0.1" spring="34" damper="30" frictionScale="2"/>
                    </wheel>
                    <wheel filename="$data/shared/wheels/tires/lizard/implement/315_80R22_5.xml" configId="truck2" isLeft="true" hasTireTracks="true" hasParticles="true">
                        <physics tipOcclusionAreaGroupId="1" rotSpeed="0" restLoad="0.8" repr="wheelBackLeft" forcePointRatio="0.5" initialCompression="20" suspTravel="0.1" spring="34" damper="30" frictionScale="2"/>
                    </wheel>
                    <wheel filename="$data/shared/wheels/tires/lizard/implement/315_80R22_5.xml" configId="truck2" isLeft="false" hasTireTracks="true" hasParticles="true">
                        <physics tipOcclusionAreaGroupId="1" rotSpeed="0" restLoad="0.8" repr="wheelBackRight" forcePointRatio="0.5" initialCompression="20" suspTravel="0.1" spring="34" damper="30" frictionScale="2"/>
                    </wheel>
                </wheels>
            </wheelConfiguration>
            <wheelConfiguration name="$l10n_configuration_valueWheelBroad" price="2850" brand="TRELLEBORG">
                <wheels>
                    <wheel filename="$data/shared/wheels/tires/trelleborg/T404/560_45R22_5.xml" isLeft="true" hasParticles="true">
                        <physics tipOcclusionAreaGroupId="1" restLoad="1.2" repr="wheelFrontLeft" forcePointRatio="0.5" initialCompression="35" suspTravel="0.10" spring="45" damper="50"/>
                        <wheelChock parkingNode="wheelChock02"/>
                    </wheel>
                    <wheel filename="$data/shared/wheels/tires/trelleborg/T404/560_45R22_5.xml" isLeft="false" hasParticles="true">
                        <physics tipOcclusionAreaGroupId="2" restLoad="1.2" repr="wheelFrontRight" forcePointRatio="0.5" initialCompression="35" suspTravel="0.10" spring="45" damper="50"/>
                        <wheelChock parkingNode="wheelChock03" isInverted="true"/>
                    </wheel>
                    <wheel filename="$data/shared/wheels/tires/trelleborg/T404/560_45R22_5.xml" isLeft="true" hasTireTracks="true" hasParticles="true">
                        <physics tipOcclusionAreaGroupId="1" restLoad="0.9" repr="wheelBackLeft" forcePointRatio="0.5" initialCompression="10" suspTravel="0.10" spring="45" damper="50"/>
                    </wheel>
                    <wheel filename="$data/shared/wheels/tires/trelleborg/T404/560_45R22_5.xml" isLeft="false" hasTireTracks="true" hasParticles="true">
                        <physics tipOcclusionAreaGroupId="2" restLoad="0.9" repr="wheelBackRight" forcePointRatio="0.5" initialCompression="10" suspTravel="0.10" spring="45" damper="50"/>
                    </wheel>
                </wheels>
            </wheelConfiguration>
        </wheelConfigurations>
        <hubs>
            <color0>SHARED_BLACK1</color0>
            <color1>SHARED_BLACK1</color1>
            <hub linkNode="wheelFrontLeft" filename="$data/shared/wheels/hubs/hub_n10_5.xml" isLeft="true" scale="0.335 0.335 0.335"/>
            <hub linkNode="wheelFrontRight" filename="$data/shared/wheels/hubs/hub_n10_5.xml" isLeft="false" scale="0.335 0.335 0.335"/>
            <hub linkNode="wheelBackLeft" filename="$data/shared/wheels/hubs/hub_n10_5.xml" isLeft="true" scale="0.335 0.335 0.335"/>
            <hub linkNode="wheelBackRight" filename="$data/shared/wheels/hubs/hub_n10_5.xml" isLeft="false" scale="0.335 0.335 0.335"/>
        </hubs>
        <rimColor material="8">0.98 0.98 0.98</rimColor>
    </wheels>

    <attachable>
        <airConsumer usage="50"/>
        <brakeForce force="0.7" maxForce="2" maxForceMass="34000"/>
        <inputAttacherJoints>
            <inputAttacherJoint node="attacherJoint" jointType="semitrailer" attacherHeight="1.30"/>
        </inputAttacherJoints>
        <support animationName="moveSupport"/>
    </attachable>

    <ai>
        <agentAttachment jointNode="attacherJoint" rotCenterWheelIndices="1 2 3 4" width="2.7" height="4" length="12.3" lengthOffset="2.3"/>
    </ai>

    <licensePlates>
        <licensePlate node="licensePlateBack" position="BACK" preferedType="ELONGATED" placementArea="0.06 0.26 0.09 0.26"/>
    </licensePlates>

    <connectionHoses>
        <hose diameter="0.02" inputAttacherJointIndices="1" length="1.5" minDeltaY="-0.25" node="referencePoint_nCon" straighteningFactor="2" type="electric">
            <objectChange node="cab_n" rotationActive="0 0 0" rotationInactive="-85 0 0"/>
            <objectChange node="electricMetal_nCon" visibilityActive="true" visibilityInactive="false"/>
        </hose>
        <hose diameter="0.02" inputAttacherJointIndices="1" length="1.5" minDeltaY="-0.25" node="referencePoint_aCon" straighteningFactor="2" type="electric">
            <objectChange node="cab_a" rotationActive="0 0 0" rotationInactive="-85 0 0"/>
            <objectChange node="electricMetal_aCon" visibilityActive="true" visibilityInactive="false"/>
        </hose>
        <hose diameter="0.02" inputAttacherJointIndices="1" length="1.5" minDeltaY="-0.25" node="referencePoint_abCon" straighteningFactor="2" type="electric">
            <objectChange node="cab_ab" rotationActive="0 0 0" rotationInactive="-85 0 0"/>
            <objectChange node="electric_abCon" visibilityActive="true" visibilityInactive="false"/>
        </hose>
        <hose diameter="0.02" inputAttacherJointIndices="1" length="1.5" minDeltaY="-0.25" node="referencePointConnector_redCon" straighteningFactor="2" type="airDoubleRed">
            <objectChange node="cab_red" rotationActive="0 0 0" rotationInactive="-95 0 0"/>
            <objectChange node="airRedConnector" visibilityActive="true" visibilityInactive="false"/>
        </hose>
        <hose diameter="0.02" inputAttacherJointIndices="1" length="1.5" minDeltaY="-0.25" node="referencePointConnector_yellowCon" straighteningFactor="2" type="airDoubleYellow">
            <objectChange node="cab_yellow" rotationActive="0 0 0" rotationInactive="-95 0 0"/>
            <objectChange node="airYellowConnector" visibilityActive="true" visibilityInactive="false"/>
        </hose>
    </connectionHoses>

    <lights>
        <realLights>
            <high>
                <light node="backLightsHigh1" lightTypes="0"/>
                <light node="backLightsHigh3" lightTypes="0"/>
                <light node="backLightsHigh5" lightTypes="0"/>
                <light node="licensePlateLightHigh" lightTypes="0"/>
                <turnLightLeft node="turnLightLeftBack"/>
                <turnLightRight node="turnLightRightBack"/>
                <brakeLight node="backLightsHigh1"/>
                <brakeLight node="backLightsHigh3"/>
                <reverseLight node="reverseLight"/>
            </high>
        </realLights>
        <reverseLights>
            <reverseLight shaderNode="0>0|2|4|0|0|0"/>
            <reverseLight shaderNode="0>0|2|4|1|0|0"/>
        </reverseLights>
        <sharedLight linkNode="rear3ChamberLight_03_01" filename="$data/shared/assets/lights/lizard/rearLight10_left.xml"/>
        <sharedLight linkNode="rear3ChamberLight_03_02" filename="$data/shared/assets/lights/lizard/rearLight10_right.xml"/>
        <sharedLight linkNode="rear3ChamberLight_03_03" filename="$data/shared/assets/lights/lizard/rearLight10_left.xml"/>
        <sharedLight linkNode="rear3ChamberLight_03_04" filename="$data/shared/assets/lights/lizard/rearLight10_right.xml"/>
        <sharedLight linkNode="rear3ChamberLight_03_05" filename="$data/shared/assets/lights/lizard/rearLight10_left.xml"/>
        <sharedLight linkNode="rear3ChamberLight_03_06" filename="$data/shared/assets/lights/lizard/rearLight10_right.xml"/>
        <sharedLight linkNode="rear3ChamberLight_03_07" filename="$data/shared/assets/lights/lizard/rearLight10_left.xml"/>
        <sharedLight linkNode="rear3ChamberLight_03_08" filename="$data/shared/assets/lights/lizard/rearLight10_right.xml"/>
        <sharedLight linkNode="sideMarker_03Left" filename="$data/shared/assets/lights/lizard/sideMarker03_left.xml"/>
        <sharedLight linkNode="sideMarker_03Right" filename="$data/shared/assets/lights/lizard/sideMarker03_right.xml"/>
        <sharedLight linkNode="sideMarker_07White01" filename="$data/shared/assets/lights/lizard/sideMarker08White.xml"/>
        <sharedLight linkNode="sideMarker_07White02" filename="$data/shared/assets/lights/lizard/sideMarker08White.xml"/>
        <sharedLight linkNode="sideMarker_07OrangeLeft01" filename="$data/shared/assets/lights/lizard/sideMarker08Orange.xml"/>
        <sharedLight linkNode="sideMarker_07OrangeLeft02" filename="$data/shared/assets/lights/lizard/sideMarker08Orange.xml"/>
        <sharedLight linkNode="sideMarker_07OrangeLeft03" filename="$data/shared/assets/lights/lizard/sideMarker08Orange.xml"/>
        <sharedLight linkNode="sideMarker_07OrangeRight01" filename="$data/shared/assets/lights/lizard/sideMarker08Orange.xml"/>
        <sharedLight linkNode="sideMarker_07OrangeRight02" filename="$data/shared/assets/lights/lizard/sideMarker08Orange.xml"/>
        <sharedLight linkNode="sideMarker_07OrangeRight03" filename="$data/shared/assets/lights/lizard/sideMarker08Orange.xml"/>
        <sharedLight linkNode="rearPlateNumberLight_01_01" filename="$data/shared/assets/lights/lizard/plateNumberLight01.xml"/>
        <sharedLight linkNode="rearPlateNumberLight_01_02" filename="$data/shared/assets/lights/lizard/plateNumberLight01.xml"/>
    </lights>

    <animations>
        <animation name="moveSupport">
            <part endTime="0.2" endTrans="0 -0.24 -0.387" node="support" startTime="0.0" startTrans="0 0.12 -0.387"/>
        </animation>
    </animations>

    <fillUnit>
        <fillUnitConfigurations>
            <fillUnitConfiguration name="$l10n_configuration_valueDefault" price="0">
                <fillUnits>
                    <fillUnit capacity="17000" fillTypeCategories="LIQUID SPRAYER SPREADER SLURRYTANK" unitTextOverride="$l10n_unit_literShort" allowAILoading="true">
                        <exactFillRootNode node="exactFillRootNode"/>
                    </fillUnit>
                </fillUnits>
            </fillUnitConfiguration>
            <fillUnitConfiguration name="$l10n_unit_literMiddle" price="4990">
                <fillUnits>
                    <fillUnit capacity="21000" fillTypeCategories="LIQUID SPRAYER SPREADER SLURRYTANK" unitTextOverride="$l10n_unit_literShort" allowAILoading="true">
                        <exactFillRootNode node="exactFillRootNode"/>
                    </fillUnit>
                </fillUnits>
            </fillUnitConfiguration>
            <fillUnitConfiguration name="$l10n_unit_literBig" price="8990">
                <fillUnits>
                    <fillUnit capacity="25000" fillTypeCategories="LIQUID SPRAYER SPREADER SLURRYTANK" unitTextOverride="$l10n_unit_literShort" allowAILoading="true">
                        <exactFillRootNode node="exactFillRootNode"/>
                    </fillUnit>
                </fillUnits>
            </fillUnitConfiguration>
        </fillUnitConfigurations>
    </fillUnit>

    <fillTriggerVehicle triggerNode="fillTrigger" fillUnitIndex="1" litersPerSecond="1500"/>
    <dischargeable>
        <dischargeNode node="dischargeNode" canDischargeToGround="false" emptySpeed="2000" fillUnitIndex="1" allowAIDischarge="true">
            <info length="1.0" width="2.5" zOffset="-0.4"/>
            <trigger node="dischargeTrigger"/>
        </dischargeNode>
    </dischargeable>

    <waterTrailer fillUnitIndex="1" fillLitersPerSecond="900" fillNode="mkv2_main_component1">
        <sounds>
            <refill template="DEFAULT_REFUEL_SOUND" linkNode="0>"/>
        </sounds>
    </waterTrailer>

    <foliageBending>
        <bendingNode minX="-1.25" maxX="1.25" minZ="0" maxZ="5.7" yOffset="0.8"/>
        <bendingNode minX="-1.25" maxX="1.25" minZ="-5.8" maxZ="0.1" yOffset="0.4"/>
    </foliageBending>

    <designConfigurations>
        <designConfiguration name="$l10n_design_nonAdditional" price="0">
            <objectChange node="grid" visibilityActive="false"/>
            <objectChange node="rivetDecals" visibilityActive="false"/>
        </designConfiguration>
        <designConfiguration name="$l10n_design_grid" price="500">
            <objectChange node="grid" visibilityActive="true"/>
            <objectChange node="rivetDecals" visibilityActive="false"/>
        </designConfiguration>
        <designConfiguration name="$l10n_design_rivetDecals" price="500">
            <objectChange node="grid" visibilityActive="false"/>
            <objectChange node="rivetDecals" visibilityActive="true"/>
        </designConfiguration>
        <designConfiguration name="$l10n_design_grid_rivetDecals" price="900">
            <objectChange node="grid" visibilityActive="true"/>
            <objectChange node="rivetDecals" visibilityActive="true"/>
        </designConfiguration>
    </designConfigurations>

    <baseMaterial>
        <material name="body_mat" baseNode="mkv2_vis">
            <shaderParameter material="8"  name="colorMat0" value="SHARED_WHITE2"/>
            <shaderParameter material="3"  name="colorMat1" value="SHARED_WHITE2"/>
            <shaderParameter material="3"  name="colorMat2" value="SHARED_WHITE2"/>
        </material>
    </baseMaterial>

    <baseMaterialConfigurations useDefaultColors="true" price="500">
        <baseMaterialConfiguration   name="$l10n_ui_colorStainSteel"    color="SHARED_WHITE2"          material="3"     price="150"/>
        <baseMaterialConfiguration   name="$l10n_ui_colorChrome"        color="SHARED_WHITE2"          material="2"     price="4000"   uiColor="SHARED_GREY1"/>
        <baseMaterialConfiguration   name="$l10n_ui_colorLizBlue"       color="LIZARD_BLUE1"/>
        <baseMaterialConfiguration   name="$l10n_ui_colorLizEcru"       color="LIZARD_ECRU1"/>
        <baseMaterialConfiguration   name="$l10n_ui_colorLizOlive"      color="LIZARD_OLIVE1"/>
        <baseMaterialConfiguration   name="$l10n_ui_colorLizPink"       color="LIZARD_PINK1"/>
        <baseMaterialConfiguration   name="$l10n_ui_colorLizRed"        color="LIZARD_RED1"/>
        <baseMaterialConfiguration   name="$l10n_ui_colorDeutzGreen"    color="DEUTZ_GREEN5"/>
        <baseMaterialConfiguration   name="$l10n_ui_colorDeutzGreenM"   color="DEUTZ_MATTGREEN"        material="18"    price="150"/>
        <baseMaterialConfiguration   name="$l10n_ui_colorDeutzWarrior"  color="0.01 0.01 0.01 0.01"                     price="150"/>
        <baseMaterialConfiguration   name="$l10n_ui_colorDeutzWarriorM" color="DEUTZ_BLACK2"           material="18"    price="150"/>
        <baseMaterialConfiguration   name="$l10n_ui_colorBlackMet"      color="SHARED_BLACK2"          material="3"     price="150"/>
        <baseMaterialConfiguration   name="$l10n_ui_colorNewHollBlue"   color="NEWHOLLAND_BLUE1"       material="3"     price="150"/>
        <baseMaterialConfiguration   name="$l10n_ui_colorFlieglBrown"   color="FLIEGL_BROWN1"          material="3"/>
        <baseMaterialConfiguration   name="$l10n_ui_colorBedYellow"     color="BEDNAR_YELLOW1"         material="3"     price="150"/>
        <baseMaterialConfiguration   name="$l10n_ui_colorKroneGreen"    color="KRONE_GREEN1"           material="3"     price="150"/>
        <baseMaterialConfiguration   name="$l10n_ui_colorStaraOrange"   color="STARA_ORANGE"           material="3"     price="150"/>
        <baseMaterialConfiguration   name="$l10n_ui_colorGoldhofPink"   color="GOLDHOFER_PINK1"        material="3"/>
        <baseMaterialConfiguration   name="$l10n_ui_colorLizPurple"     color="LIZARD_PURPLE1"         material="3"/>
        <baseMaterialConfiguration   name="$l10n_ui_colorCaseRed"       color="CASEIH_RED1"            material="3"     price="150"/>
        <baseMaterialConfiguration   name="$l10n_ui_colorJDYellow"      color="JOHNDEERE_YELLOW1"      material="3"     price="150"/>
        <material name="body_mat" shaderParameter="colorMat0"/>
    </baseMaterialConfigurations>

    <designMaterialConfigurations price="5000" useDefaultColors="true"  material="17" defaultColorIndex="0">
        <designMaterialConfiguration name="$l10n_ui_colorStainSteel"    color="SHARED_WHITE2"          material="3"/>
        <designMaterialConfiguration name="$l10n_ui_colorBlackMet"      color="SHARED_BLACK2"          material="3"/>
        <designMaterialConfiguration name="$l10n_ui_colorBedYellow"     color="BEDNAR_YELLOW1"         material="3"/>
        <designMaterialConfiguration name="$l10n_ui_colorLizBlue"       color="LIZARD_BLUE1"           material="3"/>
        <designMaterialConfiguration name="$l10n_ui_colorLizRed"        color="LIZARD_RED1"            material="3"/>
        <designMaterialConfiguration name="$l10n_ui_colorGoldhofPink"   color="GOLDHOFER_PINK1"        material="3"/>
        <material name="body_mat" shaderParameter="colorMat1"/>
        <material name="body_mat" shaderParameter="colorMat2"/>
    </designMaterialConfigurations>

    <rimColorConfigurations useDefaultColors="true" material="8" price="300">
        <rimColorConfiguration       name="$l10n_ui_colorSilver"        color="0.98 0.98 0.98"         material="8"/>
        <rimColorConfiguration       name="$l10n_ui_colorMAN"           color="MAN_BEIGECLASSIC"       material="8"/>
        <rimColorConfiguration       name="$l10n_ui_colorLizBlue"       color="LIZARD_BLUE1"           material="8"/>
        <rimColorConfiguration       name="$l10n_ui_colorLizEcru"       color="LIZARD_ECRU1"           material="8"/>
        <rimColorConfiguration       name="$l10n_ui_colorLizOlive"      color="LIZARD_OLIVE1"          material="8"/>
        <rimColorConfiguration       name="$l10n_ui_colorLizPink"       color="LIZARD_PINK1"           material="8"/>
        <rimColorConfiguration       name="$l10n_ui_colorLizRed"        color="LIZARD_RED1"            material="8"/>
    </rimColorConfigurations>

    <wearable wearDuration="480" workMultiplier="5" fieldMultiplier="2"/>
    <washable dirtDuration="90" washDuration="1" workMultiplier="2" fieldMultiplier="2"/>

    <i3dMappings>
        <i3dMapping id="mkv2_main_component1" node="0>"/>
        <i3dMapping id="mkv2_vis" node="0>0"/>
        <i3dMapping id="attachable" node="0>0|0"/>
        <i3dMapping id="attacherJoint" node="0>0|0|0"/>
        <i3dMapping id="wheelChocks" node="0>0|0|1"/>
        <i3dMapping id="wheelChock02" node="0>0|0|1|0"/>
        <i3dMapping id="wheelChock03" node="0>0|0|1|1"/>
        <i3dMapping id="support" node="0>0|0|2"/>
        <i3dMapping id="colPart" node="0>0|0|2|0"/>
        <i3dMapping id="linkableSockets" node="0>0|0|3"/>
        <i3dMapping id="airYellow" node="0>0|0|3|0"/>
        <i3dMapping id="referencePointConnector_yellowCon" node="0>0|0|3|0|0"/>
        <i3dMapping id="cab_yellow" node="0>0|0|3|0|1"/>
        <i3dMapping id="airYellowConnector" node="0>0|0|3|0|2"/>
        <i3dMapping id="airRed" node="0>0|0|3|1"/>
        <i3dMapping id="referencePointConnector_redCon" node="0>0|0|3|1|0"/>
        <i3dMapping id="cab_red" node="0>0|0|3|1|1"/>
        <i3dMapping id="airRedConnector" node="0>0|0|3|1|2"/>
        <i3dMapping id="electric_metal_n" node="0>0|0|3|2"/>
        <i3dMapping id="referencePoint_nCon" node="0>0|0|3|2|0"/>
        <i3dMapping id="cab_n" node="0>0|0|3|2|1"/>
        <i3dMapping id="decals_n" node="0>0|0|3|2|2"/>
        <i3dMapping id="electricMetal_nCon" node="0>0|0|3|2|3"/>
        <i3dMapping id="electric_metal_a" node="0>0|0|3|3"/>
        <i3dMapping id="referencePoint_aCon" node="0>0|0|3|3|0"/>
        <i3dMapping id="cab_a" node="0>0|0|3|3|1"/>
        <i3dMapping id="decals_a" node="0>0|0|3|3|2"/>
        <i3dMapping id="electricMetal_aCon" node="0>0|0|3|3|3"/>
        <i3dMapping id="electric_ab" node="0>0|0|3|4"/>
        <i3dMapping id="referencePoint_abCon" node="0>0|0|3|4|0"/>
        <i3dMapping id="cab_ab" node="0>0|0|3|4|1"/>
        <i3dMapping id="decals_ab" node="0>0|0|3|4|2"/>
        <i3dMapping id="electric_abCon" node="0>0|0|3|4|3"/>
        <i3dMapping id="wheels" node="0>0|1"/>
        <i3dMapping id="wheelFrontLeft" node="0>0|1|0"/>
        <i3dMapping id="wheelFrontRight" node="0>0|1|1"/>
        <i3dMapping id="wheelBackLeft" node="0>0|1|2"/>
        <i3dMapping id="wheelBackRight" node="0>0|1|3"/>
        <i3dMapping id="lights" node="0>0|2"/>
        <i3dMapping id="sharedLights" node="0>0|2|0"/>
        <i3dMapping id="rear3ChamberLight_03_01" node="0>0|2|0|0"/>
        <i3dMapping id="rear3ChamberLight_03_02" node="0>0|2|0|1"/>
        <i3dMapping id="sideMarker_03Left" node="0>0|2|0|2"/>
        <i3dMapping id="sideMarker_03Right" node="0>0|2|0|3"/>
        <i3dMapping id="sideMarker_07White01" node="0>0|2|0|4"/>
        <i3dMapping id="sideMarker_07White02" node="0>0|2|0|5"/>
        <i3dMapping id="sideMarker_07OrangeLeft01" node="0>0|2|0|6"/>
        <i3dMapping id="sideMarker_07OrangeLeft02" node="0>0|2|0|7"/>
        <i3dMapping id="sideMarker_07OrangeLeft03" node="0>0|2|0|8"/>
        <i3dMapping id="sideMarker_07OrangeRight01" node="0>0|2|0|9"/>
        <i3dMapping id="sideMarker_07OrangeRight02" node="0>0|2|0|10"/>
        <i3dMapping id="sideMarker_07OrangeRight03" node="0>0|2|0|11"/>
        <i3dMapping id="rear3ChamberLight_03_03" node="0>0|2|0|12"/>
        <i3dMapping id="rear3ChamberLight_03_04" node="0>0|2|0|13"/>
        <i3dMapping id="rear3ChamberLight_03_05" node="0>0|2|0|14"/>
        <i3dMapping id="rear3ChamberLight_03_06" node="0>0|2|0|15"/>
        <i3dMapping id="rear3ChamberLight_03_07" node="0>0|2|0|16"/>
        <i3dMapping id="rear3ChamberLight_03_08" node="0>0|2|0|17"/>
        <i3dMapping id="rearPlateNumberLight_01_01" node="0>0|2|0|18"/>
        <i3dMapping id="rearPlateNumberLight_01_02" node="0>0|2|0|19"/>
        <i3dMapping id="backLights" node="0>0|2|1"/>
        <i3dMapping id="backLightsHigh1" node="0>0|2|1|0"/>
        <i3dMapping id="backLightsHigh2" node="0>0|2|1|0|0"/>
        <i3dMapping id="backLightsHigh3" node="0>0|2|1|1"/>
        <i3dMapping id="backLightsHigh4" node="0>0|2|1|1|0"/>
        <i3dMapping id="backLightsHigh5" node="0>0|2|1|2"/>
        <i3dMapping id="backLightsHigh" node="0>0|2|1|2|0"/>
        <i3dMapping id="licensePlateLightHigh" node="0>0|2|1|3"/>
        <i3dMapping id="turnLights" node="0>0|2|2"/>
        <i3dMapping id="turnLightLeftBack" node="0>0|2|2|0"/>
        <i3dMapping id="turnLightRightBack" node="0>0|2|2|1"/>
        <i3dMapping id="reverseLights" node="0>0|2|3"/>
        <i3dMapping id="reverseLight" node="0>0|2|3|0"/>
        <i3dMapping id="StaticreverseLights" node="0>0|2|4"/>
        <i3dMapping id="workingLightSquare_03_01" node="0>0|2|4|0"/>
        <i3dMapping id="workingLightSquare_03" node="0>0|2|4|0|0"/>
        <i3dMapping id="glass_static" node="0>0|2|4|0|0|0"/>
        <i3dMapping id="innerPartStatic" node="0>0|2|4|0|0|1"/>
        <i3dMapping id="workingLightSquare_03_02" node="0>0|2|4|1"/>
        <i3dMapping id="workingLightSquare_03" node="0>0|2|4|1|0"/>
        <i3dMapping id="glass_static" node="0>0|2|4|1|0|0"/>
        <i3dMapping id="innerPartStatic" node="0>0|2|4|1|0|1"/>
        <i3dMapping id="fillUnit" node="0>0|3"/>
        <i3dMapping id="exactFillRootNode" node="0>0|3|0"/>
        <i3dMapping id="fillTrigger" node="0>0|3|1"/>
        <i3dMapping id="dischargeNode" node="0>0|3|2"/>
        <i3dMapping id="dischargeTrigger" node="0>0|3|3"/>
        <i3dMapping id="visuals" node="0>0|4"/>
        <i3dMapping id="grid" node="0>0|4|0"/>
        <i3dMapping id="rivetDecals" node="0>0|4|1"/>
        <i3dMapping id="licensePlateBack" node="0>0|4|2"/>
    </i3dMappings>
</vehicle>